action_id,target_id,class,authorization,result
AUD-118-001,scripts/EXECUTION_SPEC.md,GENERIC_CURRENT_EXECUTION_SPEC_REPAIR,DEEP_AUDIT,PASS
AUD-118-002,stale/semantic scanner,GENERIC_CURRENT_DOC_ROLE_ENFORCEMENT,DEEP_AUDIT,PASS
AUD-117-INHERITED,current semantic metadata/release-scope/no-regression-ledger repair,PROTECTED_INHERITED_BASELINE,NO_CHANGE,PASS
AUD-116-INHERITED,current build self-contained sibling runners + dependency gate,PROTECTED_INHERITED_BASELINE,NO_CHANGE,PASS
AUD-115-INHERITED,active-report exact line coverage,PROTECTED_INHERITED_BASELINE,NO_CHANGE,PASS
V101114-INHERITED,prefreeze runtime/SW evidence integration,PROTECTED_INHERITED_BASELINE,NO_CHANGE,PASS
V101113-INHERITED,root QA metadata correction,PROTECTED_INHERITED_BASELINE,NO_CHANGE,PASS
V101112-INHERITED,H3 + H22 user-confirmed corrections,PROTECTED_INHERITED_BASELINE,NO_CHANGE,PASS
RA19E2-INHERITED,10 authorised speaker/presentation actions,PROTECTED_INHERITED_BASELINE,NO_CHANGE,PASS
