path,line,line_text,status,evidence
reports/FOUR_PASS_FINAL_PACKAGE_RECONCILIATION.md,1,# v101.130 Four-pass Final Package / Metadata / Evidence Reconciliation,PASS,report heading/current identity
reports/FOUR_PASS_FINAL_PACKAGE_RECONCILIATION.md,3,- Predecessor: immutable `v101.129` / `8160f3133eb6d486c2109ea34911dfb13382c08d9f03883e2117cab90f01f6f0` / 551 members.,PASS,baseline exact
reports/FOUR_PASS_FINAL_PACKAGE_RECONCILIATION.md,4,- Trigger: fresh adversarial four-pass audit of v101.129 found release-engineering/documentary defects while all rerun functional/runtime matrices remained PASS.,PASS,fresh audit findings bind separately
reports/FOUR_PASS_FINAL_PACKAGE_RECONCILIATION.md,5,- Functional change in v101.130: **none** beyond release identity/cache binding.,PASS,protected authority byte parity
reports/FOUR_PASS_FINAL_PACKAGE_RECONCILIATION.md,6,- Canonical devotional text changes: **0**. Speaker/span/topology/continuity/user-state authority changes: **0**.,PASS,protected authority byte parity
reports/FOUR_PASS_FINAL_PACKAGE_RECONCILIATION.md,7,- Repair A: stale v101.125–v101.129 root reports are reclassified under explicit `reports/historical/v.../` namespaces.,PASS,reports root + historical dirs
reports/FOUR_PASS_FINAL_PACKAGE_RECONCILIATION.md,8,"- Repair B: stale current metadata authorities (`scope_escalation_authority`, `full_build_overlay_manifest`) are archived under explicit historical metadata namespaces and replaced with v101.130 current authorities.",PASS,metadata current/historical paths
reports/FOUR_PASS_FINAL_PACKAGE_RECONCILIATION.md,9,- Repair C: current release-status semantics no longer claim a permanently pending final-reopen state; post-freeze reopen/meta-audit/decision evidence is external and exact-ZIP-SHA-bound.,PASS,version/lifecycle
reports/FOUR_PASS_FINAL_PACKAGE_RECONCILIATION.md,10,- The eight user-validated v101.129 quote/host-sentence topology operations remain unchanged and protected.,PASS,v101129 topology parity
reports/FOUR_PASS_FINAL_PACKAGE_RECONCILIATION.md,11,- Physical-device/PWA/offline/screen-reader/live-origin validation remains external.,PASS,version external gates
