route_type,route_id,surface,renderer_family,record_id,source_offset,source_char,source_codepoint,display,action,dom_class,first_visible_exists,first_visible_offset,first_visible_char,first_visible_width,exclusion_reason
hour,13,meditationContent,display_segment,PASSION24.HOUR.13.P011,310,M,U+004D,inline,,para-seg,False,,,,NON_BLOCK_MARKER
hour,3,meditationContent,display_segment,PASSION24.HOUR.03.P012,593,Ô,U+00D4,inline,,para-seg,False,,,,NON_BLOCK_MARKER
library,PASSION24.TEXT.PART_III_DIVINE_PASSION,library,ldc_intra_break,PASSION24.TEXT.PART_III_DIVINE_PASSION.BODY.P144,54,r,U+0072,inline,preserve_break,ldc-visual-paragraph-break ldc-ra18-boundary ldc-ra18-preserve_break,True,54,r,,NON_BLOCK_MARKER
library,PASSION24.TEXT.PART_III_DIVINE_PASSION,library,ldc_intra_break,PASSION24.TEXT.PART_III_DIVINE_PASSION.BODY.P145,21,s,U+0073,inline,preserve_break,ldc-visual-paragraph-break ldc-ra18-boundary ldc-ra18-preserve_break,True,21,s,,NON_BLOCK_MARKER
library,PASSION24.TEXT.PART_III_DIVINE_PASSION,library,ldc_intra_break,PASSION24.TEXT.PART_III_DIVINE_PASSION.BODY.P149,324,i,U+0069,inline,preserve_break,ldc-visual-paragraph-break ldc-ra18-boundary ldc-ra18-preserve_break,True,324,i,,NON_BLOCK_MARKER
library,PASSION24.TEXT.PART_III_DIVINE_PASSION,library,ldc_intra_break,PASSION24.TEXT.PART_III_DIVINE_PASSION.BODY.P149,359,i,U+0069,inline,preserve_break,ldc-visual-paragraph-break ldc-ra18-boundary ldc-ra18-preserve_break,True,359,i,,NON_BLOCK_MARKER
library,PASSION24.TEXT.PART_III_DIVINE_PASSION,library,ldc_intra_break,PASSION24.TEXT.PART_III_DIVINE_PASSION.BODY.P157,64,d,U+0064,inline,preserve_break,ldc-visual-paragraph-break ldc-ra18-boundary ldc-ra18-preserve_break,True,64,d,,NON_BLOCK_MARKER
library,PASSION24.TEXT.PART_III_DIVINE_PASSION,library,ldc_intra_break,PASSION24.TEXT.PART_III_DIVINE_PASSION.BODY.P157,93,a,U+0061,inline,preserve_break,ldc-visual-paragraph-break ldc-ra18-boundary ldc-ra18-preserve_break,True,93,a,,NON_BLOCK_MARKER
library,PASSION24.TEXT.PART_III_DIVINE_PASSION,library,ldc_intra_break,PASSION24.TEXT.PART_III_DIVINE_PASSION.BODY.P166,83,M,U+004D,inline,preserve_break,ldc-visual-paragraph-break ldc-ra18-boundary ldc-ra18-preserve_break,True,83,M,,NON_BLOCK_MARKER
library,PASSION24.TEXT.PART_III_DIVINE_PASSION,library,ldc_intra_break,PASSION24.TEXT.PART_III_DIVINE_PASSION.BODY.P180,133,p,U+0070,inline,preserve_break,ldc-visual-paragraph-break ldc-ra18-boundary ldc-ra18-preserve_break,True,133,p,,NON_BLOCK_MARKER
library,PASSION24.TEXT.PART_III_DIVINE_PASSION,library,ldc_intra_break,PASSION24.TEXT.PART_III_DIVINE_PASSION.BODY.P181,99,à,U+00E0,inline,preserve_break,ldc-visual-paragraph-break ldc-ra18-boundary ldc-ra18-preserve_break,True,99,à,,NON_BLOCK_MARKER
library,PASSION24.TEXT.PART_III_DIVINE_PASSION,library,ldc_intra_break,PASSION24.TEXT.PART_III_DIVINE_PASSION.BODY.P181,179,l,U+006C,inline,preserve_break,ldc-visual-paragraph-break ldc-ra18-boundary ldc-ra18-preserve_break,True,179,l,,NON_BLOCK_MARKER
library,PASSION24.TEXT.PART_III_MARY_SORROWS,library,ldc_intra_break,PASSION24.TEXT.PART_III_MARY_SORROWS.BODY.P036,34,f,U+0066,inline,preserve_break,ldc-visual-paragraph-break ldc-ra18-boundary ldc-ra18-preserve_break,True,34,f,,NON_BLOCK_MARKER
library,PASSION24.TEXT.PART_III_MARY_SORROWS,library,ldc_intra_break,PASSION24.TEXT.PART_III_MARY_SORROWS.BODY.P036,74,e,U+0065,inline,preserve_break,ldc-visual-paragraph-break ldc-ra18-boundary ldc-ra18-preserve_break,True,74,e,,NON_BLOCK_MARKER
library,PASSION24.TEXT.PART_III_MARY_SORROWS,library,ldc_intra_break,PASSION24.TEXT.PART_III_MARY_SORROWS.BODY.P036,181,c,U+0063,inline,preserve_break,ldc-visual-paragraph-break ldc-ra18-boundary ldc-ra18-preserve_break,True,181,c,,NON_BLOCK_MARKER
library,PASSION24.TEXT.PROMISES_BENEFITS,library,ldc_intra_break,PASSION24.TEXT.PROMISES_BENEFITS.BODY.P097,323,m,U+006D,inline,preserve_break,ldc-visual-paragraph-break ldc-ra18-boundary ldc-ra18-preserve_break,True,323,m,,NON_BLOCK_MARKER
library,PASSION24.TEXT.PROMISES_BENEFITS,library,ldc_intra_break,PASSION24.TEXT.PROMISES_BENEFITS.BODY.P176,58,u,U+0075,inline,preserve_break,ldc-visual-paragraph-break ldc-ra18-boundary ldc-ra18-preserve_break,True,58,u,,NON_BLOCK_MARKER
library,PASSION24.TEXT.PROMISES_BENEFITS,library,ldc_intra_break,PASSION24.TEXT.PROMISES_BENEFITS.BODY.P176,142,u,U+0075,inline,preserve_break,ldc-visual-paragraph-break ldc-ra18-boundary ldc-ra18-preserve_break,True,142,u,,NON_BLOCK_MARKER
library,PASSION24.TEXT.RELATED_HOUR_03,library,ldc_cross_record,,,,,inline,preserve_break,ldc-visual-paragraph-break ldc-ra18-boundary ldc-ra18-preserve_break,False,,,,NON_BLOCK_MARKER
library,PASSION24.TEXT.RELATED_HOUR_03,library,ldc_cross_record,,,,,inline,preserve_break,ldc-visual-paragraph-break ldc-ra18-boundary ldc-ra18-preserve_break,False,,,,NON_BLOCK_MARKER
library,PASSION24.TEXT.RELATED_HOUR_03,library,ldc_cross_record,,,,,inline,preserve_break,ldc-visual-paragraph-break ldc-ra18-boundary ldc-ra18-preserve_break,False,,,,NON_BLOCK_MARKER
library,PASSION24.TEXT.RELATED_HOUR_03,library,ldc_intra_break,PASSION24.TEXT.RELATED_HOUR_03.BODY.P006,83,n,U+006E,inline,preserve_break,ldc-visual-paragraph-break ldc-ra18-boundary ldc-ra18-preserve_break,True,83,n,,NON_BLOCK_MARKER
library,PASSION24.TEXT.RELATED_HOUR_03,library,ldc_intra_break,PASSION24.TEXT.RELATED_HOUR_03.BODY.P006,103,m,U+006D,inline,preserve_break,ldc-visual-paragraph-break ldc-ra18-boundary ldc-ra18-preserve_break,True,103,m,,NON_BLOCK_MARKER
library,PASSION24.TEXT.RELATED_HOUR_04,library,ldc_intra_break,PASSION24.TEXT.RELATED_HOUR_04.BODY.P097,777,d,U+0064,inline,preserve_break,ldc-visual-paragraph-break ldc-ra18-boundary ldc-ra18-preserve_break,True,777,d,,NON_BLOCK_MARKER
library,PASSION24.TEXT.RELATED_HOUR_04,library,ldc_intra_break,PASSION24.TEXT.RELATED_HOUR_04.BODY.P104,27,l,U+006C,inline,preserve_break,ldc-visual-paragraph-break ldc-ra18-boundary ldc-ra18-preserve_break,True,27,l,,NON_BLOCK_MARKER
library,PASSION24.TEXT.RELATED_HOUR_04,library,ldc_intra_break,PASSION24.TEXT.RELATED_HOUR_04.BODY.P106,27,e,U+0065,inline,preserve_break,ldc-visual-paragraph-break ldc-ra18-boundary ldc-ra18-preserve_break,True,27,e,,NON_BLOCK_MARKER
library,PASSION24.TEXT.RELATED_HOUR_04,library,ldc_intra_break,PASSION24.TEXT.RELATED_HOUR_04.BODY.P127,428,p,U+0070,inline,preserve_break,ldc-visual-paragraph-break ldc-ra18-boundary ldc-ra18-preserve_break,True,428,p,,NON_BLOCK_MARKER
library,PASSION24.TEXT.RELATED_HOUR_04,library,ldc_intra_break,PASSION24.TEXT.RELATED_HOUR_04.BODY.P128,40,n,U+006E,inline,preserve_break,ldc-visual-paragraph-break ldc-ra18-boundary ldc-ra18-preserve_break,True,40,n,,NON_BLOCK_MARKER
library,PASSION24.TEXT.RELATED_HOUR_04,library,ldc_intra_break,PASSION24.TEXT.RELATED_HOUR_04.BODY.P155,103,l,U+006C,inline,preserve_break,ldc-visual-paragraph-break ldc-ra18-boundary ldc-ra18-preserve_break,True,103,l,,NON_BLOCK_MARKER
library,PASSION24.TEXT.RELATED_HOUR_04,library,ldc_intra_break,PASSION24.TEXT.RELATED_HOUR_04.BODY.P156,144,l,U+006C,inline,preserve_break,ldc-visual-paragraph-break ldc-ra18-boundary ldc-ra18-preserve_break,True,144,l,,NON_BLOCK_MARKER
library,PASSION24.TEXT.RELATED_HOUR_05,library,ldc_intra_break,PASSION24.TEXT.RELATED_HOUR_05.BODY.P019,200,l,U+006C,inline,preserve_break,ldc-visual-paragraph-break ldc-ra18-boundary ldc-ra18-preserve_break,True,200,l,,NON_BLOCK_MARKER
library,PASSION24.TEXT.RELATED_HOUR_06,library,ldc_intra_break,PASSION24.TEXT.RELATED_HOUR_06.BODY.P013,348,u,U+0075,inline,preserve_break,ldc-visual-paragraph-break ldc-ra18-boundary ldc-ra18-preserve_break,True,348,u,,NON_BLOCK_MARKER
library,PASSION24.TEXT.RELATED_HOUR_06,library,ldc_intra_break,PASSION24.TEXT.RELATED_HOUR_06.BODY.P013,449,a,U+0061,inline,preserve_break,ldc-visual-paragraph-break ldc-ra18-boundary ldc-ra18-preserve_break,True,449,a,,NON_BLOCK_MARKER
library,PASSION24.TEXT.RELATED_HOUR_06,library,ldc_intra_break,PASSION24.TEXT.RELATED_HOUR_06.BODY.P023,423,à,U+00E0,inline,preserve_break,ldc-visual-paragraph-break ldc-ra18-boundary ldc-ra18-preserve_break,True,423,à,,NON_BLOCK_MARKER
library,PASSION24.TEXT.RELATED_HOUR_06,library,ldc_intra_break,PASSION24.TEXT.RELATED_HOUR_06.BODY.P024,116,e,U+0065,inline,preserve_break,ldc-visual-paragraph-break ldc-ra18-boundary ldc-ra18-preserve_break,True,116,e,,NON_BLOCK_MARKER
library,PASSION24.TEXT.RELATED_HOUR_07,library,ldc_intra_break,PASSION24.TEXT.RELATED_HOUR_07.BODY.P016,98,a,U+0061,inline,preserve_break,ldc-visual-paragraph-break ldc-ra18-boundary ldc-ra18-preserve_break,True,98,a,,NON_BLOCK_MARKER
library,PASSION24.TEXT.RELATED_HOUR_07,library,ldc_intra_break,PASSION24.TEXT.RELATED_HOUR_07.BODY.P020,53,d,U+0064,inline,preserve_break,ldc-visual-paragraph-break ldc-ra18-boundary ldc-ra18-preserve_break,True,53,d,,NON_BLOCK_MARKER
library,PASSION24.TEXT.RELATED_HOUR_07,library,ldc_intra_break,PASSION24.TEXT.RELATED_HOUR_07.BODY.P021,77,M,U+004D,inline,preserve_break,ldc-visual-paragraph-break ldc-ra18-boundary ldc-ra18-preserve_break,True,77,M,,NON_BLOCK_MARKER
library,PASSION24.TEXT.RELATED_HOUR_07,library,ldc_intra_break,PASSION24.TEXT.RELATED_HOUR_07.BODY.P022,58,M,U+004D,inline,preserve_break,ldc-visual-paragraph-break ldc-ra18-boundary ldc-ra18-preserve_break,True,58,M,,NON_BLOCK_MARKER
library,PASSION24.TEXT.RELATED_HOUR_07,library,ldc_intra_break,PASSION24.TEXT.RELATED_HOUR_07.BODY.P022,75,M,U+004D,inline,preserve_break,ldc-visual-paragraph-break ldc-ra18-boundary ldc-ra18-preserve_break,True,75,M,,NON_BLOCK_MARKER
library,PASSION24.TEXT.RELATED_HOUR_07,library,ldc_intra_break,PASSION24.TEXT.RELATED_HOUR_07.BODY.P022,132,M,U+004D,inline,preserve_break,ldc-visual-paragraph-break ldc-ra18-boundary ldc-ra18-preserve_break,True,132,M,,NON_BLOCK_MARKER
library,PASSION24.TEXT.RELATED_HOUR_07,library,ldc_intra_break,PASSION24.TEXT.RELATED_HOUR_07.BODY.P022,168,a,U+0061,inline,preserve_break,ldc-visual-paragraph-break ldc-ra18-boundary ldc-ra18-preserve_break,True,168,a,,NON_BLOCK_MARKER
library,PASSION24.TEXT.RELATED_HOUR_07,library,ldc_intra_break,PASSION24.TEXT.RELATED_HOUR_07.BODY.P028,289,a,U+0061,inline,preserve_break,ldc-visual-paragraph-break ldc-ra18-boundary ldc-ra18-preserve_break,True,289,a,,NON_BLOCK_MARKER
library,PASSION24.TEXT.RELATED_HOUR_07,library,ldc_intra_break,PASSION24.TEXT.RELATED_HOUR_07.BODY.P028,325,e,U+0065,inline,preserve_break,ldc-visual-paragraph-break ldc-ra18-boundary ldc-ra18-preserve_break,True,325,e,,NON_BLOCK_MARKER
library,PASSION24.TEXT.RELATED_HOUR_07,library,ldc_intra_break,PASSION24.TEXT.RELATED_HOUR_07.BODY.P039,381,p,U+0070,inline,preserve_break,ldc-visual-paragraph-break ldc-ra18-boundary ldc-ra18-preserve_break,True,381,p,,NON_BLOCK_MARKER
library,PASSION24.TEXT.RELATED_HOUR_08,library,ldc_intra_break,PASSION24.TEXT.RELATED_HOUR_08.BODY.P008,279,c,U+0063,inline,preserve_break,ldc-visual-paragraph-break ldc-ra18-boundary ldc-ra18-preserve_break,True,279,c,,NON_BLOCK_MARKER
library,PASSION24.TEXT.RELATED_HOUR_08,library,ldc_intra_break,PASSION24.TEXT.RELATED_HOUR_08.BODY.P040,63,s,U+0073,inline,preserve_break,ldc-visual-paragraph-break ldc-ra18-boundary ldc-ra18-preserve_break,True,63,s,,NON_BLOCK_MARKER
library,PASSION24.TEXT.RELATED_HOUR_13,library,ldc_intra_break,PASSION24.TEXT.RELATED_HOUR_13.BODY.P027,53,l,U+006C,inline,preserve_break,ldc-visual-paragraph-break ldc-ra18-boundary ldc-ra18-preserve_break,True,53,l,,NON_BLOCK_MARKER
library,PASSION24.TEXT.RELATED_HOUR_13,library,ldc_intra_break,PASSION24.TEXT.RELATED_HOUR_13.BODY.P031,195,q,U+0071,inline,preserve_break,ldc-visual-paragraph-break ldc-ra18-boundary ldc-ra18-preserve_break,True,195,q,,NON_BLOCK_MARKER
library,PASSION24.TEXT.RELATED_HOUR_13,library,ldc_intra_break,PASSION24.TEXT.RELATED_HOUR_13.BODY.P035,97,t,U+0074,inline,preserve_break,ldc-visual-paragraph-break ldc-ra18-boundary ldc-ra18-preserve_break,True,97,t,,NON_BLOCK_MARKER
library,PASSION24.TEXT.RELATED_HOUR_13,library,ldc_intra_break,PASSION24.TEXT.RELATED_HOUR_13.BODY.P036,108,e,U+0065,inline,preserve_break,ldc-visual-paragraph-break ldc-ra18-boundary ldc-ra18-preserve_break,True,108,e,,NON_BLOCK_MARKER
library,PASSION24.TEXT.RELATED_HOUR_13,library,ldc_intra_break,PASSION24.TEXT.RELATED_HOUR_13.BODY.P038,62,s,U+0073,inline,preserve_break,ldc-visual-paragraph-break ldc-ra18-boundary ldc-ra18-preserve_break,True,62,s,,NON_BLOCK_MARKER
library,PASSION24.TEXT.RELATED_HOUR_13,library,ldc_intra_break,PASSION24.TEXT.RELATED_HOUR_13.BODY.P039,107,t,U+0074,inline,preserve_break,ldc-visual-paragraph-break ldc-ra18-boundary ldc-ra18-preserve_break,True,107,t,,NON_BLOCK_MARKER
library,PASSION24.TEXT.RELATED_HOUR_14,library,ldc_intra_break,PASSION24.TEXT.RELATED_HOUR_14.BODY.P011,98,d,U+0064,inline,preserve_break,ldc-visual-paragraph-break ldc-ra18-boundary ldc-ra18-preserve_break,True,98,d,,NON_BLOCK_MARKER
library,PASSION24.TEXT.RELATED_HOUR_15,library,ldc_intra_break,PASSION24.TEXT.RELATED_HOUR_15.BODY.P018,196,M,U+004D,inline,preserve_break,ldc-visual-paragraph-break ldc-ra18-boundary ldc-ra18-preserve_break,True,196,M,,NON_BLOCK_MARKER
library,PASSION24.TEXT.RELATED_HOUR_15,library,ldc_intra_break,PASSION24.TEXT.RELATED_HOUR_15.BODY.P018,231,M,U+004D,inline,preserve_break,ldc-visual-paragraph-break ldc-ra18-boundary ldc-ra18-preserve_break,True,231,M,,NON_BLOCK_MARKER
library,PASSION24.TEXT.RELATED_HOUR_15,library,ldc_intra_break,PASSION24.TEXT.RELATED_HOUR_15.BODY.P020,43,à,U+00E0,inline,preserve_break,ldc-visual-paragraph-break ldc-ra18-boundary ldc-ra18-preserve_break,True,43,à,,NON_BLOCK_MARKER
library,PASSION24.TEXT.RELATED_HOUR_15,library,ldc_intra_break,PASSION24.TEXT.RELATED_HOUR_15.BODY.P021,85,q,U+0071,inline,preserve_break,ldc-visual-paragraph-break ldc-ra18-boundary ldc-ra18-preserve_break,True,85,q,,NON_BLOCK_MARKER
library,PASSION24.TEXT.RELATED_HOUR_15,library,ldc_intra_break,PASSION24.TEXT.RELATED_HOUR_15.BODY.P021,237,r,U+0072,inline,preserve_break,ldc-visual-paragraph-break ldc-ra18-boundary ldc-ra18-preserve_break,True,237,r,,NON_BLOCK_MARKER
library,PASSION24.TEXT.RELATED_HOUR_15,library,ldc_intra_break,PASSION24.TEXT.RELATED_HOUR_15.BODY.P022,68,l,U+006C,inline,preserve_break,ldc-visual-paragraph-break ldc-ra18-boundary ldc-ra18-preserve_break,True,68,l,,NON_BLOCK_MARKER
library,PASSION24.TEXT.RELATED_HOUR_15,library,ldc_intra_break,PASSION24.TEXT.RELATED_HOUR_15.BODY.P026,70,i,U+0069,inline,preserve_break,ldc-visual-paragraph-break ldc-ra18-boundary ldc-ra18-preserve_break,True,70,i,,NON_BLOCK_MARKER
library,PASSION24.TEXT.RELATED_HOUR_15,library,ldc_intra_break,PASSION24.TEXT.RELATED_HOUR_15.BODY.P027,168,a,U+0061,inline,preserve_break,ldc-visual-paragraph-break ldc-ra18-boundary ldc-ra18-preserve_break,True,168,a,,NON_BLOCK_MARKER
library,PASSION24.TEXT.RELATED_HOUR_15,library,ldc_intra_break,PASSION24.TEXT.RELATED_HOUR_15.BODY.P029,84,q,U+0071,inline,preserve_break,ldc-visual-paragraph-break ldc-ra18-boundary ldc-ra18-preserve_break,True,84,q,,NON_BLOCK_MARKER
library,PASSION24.TEXT.RELATED_HOUR_15,library,ldc_intra_break,PASSION24.TEXT.RELATED_HOUR_15.BODY.P030,28,q,U+0071,inline,preserve_break,ldc-visual-paragraph-break ldc-ra18-boundary ldc-ra18-preserve_break,True,28,q,,NON_BLOCK_MARKER
library,PASSION24.TEXT.RELATED_HOUR_15,library,ldc_intra_break,PASSION24.TEXT.RELATED_HOUR_15.BODY.P052,464,M,U+004D,inline,preserve_break,ldc-visual-paragraph-break ldc-ra18-boundary ldc-ra18-preserve_break,True,464,M,,NON_BLOCK_MARKER
library,PASSION24.TEXT.RELATED_HOUR_15,library,ldc_intra_break,PASSION24.TEXT.RELATED_HOUR_15.BODY.P052,486,M,U+004D,inline,preserve_break,ldc-visual-paragraph-break ldc-ra18-boundary ldc-ra18-preserve_break,True,486,M,,NON_BLOCK_MARKER
library,PASSION24.TEXT.RELATED_HOUR_15,library,ldc_intra_break,PASSION24.TEXT.RELATED_HOUR_15.BODY.P062,318,m,U+006D,inline,preserve_break,ldc-visual-paragraph-break ldc-ra18-boundary ldc-ra18-preserve_break,True,318,m,,NON_BLOCK_MARKER
library,PASSION24.TEXT.RELATED_HOUR_15,library,ldc_intra_break,PASSION24.TEXT.RELATED_HOUR_15.BODY.P062,370,p,U+0070,inline,preserve_break,ldc-visual-paragraph-break ldc-ra18-boundary ldc-ra18-preserve_break,True,370,p,,NON_BLOCK_MARKER
library,PASSION24.TEXT.RELATED_HOUR_15,library,ldc_intra_break,PASSION24.TEXT.RELATED_HOUR_15.BODY.P077,78,à,U+00E0,inline,preserve_break,ldc-visual-paragraph-break ldc-ra18-boundary ldc-ra18-preserve_break,True,78,à,,NON_BLOCK_MARKER
library,PASSION24.TEXT.RELATED_HOUR_15,library,ldc_intra_break,PASSION24.TEXT.RELATED_HOUR_15.BODY.P077,209,e,U+0065,inline,preserve_break,ldc-visual-paragraph-break ldc-ra18-boundary ldc-ra18-preserve_break,True,209,e,,NON_BLOCK_MARKER
library,PASSION24.TEXT.RELATED_HOUR_15,library,ldc_intra_break,PASSION24.TEXT.RELATED_HOUR_15.BODY.P082,221,m,U+006D,inline,preserve_break,ldc-visual-paragraph-break ldc-ra18-boundary ldc-ra18-preserve_break,True,221,m,,NON_BLOCK_MARKER
library,PASSION24.TEXT.RELATED_HOUR_15,library,ldc_intra_break,PASSION24.TEXT.RELATED_HOUR_15.BODY.P092,41,l,U+006C,inline,preserve_break,ldc-visual-paragraph-break ldc-ra18-boundary ldc-ra18-preserve_break,True,41,l,,NON_BLOCK_MARKER
library,PASSION24.TEXT.RELATED_HOUR_15,library,ldc_intra_break,PASSION24.TEXT.RELATED_HOUR_15.BODY.P092,80,l,U+006C,inline,preserve_break,ldc-visual-paragraph-break ldc-ra18-boundary ldc-ra18-preserve_break,True,80,l,,NON_BLOCK_MARKER
library,PASSION24.TEXT.RELATED_HOUR_16,library,ldc_intra_break,PASSION24.TEXT.RELATED_HOUR_16.BODY.P012,262,l,U+006C,inline,preserve_break,ldc-visual-paragraph-break ldc-ra18-boundary ldc-ra18-preserve_break,True,262,l,,NON_BLOCK_MARKER
library,PASSION24.TEXT.RELATED_HOUR_16,library,ldc_intra_break,PASSION24.TEXT.RELATED_HOUR_16.BODY.P012,480,c,U+0063,inline,preserve_break,ldc-visual-paragraph-break ldc-ra18-boundary ldc-ra18-preserve_break,True,480,c,,NON_BLOCK_MARKER
library,PASSION24.TEXT.RELATED_HOUR_16,library,ldc_intra_break,PASSION24.TEXT.RELATED_HOUR_16.BODY.P013,260,e,U+0065,inline,preserve_break,ldc-visual-paragraph-break ldc-ra18-boundary ldc-ra18-preserve_break,True,260,e,,NON_BLOCK_MARKER
library,PASSION24.TEXT.RELATED_HOUR_16,library,ldc_intra_break,PASSION24.TEXT.RELATED_HOUR_16.BODY.P038,69,e,U+0065,inline,preserve_break,ldc-visual-paragraph-break ldc-ra18-boundary ldc-ra18-preserve_break,True,69,e,,NON_BLOCK_MARKER
library,PASSION24.TEXT.RELATED_HOUR_16,library,ldc_intra_break,PASSION24.TEXT.RELATED_HOUR_16.BODY.P044,72,d,U+0064,inline,preserve_break,ldc-visual-paragraph-break ldc-ra18-boundary ldc-ra18-preserve_break,True,72,d,,NON_BLOCK_MARKER
library,PASSION24.TEXT.RELATED_HOUR_16,library,ldc_intra_break,PASSION24.TEXT.RELATED_HOUR_16.BODY.P063,99,i,U+0069,inline,preserve_break,ldc-visual-paragraph-break ldc-ra18-boundary ldc-ra18-preserve_break,True,99,i,,NON_BLOCK_MARKER
library,PASSION24.TEXT.RELATED_HOUR_16,library,ldc_intra_break,PASSION24.TEXT.RELATED_HOUR_16.BODY.P074,104,e,U+0065,inline,preserve_break,ldc-visual-paragraph-break ldc-ra18-boundary ldc-ra18-preserve_break,True,104,e,,NON_BLOCK_MARKER
library,PASSION24.TEXT.RELATED_HOUR_16,library,ldc_intra_break,PASSION24.TEXT.RELATED_HOUR_16.BODY.P075,44,d,U+0064,inline,preserve_break,ldc-visual-paragraph-break ldc-ra18-boundary ldc-ra18-preserve_break,True,44,d,,NON_BLOCK_MARKER
library,PASSION24.TEXT.RELATED_HOUR_16,library,ldc_intra_break,PASSION24.TEXT.RELATED_HOUR_16.BODY.P075,152,p,U+0070,inline,preserve_break,ldc-visual-paragraph-break ldc-ra18-boundary ldc-ra18-preserve_break,True,152,p,,NON_BLOCK_MARKER
library,PASSION24.TEXT.RELATED_HOUR_16,library,ldc_intra_break,PASSION24.TEXT.RELATED_HOUR_16.BODY.P082,183,p,U+0070,inline,preserve_break,ldc-visual-paragraph-break ldc-ra18-boundary ldc-ra18-preserve_break,True,183,p,,NON_BLOCK_MARKER
library,PASSION24.TEXT.RELATED_HOUR_18,library,ldc_intra_break,PASSION24.TEXT.RELATED_HOUR_18.BODY.P028,59,d,U+0064,inline,preserve_break,ldc-visual-paragraph-break ldc-ra18-boundary ldc-ra18-preserve_break,True,59,d,,NON_BLOCK_MARKER
library,PASSION24.TEXT.RELATED_HOUR_19,library,ldc_intra_break,PASSION24.TEXT.RELATED_HOUR_19.BODY.P066,132,d,U+0064,inline,preserve_break,ldc-visual-paragraph-break ldc-ra18-boundary ldc-ra18-preserve_break,True,132,d,,NON_BLOCK_MARKER
library,PASSION24.TEXT.RELATED_HOUR_21,library,ldc_intra_break,PASSION24.TEXT.RELATED_HOUR_21.BODY.P116,59,p,U+0070,inline,preserve_break,ldc-visual-paragraph-break ldc-ra18-boundary ldc-ra18-preserve_break,True,59,p,,NON_BLOCK_MARKER
library,PASSION24.TEXT.RELATED_HOUR_21,library,ldc_intra_break,PASSION24.TEXT.RELATED_HOUR_21.BODY.P116,79,p,U+0070,inline,preserve_break,ldc-visual-paragraph-break ldc-ra18-boundary ldc-ra18-preserve_break,True,79,p,,NON_BLOCK_MARKER
library,PASSION24.TEXT.RELATED_HOUR_21,library,ldc_intra_break,PASSION24.TEXT.RELATED_HOUR_21.BODY.P116,315,t,U+0074,inline,preserve_break,ldc-visual-paragraph-break ldc-ra18-boundary ldc-ra18-preserve_break,True,315,t,,NON_BLOCK_MARKER
library,PASSION24.TEXT.RELATED_HOUR_21,library,ldc_intra_break,PASSION24.TEXT.RELATED_HOUR_21.BODY.P116,349,l,U+006C,inline,preserve_break,ldc-visual-paragraph-break ldc-ra18-boundary ldc-ra18-preserve_break,True,349,l,,NON_BLOCK_MARKER
library,PASSION24.TEXT.RELATED_HOUR_22,library,ldc_intra_break,PASSION24.TEXT.RELATED_HOUR_22.BODY.P055,48,J,U+004A,inline,preserve_break,ldc-visual-paragraph-break ldc-ra18-boundary ldc-ra18-preserve_break,True,48,J,,NON_BLOCK_MARKER
library,PASSION24.TEXT.RELATED_HOUR_23,library,ldc_intra_break,PASSION24.TEXT.RELATED_HOUR_23.BODY.P039,209,e,U+0065,inline,preserve_break,ldc-visual-paragraph-break ldc-ra18-boundary ldc-ra18-preserve_break,True,209,e,,NON_BLOCK_MARKER
library,PASSION24.TEXT.RELATED_HOUR_24,library,ldc_intra_break,PASSION24.TEXT.RELATED_HOUR_24.BODY.P057,193,s,U+0073,inline,preserve_break,ldc-visual-paragraph-break ldc-ra18-boundary ldc-ra18-preserve_break,True,193,s,,NON_BLOCK_MARKER
library,PASSION24.TEXT.RELATED_HOUR_24,library,ldc_intra_break,PASSION24.TEXT.RELATED_HOUR_24.BODY.P057,233,s,U+0073,inline,preserve_break,ldc-visual-paragraph-break ldc-ra18-boundary ldc-ra18-preserve_break,True,233,s,,NON_BLOCK_MARKER
library,PASSION24.TEXT.RELATED_HOUR_24,library,ldc_intra_break,PASSION24.TEXT.RELATED_HOUR_24.BODY.P060,512,d,U+0064,inline,preserve_break,ldc-visual-paragraph-break ldc-ra18-boundary ldc-ra18-preserve_break,True,512,d,,NON_BLOCK_MARKER
library,PASSION24.TEXT.RELATED_HOUR_24,library,ldc_intra_break,PASSION24.TEXT.RELATED_HOUR_24.BODY.P069,258,l,U+006C,inline,preserve_break,ldc-visual-paragraph-break ldc-ra18-boundary ldc-ra18-preserve_break,True,258,l,,NON_BLOCK_MARKER
library,PASSION24.TEXT.RELATED_HOUR_24,library,ldc_intra_break,PASSION24.TEXT.RELATED_HOUR_24.BODY.P069,289,c,U+0063,inline,preserve_break,ldc-visual-paragraph-break ldc-ra18-boundary ldc-ra18-preserve_break,True,289,c,,NON_BLOCK_MARKER
library,PASSION24.TEXT.RELATED_HOUR_24,library,ldc_intra_break,PASSION24.TEXT.RELATED_HOUR_24.BODY.P069,410,c,U+0063,inline,preserve_break,ldc-visual-paragraph-break ldc-ra18-boundary ldc-ra18-preserve_break,True,410,c,,NON_BLOCK_MARKER
library,PASSION24.TEXT.RELATED_HOUR_24,library,ldc_intra_break,PASSION24.TEXT.RELATED_HOUR_24.BODY.P070,40,c,U+0063,inline,preserve_break,ldc-visual-paragraph-break ldc-ra18-boundary ldc-ra18-preserve_break,True,40,c,,NON_BLOCK_MARKER
library,PASSION24.TEXT.RELATED_HOUR_24,library,ldc_intra_break,PASSION24.TEXT.RELATED_HOUR_24.BODY.P085,113,p,U+0070,inline,preserve_break,ldc-visual-paragraph-break ldc-ra18-boundary ldc-ra18-preserve_break,True,113,p,,NON_BLOCK_MARKER
library,PASSION24.TEXT.RELATED_HOUR_24,library,ldc_intra_break,PASSION24.TEXT.RELATED_HOUR_24.BODY.P086,64,s,U+0073,inline,preserve_break,ldc-visual-paragraph-break ldc-ra18-boundary ldc-ra18-preserve_break,True,64,s,,NON_BLOCK_MARKER
library,PASSION24.TEXT.RELATED_HOUR_24,library,ldc_intra_break,PASSION24.TEXT.RELATED_HOUR_24.BODY.P086,491,q,U+0071,inline,preserve_break,ldc-visual-paragraph-break ldc-ra18-boundary ldc-ra18-preserve_break,True,491,q,,NON_BLOCK_MARKER
library,PASSION24.TEXT.SHARED_T09_1910_07_04_AGONY_CROSS_LAST_BREATH,library,ldc_intra_break,PASSION24.TEXT.SHARED_T09_1910_07_04_AGONY_CROSS_LAST_BREATH.BODY.P017,34,l,U+006C,inline,preserve_break,ldc-visual-paragraph-break ldc-ra18-boundary ldc-ra18-preserve_break,True,34,l,,NON_BLOCK_MARKER
section,PASSION24.SECTION.BENEFITS,section,ldc_intra_break,PASSION24.SECTION.BENEFITS.P102,323,m,U+006D,inline,preserve_break,ldc-visual-paragraph-break ldc-ra18-boundary ldc-ra18-preserve_break,True,323,m,,NON_BLOCK_MARKER
section,PASSION24.SECTION.BENEFITS,section,ldc_intra_break,PASSION24.SECTION.BENEFITS.P181,58,u,U+0075,inline,preserve_break,ldc-visual-paragraph-break ldc-ra18-boundary ldc-ra18-preserve_break,True,58,u,,NON_BLOCK_MARKER
section,PASSION24.SECTION.BENEFITS,section,ldc_intra_break,PASSION24.SECTION.BENEFITS.P181,142,u,U+0075,inline,preserve_break,ldc-visual-paragraph-break ldc-ra18-boundary ldc-ra18-preserve_break,True,142,u,,NON_BLOCK_MARKER
library,PASSION24.TEXT.RELATED_HOUR_01,library,speech_presentation_break,PASSION24.TEXT.RELATED_HOUR_01.BODY.P047,317,»,U+00BB,block,,speech-end-visual-break speech-presentation-visual-break,False,,,,NO_VISIBLE_CONTENT_AFTER_LOCAL_BOUNDARY
library,PASSION24.TEXT.RELATED_HOUR_06,library,speech_presentation_break,PASSION24.TEXT.RELATED_HOUR_06.BODY.P011,69, ,U+0020,block,,speech-end-visual-break speech-presentation-visual-break,False,,,,NO_VISIBLE_CONTENT_AFTER_LOCAL_BOUNDARY
library,PASSION24.TEXT.RELATED_HOUR_13,library,speech_presentation_break,PASSION24.TEXT.RELATED_HOUR_13.BODY.P013,162,»,U+00BB,block,,speech-end-visual-break speech-presentation-visual-break,False,,,,NO_VISIBLE_CONTENT_AFTER_LOCAL_BOUNDARY
library,PASSION24.TEXT.RELATED_HOUR_22,library,speech_presentation_break,PASSION24.TEXT.RELATED_HOUR_22.BODY.P066,67, ,U+0020,block,,speech-end-visual-break speech-presentation-visual-break,False,,,,NO_VISIBLE_CONTENT_AFTER_LOCAL_BOUNDARY
library,PASSION24.TEXT.RELATED_HOUR_22,library,speech_presentation_break,PASSION24.TEXT.RELATED_HOUR_22.BODY.P076,153, ,U+0020,block,,speech-end-visual-break speech-presentation-visual-break,False,,,,NO_VISIBLE_CONTENT_AFTER_LOCAL_BOUNDARY
