record_id,source_offset,measurements,pass_measurements,fail_measurements,max_abs_dx_px,max_space_width_px,profiles,font_sizes,status
PASSION24.HOUR.01.P008,110,25,25,0,0.0,0.0,5,5,PASS
PASSION24.HOUR.01.P014,119,25,25,0,0.0,0.0,5,5,PASS
PASSION24.HOUR.02.P014,203,25,25,0,0.0,0.0,5,5,PASS
PASSION24.HOUR.02.P015,147,25,25,0,0.0,0.0,5,5,PASS
PASSION24.HOUR.04.P034,113,25,25,0,0.0,0.0,5,5,PASS
PASSION24.HOUR.04.P065,93,25,25,0,0.0,0.0,5,5,PASS
PASSION24.HOUR.05.REF.P005,142,25,25,0,0.0,0.0,5,5,PASS
PASSION24.HOUR.06.P012,106,25,25,0,0.0,0.0,5,5,PASS
PASSION24.HOUR.07.P007,165,25,25,0,0.0,0.0,5,5,PASS
PASSION24.HOUR.07.P015,147,25,25,0,0.0,0.0,5,5,PASS
PASSION24.HOUR.07.P030,22,25,25,0,0.0,0.0,5,5,PASS
PASSION24.HOUR.07.P125,128,25,25,0,0.0,0.0,5,5,PASS
PASSION24.HOUR.08.P007,111,25,25,0,0.0,0.0,5,5,PASS
PASSION24.HOUR.08.P008,42,25,25,0,0.0,0.0,5,5,PASS
PASSION24.HOUR.08.P009,93,25,25,0,0.0,0.0,5,5,PASS
PASSION24.HOUR.08.P009,210,25,25,0,0.0,0.0,5,5,PASS
PASSION24.HOUR.08.P014,34,25,25,0,0.0,0.0,5,5,PASS
PASSION24.HOUR.09.P010,147,25,25,0,0.0,0.0,5,5,PASS
PASSION24.HOUR.10.P002,206,25,25,0,0.0,0.0,5,5,PASS
PASSION24.HOUR.11.P010,141,25,25,0,0.0,0.0,5,5,PASS
PASSION24.HOUR.11.P021,251,25,25,0,0.0,0.0,5,5,PASS
PASSION24.HOUR.15.P005,162,25,25,0,0.0,0.0,5,5,PASS
PASSION24.HOUR.16.P015,103,25,25,0,0.0,0.0,5,5,PASS
PASSION24.HOUR.16.P028,76,25,25,0,0.0,0.0,5,5,PASS
PASSION24.HOUR.16.P045,193,25,25,0,0.0,0.0,5,5,PASS
PASSION24.HOUR.17.P014,47,25,25,0,0.0,0.0,5,5,PASS
PASSION24.HOUR.17.P044,293,25,25,0,0.0,0.0,5,5,PASS
PASSION24.HOUR.18.P002,61,25,25,0,0.0,0.0,5,5,PASS
PASSION24.HOUR.18.P031,156,25,25,0,0.0,0.0,5,5,PASS
PASSION24.HOUR.18.P113,148,25,25,0,0.0,0.0,5,5,PASS
PASSION24.HOUR.19.P018,95,25,25,0,0.0,0.0,5,5,PASS
PASSION24.HOUR.19.P126,145,25,25,0,0.0,0.0,5,5,PASS
PASSION24.HOUR.19.P137,119,25,25,0,0.0,0.0,5,5,PASS
PASSION24.HOUR.19.P165,150,25,25,0,0.0,0.0,5,5,PASS
PASSION24.HOUR.20.P010,63,25,25,0,0.0,0.0,5,5,PASS
PASSION24.HOUR.21.P023,137,25,25,0,0.0,0.0,5,5,PASS
PASSION24.HOUR.21.P027,216,25,25,0,0.0,0.0,5,5,PASS
PASSION24.HOUR.21.P068,86,25,25,0,0.0,0.0,5,5,PASS
PASSION24.HOUR.22.P006,160,25,25,0,0.0,0.0,5,5,PASS
PASSION24.HOUR.22.P022,23,25,25,0,0.0,0.0,5,5,PASS
PASSION24.HOUR.24.DESOL.P014,119,25,25,0,0.0,0.0,5,5,PASS
PASSION24.HOUR.24.DESOL.P027,79,25,25,0,0.0,0.0,5,5,PASS
PASSION24.HOUR.24.DESOL.P037,62,25,25,0,0.0,0.0,5,5,PASS
PASSION24.SECTION.BENEFITS.P102,195,25,25,0,0.0,0.0,5,5,PASS
PASSION24.SECTION.BENEFITS.P116,217,25,25,0,0.0,0.0,5,5,PASS
PASSION24.SECTION.BENEFITS.P122,78,25,25,0,0.0,0.0,5,5,PASS
PASSION24.SECTION.BENEFITS.P136,157,25,25,0,0.0,0.0,5,5,PASS
PASSION24.SECTION.BENEFITS.P149,140,25,25,0,0.0,0.0,5,5,PASS
PASSION24.TEXT.PART_III_MARY_SORROWS.BODY.P212,70,25,25,0,0.0,0.0,5,5,PASS
PASSION24.TEXT.PROMISES_BENEFITS.BODY.P097,195,25,25,0,0.0,0.0,5,5,PASS
PASSION24.TEXT.PROMISES_BENEFITS.BODY.P111,217,25,25,0,0.0,0.0,5,5,PASS
PASSION24.TEXT.PROMISES_BENEFITS.BODY.P117,78,25,25,0,0.0,0.0,5,5,PASS
PASSION24.TEXT.PROMISES_BENEFITS.BODY.P131,157,25,25,0,0.0,0.0,5,5,PASS
PASSION24.TEXT.PROMISES_BENEFITS.BODY.P144,140,25,25,0,0.0,0.0,5,5,PASS
PASSION24.TEXT.RELATED_HOUR_06.BODY.P033,111,25,25,0,0.0,0.0,5,5,PASS
PASSION24.TEXT.RELATED_HOUR_06.BODY.P036,121,25,25,0,0.0,0.0,5,5,PASS
PASSION24.TEXT.RELATED_HOUR_07.BODY.P036,43,25,25,0,0.0,0.0,5,5,PASS
PASSION24.TEXT.RELATED_HOUR_10.BODY.P009,268,25,25,0,0.0,0.0,5,5,PASS
PASSION24.TEXT.RELATED_HOUR_13.BODY.P039,422,25,25,0,0.0,0.0,5,5,PASS
PASSION24.TEXT.RELATED_HOUR_14.BODY.P019,66,25,25,0,0.0,0.0,5,5,PASS
PASSION24.TEXT.RELATED_HOUR_15.BODY.P109,426,25,25,0,0.0,0.0,5,5,PASS
PASSION24.TEXT.RELATED_HOUR_16.BODY.P047,140,25,25,0,0.0,0.0,5,5,PASS
PASSION24.TEXT.RELATED_HOUR_16.BODY.P096,250,25,25,0,0.0,0.0,5,5,PASS
PASSION24.TEXT.RELATED_HOUR_17.BODY.P032,102,25,25,0,0.0,0.0,5,5,PASS
PASSION24.TEXT.RELATED_HOUR_17.BODY.P050,51,25,25,0,0.0,0.0,5,5,PASS
PASSION24.TEXT.RELATED_HOUR_17.BODY.P051,90,25,25,0,0.0,0.0,5,5,PASS
PASSION24.TEXT.RELATED_HOUR_17.BODY.P054,203,25,25,0,0.0,0.0,5,5,PASS
PASSION24.TEXT.RELATED_HOUR_17.BODY.P057,95,25,25,0,0.0,0.0,5,5,PASS
PASSION24.TEXT.RELATED_HOUR_17.BODY.P058,50,25,25,0,0.0,0.0,5,5,PASS
PASSION24.TEXT.RELATED_HOUR_18.BODY.P072,274,25,25,0,0.0,0.0,5,5,PASS
PASSION24.TEXT.RELATED_HOUR_19.BODY.P067,151,25,25,0,0.0,0.0,5,5,PASS
PASSION24.TEXT.RELATED_HOUR_19.BODY.P074,317,25,25,0,0.0,0.0,5,5,PASS
PASSION24.TEXT.RELATED_HOUR_20.BODY.P015,105,25,25,0,0.0,0.0,5,5,PASS
PASSION24.TEXT.RELATED_HOUR_20.BODY.P023,108,25,25,0,0.0,0.0,5,5,PASS
PASSION24.TEXT.RELATED_HOUR_20.BODY.P024,313,25,25,0,0.0,0.0,5,5,PASS
PASSION24.TEXT.RELATED_HOUR_20.BODY.P028,413,25,25,0,0.0,0.0,5,5,PASS
PASSION24.TEXT.RELATED_HOUR_21.BODY.P059,94,25,25,0,0.0,0.0,5,5,PASS
PASSION24.TEXT.RELATED_HOUR_21.BODY.P073,260,25,25,0,0.0,0.0,5,5,PASS
PASSION24.TEXT.RELATED_HOUR_21.BODY.P090,282,25,25,0,0.0,0.0,5,5,PASS
PASSION24.TEXT.RELATED_HOUR_24.BODY.P010,369,25,25,0,0.0,0.0,5,5,PASS
PASSION24.TEXT.RELATED_HOUR_24.BODY.P017,217,25,25,0,0.0,0.0,5,5,PASS
PASSION24.TEXT.RELATED_HOUR_24.BODY.P022,218,25,25,0,0.0,0.0,5,5,PASS
