path,line,line_text,line_type,status,evidence_type,evidence_path,evidence_detail
reports/HOUR24_PRODUCT_CONTRACT.md,1,# Hour 24 end-of-cycle product contract — v101.122,STRUCTURE,PASS,STRUCTURE,SELF:reports/HOUR24_PRODUCT_CONTRACT.md,document/table structure; no execution result asserted
reports/HOUR24_PRODUCT_CONTRACT.md,3,## Hours 1–23,STRUCTURE,PASS,STRUCTURE,SELF:reports/HOUR24_PRODUCT_CONTRACT.md,document/table structure; no execution result asserted
reports/HOUR24_PRODUCT_CONTRACT.md,4,Preserve: Réflexion et pratique · Approfondir · Revenir au début · Prier l’Heure suivante.,CLAIM,PASS,PRODUCT_CONTRACT,index.html::buildHourEndActions/buildHour24CyclePanel/getProgressSnapshot,implemented product contract verified by 16-state and 70-check UX matrices
reports/HOUR24_PRODUCT_CONTRACT.md,5,No cycle-management buttons.,CLAIM,PASS,PRODUCT_CONTRACT,index.html::buildHourEndActions/buildHour24CyclePanel/getProgressSnapshot,implemented product contract verified by 16-state and 70-check UX matrices
reports/HOUR24_PRODUCT_CONTRACT.md,7,## Hour 24 — Hour-level actions,STRUCTURE,PASS,STRUCTURE,SELF:reports/HOUR24_PRODUCT_CONTRACT.md,document/table structure; no execution result asserted
reports/HOUR24_PRODUCT_CONTRACT.md,8,Always show: Réflexion et pratique · Approfondir · Revenir au début.,CLAIM,PASS,PRODUCT_CONTRACT,index.html::buildHourEndActions/buildHour24CyclePanel/getProgressSnapshot,implemented product contract verified by 16-state and 70-check UX matrices
reports/HOUR24_PRODUCT_CONTRACT.md,10,## Hour 24 — incomplete cycle,STRUCTURE,PASS,STRUCTURE,SELF:reports/HOUR24_PRODUCT_CONTRACT.md,document/table structure; no execution result asserted
reports/HOUR24_PRODUCT_CONTRACT.md,11,Condition: `getProgressSnapshot().complete === false`.,CLAIM,PASS,PRODUCT_CONTRACT,index.html::buildHourEndActions/buildHour24CyclePanel/getProgressSnapshot,implemented product contract verified by 16-state and 70-check UX matrices
reports/HOUR24_PRODUCT_CONTRACT.md,12,"Show `VOTRE PARCOURS`, `X/24 Heures marquées comme méditées`, `Voir ma progression`, `Revoir les Heures méditées`.",CLAIM,PASS,PRODUCT_CONTRACT,index.html::buildHourEndActions/buildHour24CyclePanel/getProgressSnapshot,implemented product contract verified by 16-state and 70-check UX matrices
reports/HOUR24_PRODUCT_CONTRACT.md,13,No restart/reset button and no completion claim.,CLAIM,PASS,PRODUCT_CONTRACT,index.html::buildHourEndActions/buildHour24CyclePanel/getProgressSnapshot,implemented product contract verified by 16-state and 70-check UX matrices
reports/HOUR24_PRODUCT_CONTRACT.md,15,## Hour 24 — complete cycle,STRUCTURE,PASS,STRUCTURE,SELF:reports/HOUR24_PRODUCT_CONTRACT.md,document/table structure; no execution result asserted
reports/HOUR24_PRODUCT_CONTRACT.md,16,Condition: `getProgressSnapshot().complete === true`.,CLAIM,PASS,PRODUCT_CONTRACT,index.html::buildHourEndActions/buildHour24CyclePanel/getProgressSnapshot,implemented product contract verified by 16-state and 70-check UX matrices
reports/HOUR24_PRODUCT_CONTRACT.md,17,"Show `LE CYCLE DES 24 HEURES EST ACCOMPLI`, `24/24 Heures marquées comme méditées`, `Recommencer depuis la 1re Heure`, `Voir ma progression`, `Revoir les Heures méditées`.",CLAIM,PASS,PRODUCT_CONTRACT,index.html::buildHourEndActions/buildHour24CyclePanel/getProgressSnapshot,implemented product contract verified by 16-state and 70-check UX matrices
reports/HOUR24_PRODUCT_CONTRACT.md,19,## Completion semantics,STRUCTURE,PASS,STRUCTURE,SELF:reports/HOUR24_PRODUCT_CONTRACT.md,document/table structure; no execution result asserted
reports/HOUR24_PRODUCT_CONTRACT.md,20,Being on Hour 24 is not cycle completion. Cycle completion is exactly 24/24 explicit Méditée states. No Hour is automatically marked Méditée.,CLAIM,PASS,PRODUCT_CONTRACT,index.html::buildHourEndActions/buildHour24CyclePanel/getProgressSnapshot,implemented product contract verified by 16-state and 70-check UX matrices
reports/HOUR24_STATE_MATRIX.csv,1,"state_id,current_hour,meditated_count,complete,expected_cycle_panel,restart_visible",STRUCTURE,PASS,STRUCTURE,SELF:reports/HOUR24_STATE_MATRIX.csv,document/table structure; no execution result asserted
reports/HOUR24_STATE_MATRIX.csv,2,"P01,1-23,any,any,NONE,NO",CLAIM,PASS,STATE_MATRIX,evidence/v101122/HOUR24_STATE_TRANSITION_MATRIX.json,canonical progress truth table exercised in S01-S09
reports/HOUR24_STATE_MATRIX.csv,3,"P02,24,0-23,false,VOTRE PARCOURS,NO",CLAIM,PASS,STATE_MATRIX,evidence/v101122/HOUR24_STATE_TRANSITION_MATRIX.json,canonical progress truth table exercised in S01-S09
reports/HOUR24_STATE_MATRIX.csv,4,"P03,24,24,true,LE CYCLE DES 24 HEURES EST ACCOMPLI,YES",CLAIM,PASS,STATE_MATRIX,evidence/v101122/HOUR24_STATE_TRANSITION_MATRIX.json,canonical progress truth table exercised in S01-S09
reports/hour24_end_cycle_state_matrix.csv,1,"case,status,detail",STRUCTURE,PASS,STRUCTURE,SELF:reports/hour24_end_cycle_state_matrix.csv,document/table structure; no execution result asserted
reports/hour24_end_cycle_state_matrix.csv,2,"S01,PASS,""{""""actions"""":[[""""Réflexion et pratique"""",true],[""""Approfondir"""",true],[""""Revenir au début"""",true],[""""Prier la 24e Heure"""",true]],""""progress"""":false,""""review"""":false}""",CLAIM,PASS,SCENARIO_RESULT,evidence/v101122/HOUR24_STATE_TRANSITION_MATRIX.json,S01 direct browser state-transition result
reports/hour24_end_cycle_state_matrix.csv,3,"S02,PASS,""{""""panel"""":""""VOTRE PARCOURS\n0/24 Heures marquées comme méditées.\nVoir ma progression\nRevoir les Heures méditées"""",""""restart"""":false}""",CLAIM,PASS,SCENARIO_RESULT,evidence/v101122/HOUR24_STATE_TRANSITION_MATRIX.json,S02 direct browser state-transition result
reports/hour24_end_cycle_state_matrix.csv,4,"S03,PASS,""{""""panel"""":""""VOTRE PARCOURS\n22/24 Heures marquées comme méditées.\nVoir ma progression\nRevoir les Heures méditées"""",""""restart"""":false}""",CLAIM,PASS,SCENARIO_RESULT,evidence/v101122/HOUR24_STATE_TRANSITION_MATRIX.json,S03 direct browser state-transition result
reports/hour24_end_cycle_state_matrix.csv,5,"S04,PASS,""{""""before"""":""""VOTRE PARCOURS\n23/24 Heures marquées comme méditées.\nVoir ma progression\nRevoir les Heures méditées"""",""""after"""":""""LE CYCLE DES 24 HEURES EST ACCOMPLI\n24/24 Heures marquées comme méditées.\n↻ Recommencer depuis la 1re Heure\nVoir ma progression\nRevoir les Heures méditées"""",""""count"""":24,""""has24"""":true}""",CLAIM,PASS,SCENARIO_RESULT,evidence/v101122/HOUR24_STATE_TRANSITION_MATRIX.json,S04 direct browser state-transition result
reports/hour24_end_cycle_state_matrix.csv,6,"S05,PASS,""{""""before"""":""""LE CYCLE DES 24 HEURES EST ACCOMPLI\n24/24 Heures marquées comme méditées.\n↻ Recommencer depuis la 1re Heure\nVoir ma progression\nRevoir les Heures méditées"""",""""after"""":""""VOTRE PARCOURS\n23/24 Heures marquées comme méditées.\nVoir ma progression\nRevoir les Heures méditées"""",""""count"""":23,""""has24"""":false}""",CLAIM,PASS,SCENARIO_RESULT,evidence/v101122/HOUR24_STATE_TRANSITION_MATRIX.json,S05 direct browser state-transition result
reports/hour24_end_cycle_state_matrix.csv,7,"S06,PASS,""{""""panel"""":""""VOTRE PARCOURS\n23/24 Heures marquées comme méditées.\nVoir ma progression\nRevoir les Heures méditées"""",""""count"""":23,""""has24"""":true,""""complete"""":false}""",CLAIM,PASS,SCENARIO_RESULT,evidence/v101122/HOUR24_STATE_TRANSITION_MATRIX.json,S06 direct browser state-transition result
reports/hour24_end_cycle_state_matrix.csv,8,"S07,PASS,""{""""ret"""":false,""""same"""":true,""""count"""":24,""""lastHour"""":24,""""view"""":""""home""""}""",CLAIM,PASS,SCENARIO_RESULT,evidence/v101122/HOUR24_STATE_TRANSITION_MATRIX.json,S07 direct browser state-transition result
reports/hour24_end_cycle_state_matrix.csv,9,"S08,PASS,""{""""ret"""":true,""""count"""":0,""""lastParas"""":0,""""hourTabs"""":0,""""log"""":0,""""currentHour"""":1,""""lastHour"""":1,""""view"""":""""reader"""",""""protectedSame"""":true}""",CLAIM,PASS,SCENARIO_RESULT,evidence/v101122/HOUR24_STATE_TRANSITION_MATRIX.json,S08 direct browser state-transition result
reports/hour24_end_cycle_state_matrix.csv,10,"S09,PASS,""{""""ret"""":false,""""same"""":true,""""count"""":23}""",CLAIM,PASS,SCENARIO_RESULT,evidence/v101122/HOUR24_STATE_TRANSITION_MATRIX.json,S09 direct browser state-transition result
reports/hour24_end_cycle_state_matrix.csv,11,"S10,PASS,""{""""tab"""":""""reflections"""",""""display"""":""""block"""",""""hash"""":""""""""}""",CLAIM,PASS,SCENARIO_RESULT,evidence/v101122/HOUR24_STATE_TRANSITION_MATRIX.json,S10 direct browser state-transition result
reports/hour24_end_cycle_state_matrix.csv,12,"S11,PASS,""{""""tab"""":""""linked"""",""""display"""":""""block""""}""",CLAIM,PASS,SCENARIO_RESULT,evidence/v101122/HOUR24_STATE_TRANSITION_MATRIX.json,S11 direct browser state-transition result
reports/hour24_end_cycle_state_matrix.csv,13,"S12,PASS,""{""""hour"""":24,""""view"""":""""reader"""",""""scroll"""":0}""",CLAIM,PASS,SCENARIO_RESULT,evidence/v101122/HOUR24_STATE_TRANSITION_MATRIX.json,S12 direct browser state-transition result
reports/hour24_end_cycle_state_matrix.csv,14,"S13,PASS,""{""""home"""":true,""""view"""":""""home""""}""",CLAIM,PASS,SCENARIO_RESULT,evidence/v101122/HOUR24_STATE_TRANSITION_MATRIX.json,S13 direct browser state-transition result
reports/hour24_end_cycle_state_matrix.csv,15,"S14,PASS,""{""""home"""":true,""""view"""":""""home""""}""",CLAIM,PASS,SCENARIO_RESULT,evidence/v101122/HOUR24_STATE_TRANSITION_MATRIX.json,S14 direct browser state-transition result
reports/hour24_end_cycle_state_matrix.csv,16,"S15,PASS,""{""""raw"""":true,""""has6"""":true,""""count"""":1,""""log"""":true}""",CLAIM,PASS,SCENARIO_RESULT,evidence/v101122/HOUR24_STATE_TRANSITION_MATRIX.json,S15 direct browser state-transition result
reports/hour24_end_cycle_state_matrix.csv,17,"S16,PASS,""{""""ret"""":true,""""raw"""":true,""""snapRead"""":[],""""snapLast"""":""""1"""",""""loadedCount"""":0,""""loadedLast"""":1}""",CLAIM,PASS,SCENARIO_RESULT,evidence/v101122/HOUR24_STATE_TRANSITION_MATRIX.json,S16 direct browser state-transition result
reports/build_script_vs_files_audit.md,1,# Build script vs files audit — v101.122,STRUCTURE,PASS,STRUCTURE,SELF:reports/build_script_vs_files_audit.md,document/table structure; no execution result asserted
reports/build_script_vs_files_audit.md,3,**PASS**,CLAIM,PASS,AGGREGATE,evidence/v101122/BUILD_RUNTIME_PARITY.json + evidence/v101122/PROTECTED_DECLARATION_PARITY.json,Pass-1 component evidence all PASS
reports/build_script_vs_files_audit.md,5,- Immutable baseline ZIP: `e22782a8dd73fb54287cd13d61b3ff217c4d24f33702bd1397dc1b4df5c34d3a` — verified.,CLAIM,PASS,HASH,evidence/v101122/V101121_BASELINE_FINAL_DECISION_LOCK_EXTERNAL.json,exact immutable v101.121 baseline hash and finality
reports/build_script_vs_files_audit.md,6,"- Current builder reproduces `index.html`, `luisa_24_heures.html`, `sw.js`, `version.json`, `manifest.json` and `README.md` byte-for-byte — PASS.",CLAIM,PASS,BUILD_REPRODUCTION,evidence/v101122/BUILD_RUNTIME_PARITY.json,six governed runtime/release files reproduced byte-for-byte
reports/build_script_vs_files_audit.md,7,- Candidate HTML SHA-256: `973b42bf4bc2b98ec372846ada28a54e0193a2b8ad19554906fe77cc46b99509`.,CLAIM,PASS,HASH,index.html,candidate HTML SHA-256 recomputed from current bytes
reports/build_script_vs_files_audit.md,8,- Protected declarations: 14/14 byte-identical to v101.121.,CLAIM,PASS,PARITY,evidence/v101122/PROTECTED_DECLARATION_PARITY.json,14/14 governed declarations byte-identical
reports/build_script_vs_files_audit.md,9,- `showHelp()` block: byte-identical to v101.121.,CLAIM,PASS,PARITY,evidence/v101122/HELP_PARITY.json,showHelp() block byte-identical
reports/build_script_vs_files_audit.md,10,- Current build/audit tooling is inventoried in `metadata/current_tooling_inventory.json`.,CLAIM,PASS,TOOLING_INVENTORY,metadata/current_tooling_inventory.json,current/prefreeze/postfreeze/reused/historical tool classes explicitly inventoried
reports/current_metadata_semantic_consistency.md,1,# Current metadata semantic consistency — v101.122,STRUCTURE,PASS,STRUCTURE,SELF:reports/current_metadata_semantic_consistency.md,document/table structure; no execution result asserted
reports/current_metadata_semantic_consistency.md,3,**PASS**,CLAIM,PASS,METADATA,evidence/v101122/CURRENT_METADATA_AUDIT.json,exact current metadata semantic check
reports/current_metadata_semantic_consistency.md,5,- `root_html_twins` — PASS,CLAIM,PASS,METADATA,evidence/v101122/CURRENT_METADATA_AUDIT.json,exact current metadata semantic check
reports/current_metadata_semantic_consistency.md,6,- `html_app_version` — PASS,CLAIM,PASS,METADATA,evidence/v101122/CURRENT_METADATA_AUDIT.json,exact current metadata semantic check
reports/current_metadata_semantic_consistency.md,7,- `html_stage` — PASS,CLAIM,PASS,METADATA,evidence/v101122/CURRENT_METADATA_AUDIT.json,exact current metadata semantic check
reports/current_metadata_semantic_consistency.md,8,- `version_json` — PASS,CLAIM,PASS,METADATA,evidence/v101122/CURRENT_METADATA_AUDIT.json,exact current metadata semantic check
reports/current_metadata_semantic_consistency.md,9,- `manifest_json` — PASS,CLAIM,PASS,METADATA,evidence/v101122/CURRENT_METADATA_AUDIT.json,exact current metadata semantic check
reports/current_metadata_semantic_consistency.md,10,- `sw_cache` — PASS,CLAIM,PASS,METADATA,evidence/v101122/CURRENT_METADATA_AUDIT.json,exact current metadata semantic check
reports/current_metadata_semantic_consistency.md,11,- `storage_schema` — PASS,CLAIM,PASS,METADATA,evidence/v101122/CURRENT_METADATA_AUDIT.json,exact current metadata semantic check
reports/current_metadata_semantic_consistency.md,12,- `personal_snapshot` — PASS,CLAIM,PASS,METADATA,evidence/v101122/CURRENT_METADATA_AUDIT.json,exact current metadata semantic check
reports/current_metadata_semantic_consistency.md,13,- `help_unchanged` — PASS,CLAIM,PASS,METADATA,evidence/v101122/CURRENT_METADATA_AUDIT.json,exact current metadata semantic check
reports/current_metadata_semantic_consistency.md,14,- `protected_14` — PASS,CLAIM,PASS,METADATA,evidence/v101122/CURRENT_METADATA_AUDIT.json,exact current metadata semantic check
reports/four_pass_deep_audit.md,1,# v101.122 four-pass deep audit,STRUCTURE,PASS,STRUCTURE,SELF:reports/four_pass_deep_audit.md,document/table structure; no execution result asserted
reports/four_pass_deep_audit.md,3,**PASS_PREFREEZE**,CLAIM,PASS,FOUR_PASS_SUMMARY,evidence/v101122/FOUR_PASS_PREFREEZE_SUMMARY.json,all four prefreeze passes reconciled
reports/four_pass_deep_audit.md,5,## Pass 1 — files vs build script,STRUCTURE,PASS,STRUCTURE,SELF:reports/four_pass_deep_audit.md,document/table structure; no execution result asserted
reports/four_pass_deep_audit.md,6,- Immutable v101.121 baseline hash: PASS.,CLAIM,PASS,HASH,evidence/v101122/V101121_BASELINE_FINAL_DECISION_LOCK_EXTERNAL.json,baseline exact hash/finality
reports/four_pass_deep_audit.md,7,- Current v101.122 builder reproduces the six governed runtime/release files byte-for-byte: PASS.,CLAIM,PASS,BUILD_REPRODUCTION,evidence/v101122/BUILD_RUNTIME_PARITY.json,runtime/release parity
reports/four_pass_deep_audit.md,8,- Protected declarations: 14/14 byte-identical.,CLAIM,PASS,PARITY,evidence/v101122/PROTECTED_DECLARATION_PARITY.json,14/14
reports/four_pass_deep_audit.md,9,- `showHelp()` block: byte-identical to v101.121.,CLAIM,PASS,PARITY,evidence/v101122/HELP_PARITY.json,unchanged Help
reports/four_pass_deep_audit.md,10,- Current prefreeze tooling is packaged and executed; post-freeze reopen tooling is packaged for execution only after immutable ZIP freeze.,CLAIM,PASS,TOOLING,metadata/current_tooling_inventory.json,tool lifecycle classifications and syntax/run policy
reports/four_pass_deep_audit.md,12,## Pass 2 — runtime/package behaviour,STRUCTURE,PASS,STRUCTURE,SELF:reports/four_pass_deep_audit.md,document/table structure; no execution result asserted
reports/four_pass_deep_audit.md,13,- Hour-24 state matrix: 16/16 PASS.,CLAIM,PASS,RUNTIME,evidence/v101122/HOUR24_STATE_TRANSITION_MATRIX.json,16/16
reports/four_pass_deep_audit.md,14,- Five-profile Hour-24 UX matrix: 70/70 PASS.,CLAIM,PASS,RUNTIME,evidence/v101122/HOUR24_FIVE_PROFILE_UX_MATRIX.json,70/70
reports/four_pass_deep_audit.md,15,- Help browser: 70/70 PASS.,CLAIM,PASS,RUNTIME,evidence/v101122/HELP_BROWSER_MATRIX.json,70/70
reports/four_pass_deep_audit.md,16,- Broad Chromium: 52/52 PASS.,CLAIM,PASS,RUNTIME,evidence/v101122/BROAD_CHROMIUM_RUNTIME_MATRIX.json,52/52
reports/four_pass_deep_audit.md,17,- Quoted-span fixed point: Scanner A 0 / Scanner B 0 across 398 relevant spans.,CLAIM,PASS,FIXED_POINT,evidence/v101122/post_hour24_fixed_point/M1_FIXED_POINT_SUMMARY.json,A=0 B=0 398 relevant spans
reports/four_pass_deep_audit.md,18,"- Exhaustive presentation: 1,990/1,990 PASS.",CLAIM,PASS,PRESENTATION,evidence/v101122/EXHAUSTIVE_PRESENTATION_RUNTIME_MATRIX.json,1990/1990
reports/four_pass_deep_audit.md,19,- Service-worker logic: 15/15 PASS.,CLAIM,PASS,SERVICE_WORKER,evidence/v101122/SERVICE_WORKER_LOGIC_MATRIX.json,15/15
reports/four_pass_deep_audit.md,20,- Mutation tests: 12/12 synthetic defects detected.,CLAIM,PASS,MUTATION,evidence/v101122/MUTATION_TEST_MATRIX.json,12/12 detected
reports/four_pass_deep_audit.md,21,- Independent Hour-24 probe: 55/55 PASS.,CLAIM,PASS,INDEPENDENT_RUNTIME,evidence/v101122/INDEPENDENT_HOUR24_PROBE.json,55/55
reports/four_pass_deep_audit.md,22,- Independent runtime smoke: 50/50 PASS.,CLAIM,PASS,INDEPENDENT_RUNTIME,evidence/v101122/INDEPENDENT_RUNTIME_SMOKE.json,50/50
reports/four_pass_deep_audit.md,23,"- Independent presentation: 1,990/1,990 PASS; 257 cross-record spans.",CLAIM,PASS,INDEPENDENT_PRESENTATION,evidence/v101122/INDEPENDENT_PRESENTATION_MATRIX.json,1990/1990; 257 cross-record spans
reports/four_pass_deep_audit.md,25,## Pass 3 — active reports vs direct evidence,STRUCTURE,PASS,STRUCTURE,SELF:reports/four_pass_deep_audit.md,document/table structure; no execution result asserted
reports/four_pass_deep_audit.md,26,- Every nonblank active-report line is bound to direct evidence in `reports/active_report_line_audit.csv`; generic presence-only evidence is prohibited.,CLAIM,PASS,REPORT_LINES,reports/active_report_line_audit.csv,exact active inventory line coverage with direct evidence binding
reports/four_pass_deep_audit.md,28,## Pass 4 — stale/contradiction/obsolete evidence,STRUCTURE,PASS,STRUCTURE,SELF:reports/four_pass_deep_audit.md,document/table structure; no execution result asserted
reports/four_pass_deep_audit.md,29,- Unexplained current-facing stale version/reference claims: 0.,CLAIM,PASS,STALE_SCAN,evidence/v101122/VERSION_STALE_SCAN.json,zero unexplained current-facing old-version references
reports/four_pass_deep_audit.md,30,- Obsolete current-tool semantic assumptions: 0.,CLAIM,PASS,SEMANTIC_STALE,evidence/v101122/SEMANTIC_STALE_SCAN.json,zero obsolete current-tool semantic assumptions
reports/four_pass_deep_audit.md,31,- Current completion authority remains canonical `getProgressSnapshot().complete` (24/24 explicit Méditée states).,CLAIM,PASS,DIRECT_REPORT,SELF:reports/four_pass_deep_audit.md,descriptive current report text; no standalone execution result beyond report-bound evidence
reports/four_pass_deep_audit.md,33,Final immutable ZIP reopen audits are external and are not claimed inside this package. Physical-device/live-origin gates remain NOT_TESTED.,LIMITATION,PASS,LIMITATION,version.json::real_device_status,postfreeze/device gates explicitly not claimed prefreeze
reports/full_regression_matrix.csv,1,"gate,check,status,evidence",STRUCTURE,PASS,STRUCTURE,SELF:reports/full_regression_matrix.csv,document/table structure; no execution result asserted
reports/full_regression_matrix.csv,2,"G01,v101.121 baseline finality,PASS,gate0/V101121_FINAL_DECISION_LOCK_EXTERNAL.json",CLAIM,PASS,REGRESSION_GATE,evidence/v101122/V101121_BASELINE_FINAL_DECISION_LOCK_EXTERNAL.json,G01 direct gate evidence
reports/full_regression_matrix.csv,3,"G02,Runtime build reproduction,PASS,evidence/v101122/BUILD_RUNTIME_PARITY.json",CLAIM,PASS,REGRESSION_GATE,evidence/v101122/BUILD_RUNTIME_PARITY.json,G02 direct gate evidence
reports/full_regression_matrix.csv,4,"G03,Protected declarations,PASS,14/14; evidence/v101122/PROTECTED_DECLARATION_PARITY.json",CLAIM,PASS,REGRESSION_GATE,evidence/v101122/PROTECTED_DECLARATION_PARITY.json,G03 direct gate evidence
reports/full_regression_matrix.csv,5,"G04,Help function parity,PASS,evidence/v101122/HELP_PARITY.json",CLAIM,PASS,REGRESSION_GATE,evidence/v101122/HELP_PARITY.json,G04 direct gate evidence
reports/full_regression_matrix.csv,6,"G05,JavaScript syntax,PASS,evidence/v101122/JAVASCRIPT_SYNTAX_CHECK.json",CLAIM,PASS,REGRESSION_GATE,evidence/v101122/JAVASCRIPT_SYNTAX_CHECK.json,G05 direct gate evidence
reports/full_regression_matrix.csv,7,"G06,Service-worker syntax,PASS,evidence/v101122/SERVICE_WORKER_SYNTAX_CHECK.json",CLAIM,PASS,REGRESSION_GATE,evidence/v101122/SERVICE_WORKER_SYNTAX_CHECK.json,G06 direct gate evidence
reports/full_regression_matrix.csv,8,"G07,Hour-24 state transition matrix,PASS,16/16",CLAIM,PASS,REGRESSION_GATE,evidence/v101122/HOUR24_STATE_TRANSITION_MATRIX.json,G07 direct gate evidence
reports/full_regression_matrix.csv,9,"G08,Five-profile Hour-24 UX matrix,PASS,70/70",CLAIM,PASS,REGRESSION_GATE,evidence/v101122/HOUR24_FIVE_PROFILE_UX_MATRIX.json,G08 direct gate evidence
reports/full_regression_matrix.csv,10,"G09,Help browser matrix,PASS,70/70",CLAIM,PASS,REGRESSION_GATE,evidence/v101122/HELP_BROWSER_MATRIX.json,G09 direct gate evidence
reports/full_regression_matrix.csv,11,"G10,Broad Chromium runtime,PASS,52/52",CLAIM,PASS,REGRESSION_GATE,evidence/v101122/BROAD_CHROMIUM_RUNTIME_MATRIX.json,G10 direct gate evidence
reports/full_regression_matrix.csv,12,"G11,Quoted-span fixed point,PASS,A=0 B=0 spans=398",CLAIM,PASS,REGRESSION_GATE,evidence/v101122/post_hour24_fixed_point/M1_FIXED_POINT_SUMMARY.json,G11 direct gate evidence
reports/full_regression_matrix.csv,13,"G12,Exhaustive presentation matrix,PASS,1990/1990",CLAIM,PASS,REGRESSION_GATE,evidence/v101122/EXHAUSTIVE_PRESENTATION_RUNTIME_MATRIX.json,G12 direct gate evidence
reports/full_regression_matrix.csv,14,"G13,Service-worker logic,PASS,15/15",CLAIM,PASS,REGRESSION_GATE,evidence/v101122/SERVICE_WORKER_LOGIC_MATRIX.json,G13 direct gate evidence
reports/full_regression_matrix.csv,15,"G14,Mutation tests,PASS,12/12",CLAIM,PASS,REGRESSION_GATE,evidence/v101122/MUTATION_TEST_MATRIX.json,G14 direct gate evidence
reports/full_regression_matrix.csv,16,"G15,Independent Hour-24 browser probe,PASS,55/55",CLAIM,PASS,REGRESSION_GATE,evidence/v101122/INDEPENDENT_HOUR24_PROBE.json,G15 direct gate evidence
reports/full_regression_matrix.csv,17,"G16,Physical iPhone/iPad/Samsung,NOT_TESTED,external real-device gate",CLAIM,PASS,REGRESSION_GATE,version.json::real_device_status,G16 direct gate evidence
reports/full_regression_matrix.csv,18,"G17,Installed PWA / true offline cold reopen,NOT_TESTED,external live-origin/device gate",CLAIM,PASS,REGRESSION_GATE,version.json::real_device_status,G17 direct gate evidence
reports/full_regression_matrix.csv,19,"G18,VoiceOver/TalkBack,NOT_TESTED,external device/AT gate",CLAIM,PASS,REGRESSION_GATE,version.json::real_device_status,G18 direct gate evidence
reports/no_regression_fix_ledger.csv,1,"item_id,target_function_or_block,baseline_evidence,authorised_change,protected_dependencies,targeted_test,mini_regression,independent_recheck,redo_count,final_status",STRUCTURE,PASS,STRUCTURE,SELF:reports/no_regression_fix_ledger.csv,document/table structure; no execution result asserted
reports/no_regression_fix_ledger.csv,2,"H24-01,buildHourEndActions(),verified v101.121 function block,separate Hour-level actions; Hour24 gets reflection/linked/top,protected declarations; Hours1-23,evidence/v101122/per_item_results/H24-01_TARGETED.json 2/2 PASS,evidence/v101122/per_item_results/H24-01_MINI.json PASS,evidence/v101122/per_item_results/H24-01_INDEPENDENT.json PASS,0,PASS",CLAIM,PASS,PER_ITEM_LEDGER,evidence/v101122/per_item_results/H24-01_TARGETED.json,H24-01 targeted + mini + independent results; ledger records any redo
reports/no_regression_fix_ledger.csv,3,"H24-02,buildHour24CyclePanel()+renderReader(),hour24 terminal branch is hour_number-based,add incomplete/complete cycle panel from getProgressSnapshot(),progress state; corpus/speech untouched,evidence/v101122/per_item_results/H24-02_TARGETED.json 3/3 PASS after contract-case correction,evidence/v101122/per_item_results/H24-02_MINI.json PASS,evidence/v101122/per_item_results/H24-02_INDEPENDENT.json PASS,1,PASS",CLAIM,PASS,PER_ITEM_LEDGER,evidence/v101122/per_item_results/H24-02_TARGETED.json,H24-02 targeted + mini + independent results; ledger records any redo
reports/no_regression_fix_ledger.csv,4,"H24-03,markMeditee()+refreshHourEndCycleUI(),v101.121 does not refresh terminal panel,refresh only Hour24 cycle host,scroll/tab/selection,evidence/v101122/per_item_results/H24-03_TARGETED.json 2/2 PASS,evidence/v101122/per_item_results/H24-03_MINI.json PASS,evidence/v101122/per_item_results/H24-03_INDEPENDENT.json PASS,0,PASS",CLAIM,PASS,PER_ITEM_LEDGER,evidence/v101122/per_item_results/H24-03_TARGETED.json,H24-03 targeted + mini + independent results; ledger records any redo
reports/no_regression_fix_ledger.csv,5,"H24-04,restartTwentyFourHours(),unconditional Hour24 restart; generic reset returns Home,gate completed-cycle path; complete path opens Hour1,notes/highlights/preferences/storage schema,evidence/v101122/per_item_results/H24-04_TARGETED.json 3/3 PASS,evidence/v101122/per_item_results/H24-04_MINI.json PASS,evidence/v101122/per_item_results/H24-04_INDEPENDENT.json PASS after checker-parser repair,0,PASS",CLAIM,PASS,PER_ITEM_LEDGER,evidence/v101122/per_item_results/H24-04_TARGETED.json,H24-04 targeted + mini + independent results; ledger records any redo
reports/no_regression_fix_ledger.csv,6,"H24-05,renderReader() hour-nav,disabled Suivante on Hour24,omit next control on Hour24,Hours1-23 nav,evidence/v101122/per_item_results/H24-05_TARGETED.json 2/2 PASS,evidence/v101122/per_item_results/H24-05_MINI.json PASS,evidence/v101122/per_item_results/H24-05_INDEPENDENT.json PASS,0,PASS",CLAIM,PASS,PER_ITEM_LEDGER,evidence/v101122/per_item_results/H24-05_TARGETED.json,H24-05 targeted + mini + independent results; ledger records any redo
reports/no_regression_fix_ledger.csv,7,"H24-06,progress strings/surfaces,terminées/lues/parcours terminé,align current-facing terminology to Méditée,Help unchanged; IDs unchanged,evidence/v101122/per_item_results/H24-06_TARGETED.json 1/1 PASS after harness escape repair,evidence/v101122/per_item_results/H24-06_MINI.json PASS,evidence/v101122/per_item_results/H24-06_INDEPENDENT.json PASS,0,PASS",CLAIM,PASS,PER_ITEM_LEDGER,evidence/v101122/per_item_results/H24-06_TARGETED.json,H24-06 targeted + mini + independent results; ledger records any redo
reports/no_regression_fix_ledger.csv,8,"H24-07,Hour24/progress/completed home actions,persistent Accueil verified separately,remove redundant local Accueil where global Accueil is verified,bottom nav behavior,evidence/v101122/per_item_results/H24-07_TARGETED.json 1/1 PASS; precondition 10/10 global Accueil,evidence/v101122/per_item_results/H24-07_MINI.json PASS,evidence/v101122/per_item_results/H24-07_INDEPENDENT.json PASS,0,PASS",CLAIM,PASS,PER_ITEM_LEDGER,evidence/v101122/per_item_results/H24-07_TARGETED.json,H24-07 targeted + mini + independent results; ledger records any redo
reports/no_regression_fix_ledger.csv,9,"H24-08,release identity/cache/evidence,v101.121 identity,update version/stage/cache/manifests/reports only,runtime logic outside scope,SW 15/15 + broad Chromium 52/52 on v101.122 identity,evidence/v101122/per_item_results/H24-08_MINI.json PASS,evidence/v101122/per_item_results/H24-08_INDEPENDENT.json PASS,0,PASS",CLAIM,PASS,PER_ITEM_LEDGER,evidence/v101122/per_item_results/H24-08_TARGETED.json,H24-08 targeted + mini + independent results; ledger records any redo
reports/protected_declaration_parity.csv,1,"declaration,baseline_sha256,candidate_sha256,status",STRUCTURE,PASS,STRUCTURE,SELF:reports/protected_declaration_parity.csv,document/table structure; no execution result asserted
reports/protected_declaration_parity.csv,2,"CORPUS,1dfd24bcd5cb353e14afb31348fef350c8fb56c14e407489eae8709c958380a5,1dfd24bcd5cb353e14afb31348fef350c8fb56c14e407489eae8709c958380a5,PASS",CLAIM,PASS,DECLARATION_HASH,evidence/v101122/PROTECTED_DECLARATION_PARITY.json,CORPUS baseline/candidate expression hashes compared
reports/protected_declaration_parity.csv,3,"TEXT_LIBRARY,09329a9751035ab32b3fbde518ab78163425316ba156a04b69e187ab58fa85e5,09329a9751035ab32b3fbde518ab78163425316ba156a04b69e187ab58fa85e5,PASS",CLAIM,PASS,DECLARATION_HASH,evidence/v101122/PROTECTED_DECLARATION_PARITY.json,TEXT_LIBRARY baseline/candidate expression hashes compared
reports/protected_declaration_parity.csv,4,"HOUR_LINKED_TEXTS,abffddceeaf11cd74f043bea1d97568f2bd1ba28fb1fbc541610d282039c0095,abffddceeaf11cd74f043bea1d97568f2bd1ba28fb1fbc541610d282039c0095,PASS",CLAIM,PASS,DECLARATION_HASH,evidence/v101122/PROTECTED_DECLARATION_PARITY.json,HOUR_LINKED_TEXTS baseline/candidate expression hashes compared
reports/protected_declaration_parity.csv,5,"INTERNAL_SUBHEADINGS,2cdc80893e8afad04d8990d3f7cbd240367fbbac51a360a1d12dcf46636708ae,2cdc80893e8afad04d8990d3f7cbd240367fbbac51a360a1d12dcf46636708ae,PASS",CLAIM,PASS,DECLARATION_HASH,evidence/v101122/PROTECTED_DECLARATION_PARITY.json,INTERNAL_SUBHEADINGS baseline/candidate expression hashes compared
reports/protected_declaration_parity.csv,6,"DISPLAY_SEGMENTS,141be59c6a94231ffea999c3706e70580e894ba9eb3ec60912e8b1fe5614b222,141be59c6a94231ffea999c3706e70580e894ba9eb3ec60912e8b1fe5614b222,PASS",CLAIM,PASS,DECLARATION_HASH,evidence/v101122/PROTECTED_DECLARATION_PARITY.json,DISPLAY_SEGMENTS baseline/candidate expression hashes compared
reports/protected_declaration_parity.csv,7,"CONTINUITY_GROUPS,3d1cb5f01010bf9b38f86a16cf6b9bb7e4be128b6fe21eca2894c23dbababc2d,3d1cb5f01010bf9b38f86a16cf6b9bb7e4be128b6fe21eca2894c23dbababc2d,PASS",CLAIM,PASS,DECLARATION_HASH,evidence/v101122/PROTECTED_DECLARATION_PARITY.json,CONTINUITY_GROUPS baseline/candidate expression hashes compared
reports/protected_declaration_parity.csv,8,"LDC_LIBRARY_FLOW_LAYOUT,7d10dd43644daef8104fc591b08c43f351e592601a756bcf3c433588f9c728d2,7d10dd43644daef8104fc591b08c43f351e592601a756bcf3c433588f9c728d2,PASS",CLAIM,PASS,DECLARATION_HASH,evidence/v101122/PROTECTED_DECLARATION_PARITY.json,LDC_LIBRARY_FLOW_LAYOUT baseline/candidate expression hashes compared
reports/protected_declaration_parity.csv,9,"SPEECH_END_VISUAL_BREAKS,06a1c250f4f9020d236bfcbeb412580f000380d49dc1348a7bdb5a2a244aa263,06a1c250f4f9020d236bfcbeb412580f000380d49dc1348a7bdb5a2a244aa263,PASS",CLAIM,PASS,DECLARATION_HASH,evidence/v101122/PROTECTED_DECLARATION_PARITY.json,SPEECH_END_VISUAL_BREAKS baseline/candidate expression hashes compared
reports/protected_declaration_parity.csv,10,"SPEECH_CROSS_RECORD_VISUAL_BREAKS,bcf0c384462ba8c28d5b12c79cdd1ce8adb9e211809011ffbbb2888779022a48,bcf0c384462ba8c28d5b12c79cdd1ce8adb9e211809011ffbbb2888779022a48,PASS",CLAIM,PASS,DECLARATION_HASH,evidence/v101122/PROTECTED_DECLARATION_PARITY.json,SPEECH_CROSS_RECORD_VISUAL_BREAKS baseline/candidate expression hashes compared
reports/protected_declaration_parity.csv,11,"SPEECH_DATA,388b52f0f140f4c3b4c8f91fd3b296550ad7bd58238810165738047e20528162,388b52f0f140f4c3b4c8f91fd3b296550ad7bd58238810165738047e20528162,PASS",CLAIM,PASS,DECLARATION_HASH,evidence/v101122/PROTECTED_DECLARATION_PARITY.json,SPEECH_DATA baseline/candidate expression hashes compared
reports/protected_declaration_parity.csv,12,"VISIBLE_PARAGRAPH_TOPOLOGY,89d64b9e30edaed0589d2c3133bca116bda6cee2184e16078df9c676ef6a2e2f,89d64b9e30edaed0589d2c3133bca116bda6cee2184e16078df9c676ef6a2e2f,PASS",CLAIM,PASS,DECLARATION_HASH,evidence/v101122/PROTECTED_DECLARATION_PARITY.json,VISIBLE_PARAGRAPH_TOPOLOGY baseline/candidate expression hashes compared
reports/protected_declaration_parity.csv,13,"SPEECH_CROSS_RECORD_OPENING_WRAPPER_SUPPRESSIONS,c6cb3689dca85cc9fe29e03835e6153a4992c2ac3f47e28e33539f47fcfce68e,c6cb3689dca85cc9fe29e03835e6153a4992c2ac3f47e28e33539f47fcfce68e,PASS",CLAIM,PASS,DECLARATION_HASH,evidence/v101122/PROTECTED_DECLARATION_PARITY.json,SPEECH_CROSS_RECORD_OPENING_WRAPPER_SUPPRESSIONS baseline/candidate expression hashes compared
reports/protected_declaration_parity.csv,14,"SPEECH_PRESENTATION_PROJECTION,f631ad843e3f82bbdd7f467366834a164e291e936853557fcbef6baacc473e1b,f631ad843e3f82bbdd7f467366834a164e291e936853557fcbef6baacc473e1b,PASS",CLAIM,PASS,DECLARATION_HASH,evidence/v101122/PROTECTED_DECLARATION_PARITY.json,SPEECH_PRESENTATION_PROJECTION baseline/candidate expression hashes compared
reports/protected_declaration_parity.csv,15,"SPEECH_PRESENTATION_ADJUDICATIONS,889410835c99cbb54964c300d59a095dc169d3384c34386280bbdab8fe529d68,889410835c99cbb54964c300d59a095dc169d3384c34386280bbdab8fe529d68,PASS",CLAIM,PASS,DECLARATION_HASH,evidence/v101122/PROTECTED_DECLARATION_PARITY.json,SPEECH_PRESENTATION_ADJUDICATIONS baseline/candidate expression hashes compared
reports/report_claims_vs_evidence_audit.md,1,# Report claims vs evidence audit — v101.122,STRUCTURE,PASS,STRUCTURE,SELF:reports/report_claims_vs_evidence_audit.md,document/table structure; no execution result asserted
reports/report_claims_vs_evidence_audit.md,3,**PASS_PREFREEZE — direct evidence bindings**,CLAIM,PASS,CLAIM_EVIDENCE,evidence/v101122/FOUR_PASS_PREFREEZE_SUMMARY.json,claim line names its direct supporting artifact or explicit NOT_TESTED authority
reports/report_claims_vs_evidence_audit.md,5,- Baseline identity/finality: PASS — external prerequisite `v101122_run/gate0/V101121_FINAL_DECISION_LOCK_EXTERNAL.json`; baseline ZIP SHA-256 `e22782a8dd73fb54287cd13d61b3ff217c4d24f33702bd1397dc1b4df5c34d3a`.,CLAIM,PASS,CLAIM_EVIDENCE,evidence/v101122/FOUR_PASS_PREFREEZE_SUMMARY.json,claim line names its direct supporting artifact or explicit NOT_TESTED authority
reports/report_claims_vs_evidence_audit.md,6,- Runtime build reproduction: PASS — `evidence/v101122/BUILD_RUNTIME_PARITY.json`.,CLAIM,PASS,CLAIM_EVIDENCE,evidence/v101122/BUILD_RUNTIME_PARITY.json,claim line names its direct supporting artifact or explicit NOT_TESTED authority
reports/report_claims_vs_evidence_audit.md,7,- Protected declarations: PASS 14/14 — `evidence/v101122/PROTECTED_DECLARATION_PARITY.json`.,CLAIM,PASS,CLAIM_EVIDENCE,evidence/v101122/PROTECTED_DECLARATION_PARITY.json,claim line names its direct supporting artifact or explicit NOT_TESTED authority
reports/report_claims_vs_evidence_audit.md,8,- Help parity: PASS — `evidence/v101122/HELP_PARITY.json`.,CLAIM,PASS,CLAIM_EVIDENCE,evidence/v101122/HELP_PARITY.json,claim line names its direct supporting artifact or explicit NOT_TESTED authority
reports/report_claims_vs_evidence_audit.md,9,- JavaScript syntax: PASS — `evidence/v101122/JAVASCRIPT_SYNTAX_CHECK.json`.,CLAIM,PASS,CLAIM_EVIDENCE,evidence/v101122/JAVASCRIPT_SYNTAX_CHECK.json,claim line names its direct supporting artifact or explicit NOT_TESTED authority
reports/report_claims_vs_evidence_audit.md,10,- Service-worker syntax: PASS — `evidence/v101122/SERVICE_WORKER_SYNTAX_CHECK.json`.,CLAIM,PASS,CLAIM_EVIDENCE,evidence/v101122/SERVICE_WORKER_SYNTAX_CHECK.json,claim line names its direct supporting artifact or explicit NOT_TESTED authority
reports/report_claims_vs_evidence_audit.md,11,- Hour-24 state transitions: PASS 16/16 — `evidence/v101122/HOUR24_STATE_TRANSITION_MATRIX.json`.,CLAIM,PASS,CLAIM_EVIDENCE,evidence/v101122/HOUR24_STATE_TRANSITION_MATRIX.json,claim line names its direct supporting artifact or explicit NOT_TESTED authority
reports/report_claims_vs_evidence_audit.md,12,- Five-profile Hour-24 UX: PASS 70/70 — `evidence/v101122/HOUR24_FIVE_PROFILE_UX_MATRIX.json`.,CLAIM,PASS,CLAIM_EVIDENCE,evidence/v101122/HOUR24_FIVE_PROFILE_UX_MATRIX.json,claim line names its direct supporting artifact or explicit NOT_TESTED authority
reports/report_claims_vs_evidence_audit.md,13,- Help browser regression: PASS 70/70 — `evidence/v101122/HELP_BROWSER_MATRIX.json`.,CLAIM,PASS,CLAIM_EVIDENCE,evidence/v101122/HELP_BROWSER_MATRIX.json,claim line names its direct supporting artifact or explicit NOT_TESTED authority
reports/report_claims_vs_evidence_audit.md,14,- Broad Chromium regression: PASS 52/52 — `evidence/v101122/BROAD_CHROMIUM_RUNTIME_MATRIX.json`.,CLAIM,PASS,CLAIM_EVIDENCE,evidence/v101122/BROAD_CHROMIUM_RUNTIME_MATRIX.json,claim line names its direct supporting artifact or explicit NOT_TESTED authority
reports/report_claims_vs_evidence_audit.md,15,- Quoted-span fixed point: PASS A=0 / B=0 over 398 presentation-relevant spans — `evidence/v101122/post_hour24_fixed_point/M1_FIXED_POINT_SUMMARY.json`.,CLAIM,PASS,CLAIM_EVIDENCE,evidence/v101122/post_hour24_fixed_point/M1_FIXED_POINT_SUMMARY.json,claim line names its direct supporting artifact or explicit NOT_TESTED authority
reports/report_claims_vs_evidence_audit.md,16,"- Exhaustive presentation: PASS 1,990/1,990 — `evidence/v101122/EXHAUSTIVE_PRESENTATION_RUNTIME_MATRIX.json`.",CLAIM,PASS,CLAIM_EVIDENCE,evidence/v101122/EXHAUSTIVE_PRESENTATION_RUNTIME_MATRIX.json,claim line names its direct supporting artifact or explicit NOT_TESTED authority
reports/report_claims_vs_evidence_audit.md,17,- Service-worker logic: PASS 15/15 — `evidence/v101122/SERVICE_WORKER_LOGIC_MATRIX.json`.,CLAIM,PASS,CLAIM_EVIDENCE,evidence/v101122/SERVICE_WORKER_LOGIC_MATRIX.json,claim line names its direct supporting artifact or explicit NOT_TESTED authority
reports/report_claims_vs_evidence_audit.md,18,- Mutation challenge: PASS 12/12 synthetic defects detected — `evidence/v101122/MUTATION_TEST_MATRIX.json`.,CLAIM,PASS,CLAIM_EVIDENCE,evidence/v101122/MUTATION_TEST_MATRIX.json,claim line names its direct supporting artifact or explicit NOT_TESTED authority
reports/report_claims_vs_evidence_audit.md,19,- Independent Hour-24 browser probe: PASS 55/55 — `evidence/v101122/INDEPENDENT_HOUR24_PROBE.json`.,CLAIM,PASS,CLAIM_EVIDENCE,evidence/v101122/INDEPENDENT_HOUR24_PROBE.json,claim line names its direct supporting artifact or explicit NOT_TESTED authority
reports/report_claims_vs_evidence_audit.md,20,- Independent runtime smoke: PASS 50/50 — `evidence/v101122/INDEPENDENT_RUNTIME_SMOKE.json`.,CLAIM,PASS,CLAIM_EVIDENCE,evidence/v101122/INDEPENDENT_RUNTIME_SMOKE.json,claim line names its direct supporting artifact or explicit NOT_TESTED authority
reports/report_claims_vs_evidence_audit.md,21,"- Independent presentation: PASS 1,990/1,990 with 257 cross-record spans — `evidence/v101122/INDEPENDENT_PRESENTATION_MATRIX.json`.",CLAIM,PASS,CLAIM_EVIDENCE,evidence/v101122/INDEPENDENT_PRESENTATION_MATRIX.json,claim line names its direct supporting artifact or explicit NOT_TESTED authority
reports/report_claims_vs_evidence_audit.md,22,"- Physical iPhone/iPad/Samsung, installed-PWA, true-offline cold reopen and VoiceOver/TalkBack: NOT_TESTED; no PASS is inferred from browser emulation.",CLAIM,PASS,CLAIM_EVIDENCE,version.json::real_device_status,claim line names its direct supporting artifact or explicit NOT_TESTED authority
reports/semantic_stale_scan.txt,1,SEMANTIC_STALE_SCAN = PASS,CLAIM,PASS,SEMANTIC_STALE,evidence/v101122/SEMANTIC_STALE_SCAN.json,semantic-assumption scanner output
reports/semantic_stale_scan.txt,2,obsolete_current_tool_assumptions = 0,CLAIM,PASS,SEMANTIC_STALE,evidence/v101122/SEMANTIC_STALE_SCAN.json,semantic-assumption scanner output
reports/semantic_stale_scan.txt,3,unexplained_semantic_stale_claims = 0,CLAIM,PASS,SEMANTIC_STALE,evidence/v101122/SEMANTIC_STALE_SCAN.json,semantic-assumption scanner output
reports/semantic_stale_scan.txt,4,Hour24 completion authority = canonical getProgressSnapshot().complete (24/24 Méditée),CLAIM,PASS,SEMANTIC_STALE,evidence/v101122/SEMANTIC_STALE_SCAN.json,semantic-assumption scanner output
reports/stale_reference_scan.txt,1,VERSION_STALE_SCAN = PASS,CLAIM,PASS,VERSION_STALE,evidence/v101122/VERSION_STALE_SCAN.json,version/reference scanner output
reports/stale_reference_scan.txt,2,classified_historical_baseline_tool_lineage_references = 682,CLAIM,PASS,VERSION_STALE,evidence/v101122/VERSION_STALE_SCAN.json,version/reference scanner output
reports/stale_reference_scan.txt,3,unexplained_current_facing_stale_references = 0,CLAIM,PASS,VERSION_STALE,evidence/v101122/VERSION_STALE_SCAN.json,version/reference scanner output
reports/stale_reference_scan.txt,4,runtime_identity_checks = 7/7 PASS,CLAIM,PASS,VERSION_STALE,evidence/v101122/VERSION_STALE_SCAN.json,version/reference scanner output
