runtime_boundary_id,record_id,surface,route_label,renderer_family,boundary_type,source_offset,char_at_offset,char_codepoint,next_8_codepoints,block_level_runtime,superseded_or_reset_by_other_boundary,dom_classes,first_visible_offset,first_visible_char,leading_whitespace_char_count,first_visible_glyph_dx_px,alignment_tolerance_px,alignment_status,context,source_text_sha256
RB0001,PASSION24.HOUR.01.P008,Main Hour meditation text,H01_meditation,speech_break,intra,110, ,U+0020,U+0020 U+0043 U+0065 U+0074 U+0074 U+0065 U+0020 U+0062,True,False,speech-end-visual-break speech-presentation-visual-break,111,C,1,3.8125,1.0,FAIL,"« Je Te bénis, ô Fils ! » Cette bénédiction remédiera aux offenses des créatures,",3f18d0e3e814923150ef0c6b333674dcf0622d2e9a4f1a17731920366cd09826
RB0002,PASSION24.HOUR.01.P014,Main Hour meditation text,H01_meditation,speech_break,intra,119, ,U+0020,U+0020 U+00D4 U+0020 U+004A U+00E9 U+0073 U+0075 U+0073,True,False,speech-end-visual-break speech-presentation-visual-break,120,Ô,1,3.8125,1.0,FAIL,"Fils, bénis-moi aussi ! » Ô Jésus, mon doux Amour, bénis-moi aussi avec ta Mère. ",dddd187cb1bbb47720662ef22592c3ed22b55894449cb4072f2ab4f20900aab1
RB0004,PASSION24.HOUR.02.P014,Main Hour meditation text,H02_meditation,speech_break,intra,203, ,U+0020,U+0020 U+00C0 U+0020 U+0063 U+0065 U+0073 U+0020 U+0070,True,False,speech-end-visual-break speech-presentation-visual-break,204,À,1,3.8125,1.0,FAIL,"erai le troisième jour. » À ces propos, les apôtres sont tout tristes et ne saven",c77c93d672fac44f01e58c8da08cf5cece6b1e85f3eb1507ef9ffc1dae9717bc
RB0005,PASSION24.HOUR.02.P015,Main Hour meditation text,H02_meditation,speech_break,intra,147, ,U+0020,U+0020 U+0044 U+2019 U+0075 U+006E U+0065 U+0020 U+0056,True,False,speech-end-visual-break speech-presentation-visual-break,148,D,1,3.8125,1.0,FAIL,"e pour le bien de tous. » D’une Voix émue, Tu continues à les instruire. Avant de",85b53f441a454dfa1d8de4a769df327d98d61d7517d961aabcda15f9f6869ad2
RB0024,PASSION24.HOUR.04.P034,Main Hour meditation text,H04_meditation,speech_break,intra,113, ,U+0020,U+0020 U+004C U+0065 U+0020 U+0050 U+00E8 U+0072 U+0065,True,False,speech-end-visual-break speech-presentation-visual-break,114,L,1,3.8125,1.0,FAIL,sser mes enfants seuls. » Le Père s’émeut à ces propos tendres et affectueux. Il ,7f4652823c7fe05758d4c3deb42f62c3d90d00c74bebc6bea6b0d46e93ef7f2a
RB0026,PASSION24.HOUR.04.P065,Main Hour meditation text,H04_meditation,speech_break,intra,93, ,U+0020,U+0020 U+0043 U+006F U+006D U+006D U+0065 U+0020 U+006A,True,False,speech-end-visual-break speech-presentation-visual-break,94,C,1,3.8125,1.0,FAIL," M’évanouir et délirer. » Comme je Te plains, Jésus ! Ton Amour est mis au pilori",ec426871a5e90097a8b5ef3a08ff6858e27d6bba387c0a7df6da429cb4241709
RB0035,PASSION24.HOUR.05.REF.P005,Réflexions et pratiques,H05_reflections,speech_break,intra,142, ,U+0020,U+0020 U+0050 U+006F U+0075 U+0072 U+0020 U+006E U+006F,True,False,speech-end-visual-break speech-presentation-visual-break,143,P,1,3.8125,1.0,FAIL,"donnez-Moi de l’amour ! » Pour nous conformer en toute chose à Jésus, nous devons",87031b1fcaf655cf24f83c0c5e2e7dda8017dddb2a77aac4dee2bd8d74b9e5ab
RB0038,PASSION24.HOUR.06.P012,Main Hour meditation text,H06_meditation,speech_break,intra,106, ,U+0020,U+0020 U+0043 U+2019 U+0065 U+0073 U+0074 U+0020 U+006C,True,False,speech-end-visual-break speech-presentation-visual-break,107,C,1,3.8125,1.0,FAIL,"olonté, mais la Tienne. » C’est la première fois que j’entends ces mots de ta Bou",8428f176c5d3b2f9f2531708b23f28183f7ed9069d849270670009befa4fb4ee
RB0045,PASSION24.HOUR.07.P007,Main Hour meditation text,H07_meditation,speech_break,intra,165, ,U+0020,U+0020 U+004A U+00E9 U+0073 U+0075 U+0073 U+002C U+0020,True,False,speech-end-visual-break speech-presentation-visual-break,166,J,1,3.8125,1.0,FAIL,"s Heures si terribles ! » Jésus, Tu vacilles et Tu es sur le point de tomber. Alo",429ce91512000e8c238fb51352f1e306e63843a56a8f64e71edadb196b16f904
RB0046,PASSION24.HOUR.07.P015,Main Hour meditation text,H07_meditation,speech_break,intra,147, ,U+0020,U+0020 U+0050 U+0075 U+0069 U+0073 U+0020 U+0069 U+006C,True,False,speech-end-visual-break speech-presentation-visual-break,148,P,1,3.8125,1.0,FAIL,se pas sans réconfort ! » Puis il me semble entendre que Tu appelles à l’aide ta ,b4787918206c53d49090f534a3e5f8d98200b30fb4b77ef2f94900f4c67452a6
RB0047,PASSION24.HOUR.07.P030,Main Hour meditation text,H07_meditation,speech_break,intra,22, ,U+0020,U+0020 U+004A U+00E9 U+0073 U+0075 U+0073 U+002C U+0020,True,False,speech-end-visual-break speech-presentation-visual-break,23,J,1,3.8125,1.0,FAIL,"Venez, âmes, venez ! » Jésus, chacun de tes Gémissements est une blessure à mo",4634f58998a2ca1644376a8cb05d01dc31e96b4540fa01a1b7eeb08600c4a4c9
RB0049,PASSION24.HOUR.07.P125,Main Hour meditation text,H07_meditation,speech_break,intra,128, ,U+0020,U+0020 U+004D U+006F U+006E U+0020 U+004A U+00E9 U+0073,True,False,speech-end-visual-break speech-presentation-visual-break,129,M,1,3.8125,1.0,FAIL,"e Je ressentais en Moi. » Mon Jésus angoissé, puisque Tu as voulu porter en Toi m",277905e8051e6342d63872a475a6e71d97656f9b8e581adf13daad0b4d2e6bdf
RB0054,PASSION24.HOUR.08.P007,Main Hour meditation text,H08_meditation,speech_break,intra,111, ,U+0020,U+0020 U+004F U+006E U+0020 U+0064 U+0069 U+0072 U+0061,True,False,speech-end-visual-break speech-presentation-visual-break,112,O,1,3.8125,1.0,FAIL,urquoi es-tu venu ici ? » On dirait que c’est à moi aussi que Tu adresses cette P,defe0ee6ba0584e501ca00f7c12a98e001fd65bdcc8de6ce8b08bc98bc626147
RB0055,PASSION24.HOUR.08.P008,Main Hour meditation text,H08_meditation,speech_break,intra,42, ,U+0020,U+0020 U+0045 U+0074 U+0020 U+006A U+0065 U+0020 U+0076,True,False,speech-end-visual-break speech-presentation-visual-break,43,E,1,3.8125,1.0,FAIL,"rquoi es-tu venue ici ? » Et je veux Te répondre : « Jésus, je viens pour T’aimer",c5c6edd2c3cb979c27c8612ac78bf87b65b416228afd4ae4335f6c24bed10920
RB0056,PASSION24.HOUR.08.P009,Main Hour meditation text,H08_meditation,speech_break,intra,93, ,U+0020,U+0020 U+0054 U+0075 U+0020 U+006D U+0065 U+0020 U+0072,True,False,speech-end-visual-break speech-presentation-visual-break,94,T,1,3.8125,1.0,FAIL,atin ou quand je Te prie. Tu me répètes : « Pourquoi es-tu venue ici ? » à traver,840d2a04d5614d1f5e0eab3d41e237aec1f00c982b89c5cb590f3a979b11d23b
RB0057,PASSION24.HOUR.08.P009,Main Hour meditation text,H08_meditation,speech_break,intra,210, ,U+0020,U+0020 U+0051 U+0075 U+0065 U+006C U+0020 U+0062 U+0065,True,False,speech-end-visual-break speech-presentation-visual-break,211,Q,1,3.8125,1.0,FAIL,e recevoir dans mon cœur. Quel beau rappel pour moi !,840d2a04d5614d1f5e0eab3d41e237aec1f00c982b89c5cb590f3a979b11d23b
RB0058,PASSION24.HOUR.08.P014,Main Hour meditation text,H08_meditation,speech_break,intra,34, ,U+0020,U+0020 U+0050 U+0061 U+0072 U+0020 U+0063 U+0065 U+0073,True,False,speech-end-visual-break speech-presentation-visual-break,35,P,1,3.8125,1.0,FAIL,"leur dis : « Me voici ! » Par ces simples paroles, Tu dis tout. Tu Te fais connaî",74bd1faae3bdbdaa45b8c65b75a113bc02ba81821b8903f28350c8c931555ee5
RB0063,PASSION24.HOUR.09.P010,Main Hour meditation text,H09_meditation,speech_break,intra,147, ,U+0020,U+0020 U+004F U+0075 U+0069 U+002C U+0020 U+006D U+006F,True,False,speech-end-visual-break speech-presentation-visual-break,148,O,1,3.8125,1.0,FAIL,"jamais Me laisser seul. » Oui, mon Jésus, avec l’aide de ta Grâce et en m’identif",0eff0c7e558d2dd5c679da7ac7e3b9e3db060a824c6ca1705cb32c65c1e83ebe
RB0065,PASSION24.HOUR.10.P002,Main Hour meditation text,H10_meditation,speech_break,intra,206, ,U+0020,U+0020 U+00C0 U+0020 U+0063 U+0065 U+0073 U+0020 U+0050,True,False,speech-end-visual-break speech-presentation-visual-break,207,À,1,3.8125,1.0,FAIL,"ont ici M’ont entendu ! » À ces Paroles, tous tremblent. Perfidement, un serviteu",8693e4f039b62d7bbfeffcc5c2dc4e37512184a6e4db7fbffa482a8843993b35
RB0070,PASSION24.HOUR.11.P010,Main Hour meditation text,H11_meditation,speech_break,intra,141, ,U+0020,U+0020 U+004D U+006F U+006E U+0020 U+0064 U+006F U+0075,True,False,speech-end-visual-break speech-presentation-visual-break,142,M,1,3.8125,1.0,FAIL,"s fidèle et attentive ! » Mon doux Amour, le vacarme de tes ennemis est si consid",03748084ad481a333bb73fba4edf9d706a36d29b6a6898be656c4e342f9ea5ce
RB0072,PASSION24.HOUR.11.P021,Main Hour meditation text,H11_meditation,speech_break,intra,251, ,U+0020,U+0020 U+004D U+006F U+006E U+0020 U+0042 U+0069 U+0065,True,False,speech-end-visual-break speech-presentation-visual-break,252,M,1,3.8125,1.0,FAIL,"en Me suivant de loin ! » Mon Bien renié, comme elles se reconnaissent vite les o",a6762f6245c19d99c3d520afa0563f45b2c0f5645b86da76b5a8bcbc4e118a74
RB0092,PASSION24.HOUR.15.P005,Main Hour meditation text,H15_meditation,speech_break,intra,162, ,U+0020,U+0020 U+0050 U+0069 U+006C U+0061 U+0074 U+0065 U+0020,True,False,speech-end-visual-break speech-presentation-visual-break,163,P,1,3.8125,1.0,FAIL,s au pouvoir des Juifs. » Pilate est surpris et touché par la suavité et la digni,1fe7971777119b2d85e26afa8216a2231531c0b31ca409479224af3c289a4642
RB0098,PASSION24.HOUR.16.P015,Main Hour meditation text,H16_meditation,speech_break,intra,103, ,U+0020,U+0020 U+0043 U+006F U+006D U+006D U+0065 U+0020 U+0065,True,False,speech-end-visual-break speech-presentation-visual-break,104,C,1,3.8125,1.0,FAIL,rer toutes ces fautes ! » Comme elles sont réelles et incessantes nos décisions d,931b222d6046ed3b0f46fad9efda0d19fe435f9fc18b9a7584c4290cee10cf1f
RB0099,PASSION24.HOUR.16.P028,Main Hour meditation text,H16_meditation,speech_break,intra,76, ,U+0020,U+0020 U+004A U+00E9 U+0073 U+0075 U+0073 U+0020 U+0074,True,False,speech-end-visual-break speech-presentation-visual-break,77,J,1,3.8125,1.0,FAIL,"ie et répare avec Moi ! » Jésus torturé, ton Amour passe d’un excès à l’autre. Je",587bfb1c0a6d2bf5885a6df287a9d1e209c2114dda005960440fe42202eb61ea
RB0100,PASSION24.HOUR.16.P045,Main Hour meditation text,H16_meditation,speech_break,intra,193, ,U+0020,U+0020 U+004A U+00E9 U+0073 U+0075 U+0073 U+002C U+0020,True,False,speech-end-visual-break speech-presentation-visual-break,194,J,1,3.8125,1.0,FAIL,"és de céder devant Moi. » Jésus, l’Amour avec lequel Tu souffres est si grand, qu",1f73884e661135a36c0a718ff48463c47ce393b61b6992adfce0922654cfdc5b
RB0102,PASSION24.HOUR.17.P014,Main Hour meditation text,H17_meditation,speech_break,intra,47, ,U+0020,U+0020 U+0050 U+006F U+0075 U+0072 U+0073 U+0075 U+0069,True,False,speech-end-visual-break speech-presentation-visual-break,48,P,1,3.8125,1.0,FAIL,"rie et répare avec Moi. » Poursuivant dans leurs cruautés, tes ennemis Te font as",43ee151361e8da9e3f111010c2d6a7593c9f8fd186d831a4d9d4d40c455c2d58
RB0104,PASSION24.HOUR.17.P044,Main Hour meditation text,H17_meditation,speech_break,intra,293, ,U+0020,U+0020 U+004D U+006F U+006E U+0020 U+0041 U+006D U+006F,True,False,speech-end-visual-break speech-presentation-visual-break,294,M,1,3.8125,1.0,FAIL," contempler mes Peines. » Mon Amour, je vois que, Te voyant si mal en point, Pila",869646265b0de1edb6f2d546b46cb2d40350174de196dbf8071d9a1d625e2fc8
RB0105,PASSION24.HOUR.18.P002,Main Hour meditation text,H18_meditation,speech_break,intra,61, ,U+0020,U+0020 U+0043 U+0068 U+0061 U+0071 U+0075 U+0065 U+0020,True,False,speech-end-visual-break speech-presentation-visual-break,62,C,1,3.8125,1.0,FAIL,ntends dire : « Croix ! » Chaque goutte de ton Sang proclame : « Croix ! »,fa98377ab931e85708e829ea8ef54486dcbd089e3b78c1e5b3d50e2a5473b03b
RB0107,PASSION24.HOUR.18.P031,Main Hour meditation text,H18_meditation,speech_break,intra,156, ,U+0020,U+0020 U+0041 U+006E U+0078 U+0069 U+0065 U+0075 U+0078,True,False,speech-end-visual-break speech-presentation-visual-break,157,A,1,3.8125,1.0,FAIL,"Moi. Je te les confie ! » Anxieux, Tu Te la fais placer sur tes Épaules infinimen",cab11dcd32a14a026be338b346679636e6f34ba5753e7927f0938690916b343f
RB0113,PASSION24.HOUR.18.P113,Main Hour meditation text,H18_meditation,speech_break,intra,148, ,U+0020,U+0020 U+004D U+006F U+006E U+0020 U+0042 U+0069 U+0065,True,False,speech-end-visual-break speech-presentation-visual-break,149,M,1,3.8125,1.0,FAIL,"Éternel le veut ainsi ! » Mon Bien dénudé, tandis qu’avec Toi je répare, je Te pr",cb4b37cbd6dedf7076f2bf3d846746085161caa027dc233a6577133b8fdae357
RB0117,PASSION24.HOUR.19.P018,Main Hour meditation text,H19_meditation,speech_break,intra,95, ,U+0020,U+0020 U+004D U+0061 U+0069 U+0073 U+002C U+0020 U+0071,True,False,speech-end-visual-break speech-presentation-visual-break,96,M,1,3.8125,1.0,FAIL,"ouronnes à mes enfants. » Mais, qui peut dire tout ce que mon doux Jésus a dit su",52eb8baa16a1bc6b09855b603038e76a0c8f5e64939e8e0427cb0944cc5ee541
RB0120,PASSION24.HOUR.19.P126,Main Hour meditation text,H19_meditation,speech_break,intra,145, ,U+0020,U+0020 U+004D U+006F U+006E U+0020 U+004A U+00E9 U+0073,True,False,speech-end-visual-break speech-presentation-visual-break,146,M,1,3.8125,1.0,FAIL,"if, brûlée par l’Amour. » Mon Jésus plein d’amertume, ma voix, fondue dans la Tie",59fd3c15dea84b0c07649f2b9217e8f0245990670767e842891fc56234f59930
RB0121,PASSION24.HOUR.19.P137,Main Hour meditation text,H19_meditation,speech_break,intra,119, ,U+0020,U+0020 U+004D U+006F U+006E U+0020 U+004A U+00E9 U+0073,True,False,speech-end-visual-break speech-presentation-visual-break,120,M,1,3.8125,1.0,FAIL,"Grâces de Miséricorde ! » Mon Jésus, ton Amour est un doux enchantement pour moi ",35229feb7a00d6db2836a7aef77e8607ce78b3777ead92853d7ce41136ead797
RB0124,PASSION24.HOUR.19.P165,Main Hour meditation text,H19_meditation,speech_break,intra,150, ,U+0020,U+0020 U+004D U+0061 U+0069 U+0073 U+0020 U+0054 U+006F,True,False,speech-end-visual-break speech-presentation-visual-break,151,M,1,3.8125,1.0,FAIL,"es créatures ensemble ! » Mais Toi, ô mon Jésus, triomphant de tout, Tu défends m",6ba1e33250ef2d57dcbccfeefa285ce1fa276c49413273b400b492b198c7f4cc
RB0132,PASSION24.HOUR.20.P010,Main Hour meditation text,H20_meditation,speech_break,intra,63, ,U+0020,U+0020 U+0045 U+0074 U+002C U+0020 U+0064 U+0065 U+0020,True,False,speech-end-visual-break speech-presentation-visual-break,64,E,1,3.8125,1.0,FAIL,"nt pas ce qu’ils font ! » Et, de nouveau, Tu Te renfermes dans le silence, Tu es ",a9e4c2c95dc592a31ac7a4eccd86324863e7d3c479e2dbf2051795623d03f657
RB0136,PASSION24.HOUR.21.P023,Main Hour meditation text,H21_meditation,speech_break,intra,137, ,U+0020,U+0020 U+004C U+0065 U+0075 U+0072 U+0020 U+0061 U+0079,True,False,speech-end-visual-break speech-presentation-visual-break,138,L,1,3.8125,1.0,FAIL,"ns pitié de mon Amour ! » Leur ayant tout donné, Tu n’as plus rien à donner aux c",cfd323fd3ba0dee71cfaeced5d39d7b952e8eab8bb9a70e77dfa1eb80f1c27a5
RB0137,PASSION24.HOUR.21.P027,Main Hour meditation text,H21_meditation,speech_break,intra,216, ,U+0020,U+0020 U+0045 U+0074 U+0020 U+0074 U+0061 U+0020 U+0073,True,False,speech-end-visual-break speech-presentation-visual-break,217,E,1,3.8125,1.0,FAIL," Me les sauveras tous ! » Et ta sainte Maman accepte. Je veux ici, ô mon Jésus, r",76138a89389e9f6dbed5406a7b8f8adc2f3c6f44db3a3758f81310d50242557e
RB0139,PASSION24.HOUR.21.P068,Main Hour meditation text,H21_meditation,speech_break,intra,86, ,U+0020,U+0020 U+004D U+006F U+006E U+0020 U+0041 U+006D U+006F,True,False,speech-end-visual-break speech-presentation-visual-break,87,M,1,3.8125,1.0,FAIL,"! Ne M’abandonnez pas ! » Mon Amour, combien je suis désolée ! Tu T’essouffles !",d4dea4d9c20e2b2cec80528c3929973574abe435d4315b233d3cb2db7c3af613
RB0143,PASSION24.HOUR.22.P006,Main Hour meditation text,H22_meditation,speech_break,intra,160, ,U+0020,U+0020 U+0041 U+0068 U+202F U+0021 U+0020 U+0063 U+0065,True,False,speech-end-visual-break speech-presentation-visual-break,161,A,1,3.8125,1.0,FAIL,"u cries : « J’ai soif ! » Ah ! cette Parole, Tu la dis de tout ton divin Cœur :",4d8a62b88b431940e9534e919efcf8d829fcfa97c22c5ed59003a8e5fc64a727
RB0144,PASSION24.HOUR.22.P022,Main Hour meditation text,H22_meditation,speech_break,intra,23, ,U+0020,U+0020 U+00D4 U+0020 U+006D U+006F U+006E U+0020 U+004A,True,False,speech-end-visual-break speech-presentation-visual-break,24,Ô,1,3.8125,1.0,FAIL,"« Tout est consommé ! » Ô mon Jésus, Tu as déjà tout épuisé. Il ne Te reste rie",4c0b8a36dcc295d5e9d25509a74b5f28a74540d4701d710fe7a2b7ddedf54ada
RB0162,PASSION24.HOUR.24.DESOL.P014,Main Hour meditation text,H24_meditation,speech_break,intra,119, ,U+0020,U+0020 U+004D U+0061 U+006D U+0061 U+006E U+0020 U+0061,True,False,speech-end-visual-break speech-presentation-visual-break,120,M,1,3.8125,1.0,FAIL," de me séparer de Toi ! » Maman affligée, tu penches ta tête sur celle de Jésus, ",b48fa53340ab3e134d64de89c61075aa79ceab49ad4d41f48267ebe4f1b4ee91
RB0163,PASSION24.HOUR.24.DESOL.P027,Main Hour meditation text,H24_meditation,speech_break,intra,79, ,U+0020,U+0020 U+0054 U+0061 U+0020 U+0064 U+006F U+0075 U+006C,True,False,speech-end-visual-break speech-presentation-visual-break,80,T,1,3.8125,1.0,FAIL," autrement je mourrai ! » Ta douleur est telle, ô Maman, qu’elle te paralyse, te ",4a1e4cbe49f3b893fd71fd11420a5f8fb767b35f3235ccabae6146cb67b77084
RB0164,PASSION24.HOUR.24.DESOL.P037,Main Hour meditation text,H24_meditation,speech_break,intra,62, ,U+0020,U+0020 U+004D U+0061 U+006D U+0061 U+006E U+0020 U+0074,True,False,speech-end-visual-break speech-presentation-visual-break,63,M,1,3.8125,1.0,FAIL,"e moyen de tes Peines ! » Maman torturée, je vois que tu te hâtes, car ceux qui s",d2e153515dc6a4b42ffab8aee6cffba2d114db860020c964260620e20f68f5c3
RB0186,PASSION24.SECTION.BENEFITS.P102,Promesses et bienfaits — main section,promises_section,speech_break,intra,195, ,U+0020,U+0020 U+0049 U+006C U+0020 U+0061 U+006A U+006F U+0075,True,False,speech-end-visual-break speech-presentation-visual-break,196,I,1,3.796875,1.0,FAIL,ter ce qu'elles disent !» Il ajouta : «Au milieu de tant d'amertume que Me donnen,e8cf7c9532d011ddcdb3e325a8c00c4e62277f85292bcc363554f92f0f6d16a2
RB0187,PASSION24.SECTION.BENEFITS.P116,Promesses et bienfaits — main section,promises_section,speech_break,intra,217, ,U+0020,U+0020 U+0055 U+006E U+0020 U+006A U+006F U+0075 U+0072,True,False,speech-end-visual-break speech-presentation-visual-break,218,U,1,3.796875,1.0,FAIL,"erait en partie apaisée.» Un jour, alors que j'en étais à l'Heure où la céleste M",b3ed347dba153e5287b4f32298a8692059f6ee73c490cfff16865f542ff705eb
RB0188,PASSION24.SECTION.BENEFITS.P122,Promesses et bienfaits — main section,promises_section,speech_break,intra,78, ,U+0020,U+0020 U+0045 U+0074 U+0020 U+0049 U+006C U+0020 U+006D,True,False,speech-end-visual-break speech-presentation-visual-break,79,E,1,3.796875,1.0,FAIL,"eur : «Ma maman, maman !» Et Il me murmura tout ce que sa douce Maman fit et souf",618de3968214a522b2eb4060fe2bf1c5d72f9e062284c294c867f52b4cbe8921
RB0189,PASSION24.SECTION.BENEFITS.P136,Promesses et bienfaits — main section,promises_section,speech_break,intra,157, ,U+0020,U+0020 U+004A U+00E9 U+0073 U+0075 U+0073 U+0020 U+0062,True,False,speech-end-visual-break speech-presentation-visual-break,158,J,1,3.8125,1.0,FAIL,", Je M'appuie sur elles.» Jésus béni ajouta : «",cb98d783303cb8bebf4ca989ab4b87890bf82f6d59867fddf1d94012c24029fc
RB0192,PASSION24.SECTION.BENEFITS.P149,Promesses et bienfaits — main section,promises_section,speech_break,intra,140, ,U+0020,U+0020 U+0050 U+0075 U+0069 U+0073 U+0020 U+0049 U+006C,True,False,speech-end-visual-break speech-presentation-visual-break,141,P,1,3.796875,1.0,FAIL, fille ! Ah ! Ma fille !» Puis Il,7a34ae5d5b22108be211dfb67e771e3f786d2bb77945ad491ba9b6fe91356c2a
RB0299,PASSION24.TEXT.PART_III_MARY_SORROWS.BODY.P212,Part III Livre du Ciel,library:PASSION24.TEXT.PART_III_MARY_SORROWS,ldc_intra_break,intra,70, ,U+0020,U+0020 U+0062 U+0069 U+0065 U+006E U+0020 U+0071 U+0075,True,False,ldc-visual-paragraph-break ldc-ra18-boundary ldc-ra18-paragraph_break,71,b,1,4.046875,1.0,FAIL,"fut jamais privée de Moi, bien qu'inséparable.",f7942f702e46f42636a46b0be759d2050b3140a42f54544554db596283fae7ba
RB0671,PASSION24.TEXT.RELATED_HOUR_06.BODY.P033,Linked Livre du Ciel — Hours 1–24,library:PASSION24.TEXT.RELATED_HOUR_06,speech_break,intra,111, ,U+0020,U+0020 U+0045 U+006E U+0020 U+0064 U+0069 U+0073 U+0061,True,False,speech-end-visual-break speech-presentation-visual-break,112,E,1,3.796875,1.0,FAIL," elle ces morts d'Amour.» En disant cela, de sa sainte main, Jésus imprima ces mo",27b35e712ada929b78118297d7fc554dba14fda1b6318572e41c700e353ae58a
RB0672,PASSION24.TEXT.RELATED_HOUR_06.BODY.P036,Linked Livre du Ciel — Hours 1–24,library:PASSION24.TEXT.RELATED_HOUR_06,speech_break,intra,121, ,U+0020,U+0020 U+0042 U+006F U+0075 U+0067 U+0065 U+0061 U+006E,True,False,speech-end-visual-break speech-presentation-visual-break,122,B,1,3.796875,1.0,FAIL,"is la Tienne soit faite.» Bougeant en moi, mon doux Jésus me dit : «",1f62146d2298f27729892e391de327598b75e862d1955694f2894e2462c263b4
RB0731,PASSION24.TEXT.RELATED_HOUR_07.BODY.P036,Linked Livre du Ciel — Hours 1–24,library:PASSION24.TEXT.RELATED_HOUR_07,speech_break,intra,43, ,U+0020,U+0020 U+0050 U+0065 U+006E U+0073 U+0061 U+006E U+0074,True,False,speech-end-visual-break speech-presentation-visual-break,44,P,1,3.796875,1.0,FAIL," et ils sont tout à Moi.» Pensant à ce que Jésus m'avait dit, je me disais : «",a75c135d1ac345599a8d6b115c1e8e80b0e9b23550e12183941fd2d116ddd210
RB0810,PASSION24.TEXT.RELATED_HOUR_10.BODY.P009,Linked Livre du Ciel — Hours 1–24,library:PASSION24.TEXT.RELATED_HOUR_10,speech_break,intra,268, ,U+0020,U+0020 U+0045 U+006E U+0073 U+0075 U+0069 U+0074 U+0065,True,False,speech-end-visual-break speech-presentation-visual-break,269,E,1,3.8125,1.0,FAIL," Me déplairait beaucoup.» Ensuite, Jésus me dit : «Tout ce que Je te demande, c'e",c6748a7f3849a3d7058319b333cc0c038a0e257c46a192a2224a5e052e7f96e6
RB0811,PASSION24.TEXT.RELATED_HOUR_13.BODY.P039,Linked Livre du Ciel — Hours 1–24,library:PASSION24.TEXT.RELATED_HOUR_13,speech_break,intra,422, ,U+0020,U+0020 U+0050 U+006C U+0075 U+0073 U+0020 U+0074 U+0061,True,False,speech-end-visual-break speech-presentation-visual-break,423,P,1,3.796875,1.0,FAIL,"s les cœurs à Mon Amour.» Plus tard, je me suis dit : «",f53aa0754a18226ee45179be9733f5597d5b08b314bccfdfb4dbf623b4f1d713
RB0951,PASSION24.TEXT.RELATED_HOUR_14.BODY.P019,Linked Livre du Ciel — Hours 1–24,library:PASSION24.TEXT.RELATED_HOUR_14,speech_break,intra,66, ,U+0020,U+0020 U+0050 U+006C U+0075 U+0073 U+0020 U+0074 U+0061,True,False,speech-end-visual-break speech-presentation-visual-break,67,P,1,3.796875,1.0,FAIL,"r davantage la religion.» Plus tard, alors que je me replongeais dans la méditati",9e29d7a86ff3b99930b7292a89a119d4dcaf05db4d11fdf8449ad57ceb5a6316
RB0977,PASSION24.TEXT.RELATED_HOUR_15.BODY.P109,Linked Livre du Ciel — Hours 1–24,library:PASSION24.TEXT.RELATED_HOUR_15,speech_break,intra,426, ,U+0020,U+0020 U+0050 U+006C U+0075 U+0073 U+0020 U+0074 U+0061,True,False,speech-end-visual-break speech-presentation-visual-break,427,P,1,3.8125,1.0,FAIL,"nnu pour ce que Je suis.» Plus tard, se montrant de nouveau à moi alors que j'éta",14a5272c9efcfc0868a3374b0d78a77656e2d4e972cb750fed3df50efbf35865
RB1114,PASSION24.TEXT.RELATED_HOUR_16.BODY.P047,Linked Livre du Ciel — Hours 1–24,library:PASSION24.TEXT.RELATED_HOUR_16,speech_break,intra,140, ,U+0020,U+0020 U+0053 U+0065 U+0020 U+006A U+0065 U+0074 U+0061,True,False,speech-end-visual-break speech-presentation-visual-break,141,S,1,3.796875,1.0,FAIL,"ingratitude des hommes !» Se jetant alors dans mes bras, Jésus fondit en larmes.",ddb5c717e12022cc404c402303ca04a0713eb84d33134bfd6dfccd74047ce612
RB1116,PASSION24.TEXT.RELATED_HOUR_16.BODY.P096,Linked Livre du Ciel — Hours 1–24,library:PASSION24.TEXT.RELATED_HOUR_16,speech_break,intra,250, ,U+0020,U+0020 U+0051 U+0075 U+0069 U+0020 U+0070 U+006F U+0075,True,False,speech-end-visual-break speech-presentation-visual-break,251,Q,1,3.8125,1.0,FAIL,roits de notre Justice. » Qui pourrait décrire la manière de prier de Jésus et ra,3a7f439a0c61b604fde0482b742edab436bb676e4e68e92e8b81b2872f594f26
RB1180,PASSION24.TEXT.RELATED_HOUR_17.BODY.P032,Linked Livre du Ciel — Hours 1–24,library:PASSION24.TEXT.RELATED_HOUR_17,speech_break,intra,102, ,U+0020,U+0020 U+004A U+0065 U+0020 U+0072 U+0065 U+0067 U+0061,True,False,speech-end-visual-break speech-presentation-visual-break,103,J,1,3.8125,1.0,FAIL,ines suscitaient en Moi.» Je regardais mon aimable Jésus et Je pouvais voir sa tê,bb75e4e26bde7765cd903c29f131c1d35fffc9c9668505fe1ed73c854bca7890
RB1181,PASSION24.TEXT.RELATED_HOUR_17.BODY.P050,Linked Livre du Ciel — Hours 1–24,library:PASSION24.TEXT.RELATED_HOUR_17,speech_break,intra,51, ,U+0020,U+0020 U+004E U+006F U+0075 U+0073 U+0020 U+0073 U+006F,True,False,speech-end-visual-break speech-presentation-visual-break,52,N,1,3.8125,1.0,FAIL,rras ce qu'elles feront.» Nous sommes partis et quand nous sommes arrivés à un en,b1556570f59acc497580c0ec527319b62fb9bc334f142cf20f7fe3ee92cab6e4
RB1182,PASSION24.TEXT.RELATED_HOUR_17.BODY.P051,Linked Livre du Ciel — Hours 1–24,library:PASSION24.TEXT.RELATED_HOUR_17,speech_break,intra,90, ,U+0020,U+0020 U+00AB U+0056 U+006F U+0069 U+0063 U+0069 U+0020,True,False,speech-end-visual-break speech-presentation-visual-break,91,«,1,3.8125,1.0,FAIL,au peuple : «Ecce Homo !» «Voici l'Homme !»,b685d871c1b8ebb60562d3f7e53aa46978f4a68429007c2a0482cf93359c5082
RB1183,PASSION24.TEXT.RELATED_HOUR_17.BODY.P054,Linked Livre du Ciel — Hours 1–24,library:PASSION24.TEXT.RELATED_HOUR_17,ldc_intra_break,intra,203, ,U+0020,U+0020 U+0053 U+0075 U+0072 U+0020 U+0063 U+0065 U+0073,True,False,ldc-visual-paragraph-break ldc-ra18-boundary ldc-ra18-presentation_break,204,S,1,3.796875,1.0,FAIL,"ta à tous : «Ecce Homo !» Sur ces mots, un murmure se fit entendre.",42d912e4cd5e106c63110b57aadab222f9359afdcab144b8de04701748d19e81
RB1184,PASSION24.TEXT.RELATED_HOUR_17.BODY.P057,Linked Livre du Ciel — Hours 1–24,library:PASSION24.TEXT.RELATED_HOUR_17,speech_break,intra,95, ,U+0020,U+0020 U+0041 U+006C U+006F U+0072 U+0073 U+002C U+0020,True,False,speech-end-visual-break speech-presentation-visual-break,96,A,1,3.8125,1.0,FAIL,"ns s'ils veulent de Moi.» Alors, nous nous sommes trouvés au milieu de prêtres, d",ca2df7f69551cbbe7ab9ab2a0de7bdd3049e1a959ef38c28e2613a55e2198034
RB1185,PASSION24.TEXT.RELATED_HOUR_17.BODY.P058,Linked Livre du Ciel — Hours 1–24,library:PASSION24.TEXT.RELATED_HOUR_17,speech_break,intra,50, ,U+0020,U+0020 U+0043 U+0065 U+0072 U+0074 U+0061 U+0069 U+006E,True,False,speech-end-visual-break speech-presentation-visual-break,51,C,1,3.8125,1.0,FAIL,"us répéta : «Ecce Homo !» Certains dirent : «Nous Le voulons, mais nous voulons a",cd60b2ae15588ce08032d6162959ed7a01568206d3154ef5c2fa960aff0d972e
RB1365,PASSION24.TEXT.RELATED_HOUR_18.BODY.P072,Linked Livre du Ciel — Hours 1–24,library:PASSION24.TEXT.RELATED_HOUR_18,speech_break,intra,274, ,U+0020,U+0020 U+004A U+0065 U+0020 U+006C U+0075 U+0069 U+0020,True,False,speech-end-visual-break speech-presentation-visual-break,275,J,1,3.796875,1.0,FAIL,"us. Je M'en réjouissais.» Je lui dis : «Mais, Jésus très saint, après le grand sa",c780030c61d806fb214e5a67a98969e19c9cd7c892b46c024ab0bcbdb09f21a0
RB1399,PASSION24.TEXT.RELATED_HOUR_19.BODY.P067,Linked Livre du Ciel — Hours 1–24,library:PASSION24.TEXT.RELATED_HOUR_19,speech_break,intra,151, ,U+0020,U+0020 U+0053 U+0065 U+0075 U+006C U+0020 U+004A U+00E9,True,False,speech-end-visual-break speech-presentation-visual-break,152,S,1,3.796875,1.0,FAIL,t ce soulagement de toi.» Seul Jésus sait ce que j'ai alors souffert.,4577dc869f43e580bf03ae45452b3ffbb54d92e9791b5891f7a7bec34161574f
RB1400,PASSION24.TEXT.RELATED_HOUR_19.BODY.P074,Linked Livre du Ciel — Hours 1–24,library:PASSION24.TEXT.RELATED_HOUR_19,speech_break,intra,317, ,U+0020,U+0020 U+0045 U+006E U+0020 U+0064 U+0069 U+0073 U+0061,True,False,speech-end-visual-break speech-presentation-visual-break,318,E,1,3.796875,1.0,FAIL,"pour te donner la force.» En disant cela, Il continua de souffler.",4b42e11860cc612072e8b64ca52279ec1e2a12676daaeced1141e195ae565c42
RB1419,PASSION24.TEXT.RELATED_HOUR_20.BODY.P015,Linked Livre du Ciel — Hours 1–24,library:PASSION24.TEXT.RELATED_HOUR_20,ldc_intra_break,intra,105, ,U+0020,U+0020 U+0050 U+006C U+0075 U+0073 U+0020 U+0074 U+0061,True,False,ldc-visual-paragraph-break ldc-ra18-boundary ldc-ra18-presentation_break,106,P,1,3.796875,1.0,FAIL,"puisses tout reproduire.» Plus tard, en recevant l'absolution de mon confesseur, ",4975b104698e473048735269834389242d97d5f24a3d35b6880238972eda3e3a
RB1420,PASSION24.TEXT.RELATED_HOUR_20.BODY.P023,Linked Livre du Ciel — Hours 1–24,library:PASSION24.TEXT.RELATED_HOUR_20,ldc_intra_break,intra,108, ,U+0020,U+0020 U+0050 U+0075 U+0069 U+0073 U+002C U+0020 U+0049,True,False,ldc-visual-paragraph-break ldc-ra18-boundary ldc-ra18-presentation_break,109,P,1,3.796875,1.0,FAIL,"ète tout ce que Je fais.» Puis, Il disparut. Quelques heures plus tard, Il revint",aad0576b9088c062d9a47e893f8f3b1d1514d71113f6460583bf50207371f6f4
RB1421,PASSION24.TEXT.RELATED_HOUR_20.BODY.P024,Linked Livre du Ciel — Hours 1–24,library:PASSION24.TEXT.RELATED_HOUR_20,speech_break,intra,313, ,U+0020,U+0020 U+0043 U+0065 U+006C U+0061 U+0020 U+0064 U+0069,True,False,speech-end-visual-break speech-presentation-visual-break,314,C,1,3.8125,1.0,FAIL,"vers cette même Volonté.» Cela dit, Il approcha sa Bouche de la mienne et, presqu",f06b85ef7b574bc100e894d80bb6ea09b0fc5741720b0a897f362a6e5fe8cf2f
RB1422,PASSION24.TEXT.RELATED_HOUR_20.BODY.P028,Linked Livre du Ciel — Hours 1–24,library:PASSION24.TEXT.RELATED_HOUR_20,speech_break,intra,413, ,U+0020,U+0020 U+0045 U+006E U+0073 U+0075 U+0069 U+0074 U+0065,True,False,speech-end-visual-break speech-presentation-visual-break,414,E,1,3.8125,1.0,FAIL,"honneur d'un Acte divin.» Ensuite, Il disparut. Quant à moi, je me fusionnai dans",0b59ba62e1fc1dfa47778bc6c91b1435e901f8a5378f09b843ef655ed05a584b
RB1424,PASSION24.TEXT.RELATED_HOUR_21.BODY.P059,Linked Livre du Ciel — Hours 1–24,library:PASSION24.TEXT.RELATED_HOUR_21,speech_break,intra,94, ,U+0020,U+0020 U+004A U+0065 U+0020 U+0072 U+0065 U+0070 U+0072,True,False,speech-end-visual-break speech-presentation-visual-break,95,J,1,3.796875,1.0,FAIL, vivre dans Ma Volonté ?» Je repris : «Non ! Et que cela ne soit jamais !»,c71e49e81a8b1a1f7087ded1126ff281b1316e043f1cb53041df89b37275bc92
RB1425,PASSION24.TEXT.RELATED_HOUR_21.BODY.P073,Linked Livre du Ciel — Hours 1–24,library:PASSION24.TEXT.RELATED_HOUR_21,speech_break,intra,260, ,U+0020,U+0020 U+0045 U+006E U+0073 U+0075 U+0069 U+0074 U+0065,True,False,speech-end-visual-break speech-presentation-visual-break,261,E,1,3.8125,1.0,FAIL,"utres volontés humaines.» Ensuite, la Voix cessa de se faire entendre. Je me suis",fbda6dba8e3441b7eaf3fde83d0b52408f775aba50fe540b72f334ae6767adb4
RB1426,PASSION24.TEXT.RELATED_HOUR_21.BODY.P090,Linked Livre du Ciel — Hours 1–24,library:PASSION24.TEXT.RELATED_HOUR_21,speech_break,intra,282, ,U+0020,U+0020 U+0043 U+0065 U+006C U+0061 U+0020 U+0064 U+0069,True,False,speech-end-visual-break speech-presentation-visual-break,283,C,1,3.8125,1.0,FAIL,"mérité par Mon abandon !» Cela dit, Il disparut.",fae3803d3cbc836e62fa888d1d869731533612286d450ea372974c9b7d2eba08
RB1615,PASSION24.TEXT.RELATED_HOUR_24.BODY.P010,Linked Livre du Ciel — Hours 1–24,library:PASSION24.TEXT.RELATED_HOUR_24,speech_break,intra,369, ,U+0020,U+0020 U+0055 U+006E U+0065 U+0020 U+0061 U+0075 U+0074,True,False,speech-end-visual-break speech-presentation-visual-break,370,U,1,3.8125,1.0,FAIL,"e à travers un seul Mot.» Une autre fois, Je me plaignais à Jésus en constatant q",f8270e105f0c54897e01300c021b41b1ccd2f8f437049039435001ec38c6ab6b
RB1617,PASSION24.TEXT.RELATED_HOUR_24.BODY.P022,Linked Livre du Ciel — Hours 1–24,library:PASSION24.TEXT.RELATED_HOUR_24,speech_break,intra,218, ,U+0020,U+0020 U+0045 U+0074 U+0020 U+0049 U+006C U+0020 U+006D,True,False,speech-end-visual-break speech-presentation-visual-break,219,E,1,3.8125,1.0,FAIL,"eur : «Ma maman, maman !» Et Il me murmura tout ce que sa douce Maman fit et souf",eeb0a08a26255af4a997b65f5037e53c05636623c99e429ca3596565c2e2471b
