span_id,container,quote_family,quotation_depth,open_target,open_offset,close_target,close_offset,cross_record,semantic_speaker,presentation_parent,opener_hidden,closer_hidden,opener_presentation,first_lexical_target,first_lexical_offset,first_lexical_presentation,last_lexical_target,last_lexical_offset,last_lexical_presentation,closer_presentation,expected_class,actual_class,source_basis,status,defects,snippet
A-Q00193,HOUR_24_SUB_0,curly_double,2,PASSION24.HOUR.24.DESOL.P033,0,PASSION24.HOUR.24.DESOL.P033,163,False,PERSONIFIED_VOICE,MARY,False,False,OUTSIDE,PASSION24.HOUR.24.DESOL.P033,1,OUTSIDE,PASSION24.HOUR.24.DESOL.P033,160,OUTSIDE,OUTSIDE,MEANINGFUL_NESTED_QUOTE_INHERITS_MARY,OUTSIDE|OUTSIDE|OUTSIDE|OUTSIDE,IMMEDIATE_LEFT_DIVINE:PASSION24.HOUR.24.DESOL.P032@358; TEXTUAL_ATTRIBUTION_P032_FLÈCHES_ME_DISENT,FAIL,OPEN_DELIMITER_NOT_PARENT_PRESENTED;LEXICAL_CONTENT_NOT_PARENT_PRESENTED;CLOSE_DELIMITER_NOT_PARENT_PRESENTED,"“Tu ne L’entendras plus ! Tu n’entendras plus son doux Accent, la mélodie de sa Parole créatrice, qui créait en toi autant de paradis qu’Il prononçait de Paroles !”"
A-Q00225,SECTION_PASSION24.SECTION.BENEFITS,straight_double,2,PASSION24.SECTION.BENEFITS.P138,105,PASSION24.SECTION.BENEFITS.P139,76,True,GENERIC_SOUL,JESUS,False,False,OUTSIDE,PASSION24.SECTION.BENEFITS.P139,0,JESUS,PASSION24.SECTION.BENEFITS.P139,74,JESUS,JESUS,MEANINGFUL_NESTED_QUOTE_INHERITS_JESUS,OUTSIDE|JESUS|JESUS|JESUS,IMMEDIATE_LEFT_DIVINE:PASSION24.SECTION.BENEFITS.P138@103; ACTIVE_ADJUDICATION_OR_SPEECH_DATA,FAIL,OPEN_DELIMITER_NOT_PARENT_PRESENTED,""" … Me voici, je veux réparer pour tous, implorer pour tous et répondre de tous."""
A-Q00242,PASSION24.TEXT.PART_III_DIVINE_PASSION,straight_double,2,PASSION24.TEXT.PART_III_DIVINE_PASSION.BODY.P049,37,PASSION24.TEXT.PART_III_DIVINE_PASSION.BODY.P051,115,True,JESUS,JESUS,False,False,OUTSIDE,PASSION24.TEXT.PART_III_DIVINE_PASSION.BODY.P050,0,JESUS,PASSION24.TEXT.PART_III_DIVINE_PASSION.BODY.P051,113,JESUS,OUTSIDE,MEANINGFUL_NESTED_QUOTE_INHERITS_JESUS,OUTSIDE|JESUS|JESUS|OUTSIDE,IMMEDIATE_LEFT_DIVINE:PASSION24.TEXT.PART_III_DIVINE_PASSION.BODY.P049@35; ACTIVE_ADJUDICATION_OR_SPEECH_DATA,FAIL,OPEN_DELIMITER_NOT_PARENT_PRESENTED;CLOSE_DELIMITER_NOT_PARENT_PRESENTED,""" … Si Tu veux que Je subisse une mort pour chacune, Je le ferai. J'accepte tout, pourvu que Tu donnes la vie à toutes."""
A-Q00281,PASSION24.TEXT.RELATED_HOUR_01,straight_double,2,PASSION24.TEXT.RELATED_HOUR_01.BODY.P034,72,PASSION24.TEXT.RELATED_HOUR_01.BODY.P034,234,False,JESUS,JESUS,False,False,JESUS,PASSION24.TEXT.RELATED_HOUR_01.BODY.P034,73,JESUS,PASSION24.TEXT.RELATED_HOUR_01.BODY.P034,231,JESUS,OUTSIDE,MEANINGFUL_NESTED_QUOTE_INHERITS_JESUS,JESUS|JESUS|JESUS|OUTSIDE,OPENER_ALREADY_DIVINE; ACTIVE_ADJUDICATION_OR_SPEECH_DATA,FAIL,CLOSE_DELIMITER_NOT_PARENT_PRESENTED,"""Je vous bénis au nom du Père, de Moi-même et du Saint-Esprit. Je vous bénis pour vous aider, vous défendre, vous pardonner, vous consoler et vous rendre saints !"""
A-Q00283,PASSION24.TEXT.RELATED_HOUR_01,straight_double,2,PASSION24.TEXT.RELATED_HOUR_01.BODY.P041,182,PASSION24.TEXT.RELATED_HOUR_01.BODY.P047,316,True,JESUS,JESUS,False,False,OUTSIDE,PASSION24.TEXT.RELATED_HOUR_01.BODY.P042,0,JESUS,PASSION24.TEXT.RELATED_HOUR_01.BODY.P047,314,JESUS,OUTSIDE,MEANINGFUL_NESTED_QUOTE_INHERITS_JESUS,OUTSIDE|JESUS|JESUS|OUTSIDE,IMMEDIATE_LEFT_DIVINE:PASSION24.TEXT.RELATED_HOUR_01.BODY.P041@180; ACTIVE_ADJUDICATION_OR_SPEECH_DATA,FAIL,OPEN_DELIMITER_NOT_PARENT_PRESENTED;CLOSE_DELIMITER_NOT_PARENT_PRESENTED,""" … Au lieu de Me bénir en retour, elles M'offensent et Me maudissent. Pour cette raison, Ma fille, entre dans Ma Volonté et prends ton essor sur les ailes de toutes les choses créées, scelle les toutes des bénédictions que toutes les créatures Me doivent, et apporte toutes ces bénédictions à Mon Cœur tendre et blessé."""
A-Q00306,PASSION24.TEXT.RELATED_HOUR_05,straight_double,2,PASSION24.TEXT.RELATED_HOUR_05.BODY.P008,555,PASSION24.TEXT.RELATED_HOUR_05.BODY.P008,667,False,JESUS,JESUS,False,False,JESUS,PASSION24.TEXT.RELATED_HOUR_05.BODY.P008,556,JESUS,PASSION24.TEXT.RELATED_HOUR_05.BODY.P008,665,JESUS,OUTSIDE,MEANINGFUL_NESTED_QUOTE_INHERITS_JESUS,JESUS|JESUS|JESUS|OUTSIDE,OPENER_ALREADY_DIVINE; ACTIVE_ADJUDICATION_OR_SPEECH_DATA,FAIL,CLOSE_DELIMITER_NOT_PARENT_PRESENTED,"""Père, si c'est possible, retire de Moi ce calice. Cependant, que soit faite non pas Ma Volonté, mais la Tienne."""
A-Q00314,PASSION24.TEXT.RELATED_HOUR_06,straight_double,2,PASSION24.TEXT.RELATED_HOUR_06.BODY.P025,74,PASSION24.TEXT.RELATED_HOUR_06.BODY.P026,50,True,JESUS,JESUS,False,False,OUTSIDE,PASSION24.TEXT.RELATED_HOUR_06.BODY.P026,0,JESUS,PASSION24.TEXT.RELATED_HOUR_06.BODY.P026,47,JESUS,JESUS,MEANINGFUL_NESTED_QUOTE_INHERITS_JESUS,OUTSIDE|JESUS|JESUS|JESUS,IMMEDIATE_LEFT_DIVINE:PASSION24.TEXT.RELATED_HOUR_06.BODY.P025@72; ACTIVE_ADJUDICATION_OR_SPEECH_DATA,FAIL,OPEN_DELIMITER_NOT_PARENT_PRESENTED,""" … Si c'est possible que ce calice s'éloigne de moi !"""
A-Q00315,PASSION24.TEXT.RELATED_HOUR_06,straight_double,2,PASSION24.TEXT.RELATED_HOUR_06.BODY.P028,187,PASSION24.TEXT.RELATED_HOUR_06.BODY.P029,55,True,JESUS,JESUS,False,False,OUTSIDE,PASSION24.TEXT.RELATED_HOUR_06.BODY.P029,0,JESUS,PASSION24.TEXT.RELATED_HOUR_06.BODY.P029,52,JESUS,OUTSIDE,MEANINGFUL_NESTED_QUOTE_INHERITS_JESUS,OUTSIDE|JESUS|JESUS|OUTSIDE,IMMEDIATE_LEFT_DIVINE:PASSION24.TEXT.RELATED_HOUR_06.BODY.P028@185; ACTIVE_ADJUDICATION_OR_SPEECH_DATA,FAIL,OPEN_DELIMITER_NOT_PARENT_PRESENTED;CLOSE_DELIMITER_NOT_PARENT_PRESENTED,""" … Si c'est possible, laisse ce calice s'éloigner de moi !"""
A-Q00319,PASSION24.TEXT.RELATED_HOUR_06,straight_double,2,PASSION24.TEXT.RELATED_HOUR_06.BODY.P037,90,PASSION24.TEXT.RELATED_HOUR_06.BODY.P038,58,True,JESUS,JESUS,False,False,OUTSIDE,PASSION24.TEXT.RELATED_HOUR_06.BODY.P038,0,JESUS,PASSION24.TEXT.RELATED_HOUR_06.BODY.P038,57,JESUS,JESUS,MEANINGFUL_NESTED_QUOTE_INHERITS_JESUS,OUTSIDE|JESUS|JESUS|JESUS,IMMEDIATE_LEFT_DIVINE:PASSION24.TEXT.RELATED_HOUR_06.BODY.P037@88; ACTIVE_ADJUDICATION_OR_SPEECH_DATA,FAIL,OPEN_DELIMITER_NOT_PARENT_PRESENTED,""" … Père, s'il est possible, que cette coupe passe loin de Moi"""
A-Q00320,PASSION24.TEXT.RELATED_HOUR_06,straight_double,2,PASSION24.TEXT.RELATED_HOUR_06.BODY.P039,165,PASSION24.TEXT.RELATED_HOUR_06.BODY.P039,225,False,JESUS,JESUS,False,False,JESUS,PASSION24.TEXT.RELATED_HOUR_06.BODY.P039,166,JESUS,PASSION24.TEXT.RELATED_HOUR_06.BODY.P039,223,JESUS,OUTSIDE,MEANINGFUL_NESTED_QUOTE_INHERITS_JESUS,JESUS|JESUS|JESUS|OUTSIDE,OPENER_ALREADY_DIVINE; ACTIVE_ADJUDICATION_OR_SPEECH_DATA,FAIL,CLOSE_DELIMITER_NOT_PARENT_PRESENTED,"""Père, s'il est possible, que cette coupe passe loin de Moi."""
A-Q00321,PASSION24.TEXT.RELATED_HOUR_06,straight_double,2,PASSION24.TEXT.RELATED_HOUR_06.BODY.P042,50,PASSION24.TEXT.RELATED_HOUR_06.BODY.P043,48,True,JESUS,JESUS,False,False,OUTSIDE,PASSION24.TEXT.RELATED_HOUR_06.BODY.P043,0,JESUS,PASSION24.TEXT.RELATED_HOUR_06.BODY.P043,47,JESUS,OUTSIDE,MEANINGFUL_NESTED_QUOTE_INHERITS_JESUS,OUTSIDE|JESUS|JESUS|OUTSIDE,IMMEDIATE_LEFT_DIVINE:PASSION24.TEXT.RELATED_HOUR_06.BODY.P042@48; ACTIVE_ADJUDICATION_OR_SPEECH_DATA,FAIL,OPEN_DELIMITER_NOT_PARENT_PRESENTED;CLOSE_DELIMITER_NOT_PARENT_PRESENTED,""" … Que non pas Ma Volonté mais la Tienne soit faite"""
A-Q00322,PASSION24.TEXT.RELATED_HOUR_06,straight_double,2,PASSION24.TEXT.RELATED_HOUR_06.BODY.P045,48,PASSION24.TEXT.RELATED_HOUR_06.BODY.P046,136,True,JESUS,JESUS,False,False,OUTSIDE,PASSION24.TEXT.RELATED_HOUR_06.BODY.P046,0,JESUS,PASSION24.TEXT.RELATED_HOUR_06.BODY.P046,134,JESUS,OUTSIDE,MEANINGFUL_NESTED_QUOTE_INHERITS_JESUS,OUTSIDE|JESUS|JESUS|OUTSIDE,IMMEDIATE_LEFT_DIVINE:PASSION24.TEXT.RELATED_HOUR_06.BODY.P045@46; ACTIVE_ADJUDICATION_OR_SPEECH_DATA,FAIL,OPEN_DELIMITER_NOT_PARENT_PRESENTED;CLOSE_DELIMITER_NOT_PARENT_PRESENTED,""" … Que la volonté humaine ne se fasse plus sur la terre, mais la Volonté Divine. Que la volonté humaine soit bannie et que la Tienne règne."""
A-Q00324,PASSION24.TEXT.RELATED_HOUR_06,straight_double,2,PASSION24.TEXT.RELATED_HOUR_06.BODY.P047,198,PASSION24.TEXT.RELATED_HOUR_06.BODY.P048,50,True,JESUS,JESUS,False,False,OUTSIDE,PASSION24.TEXT.RELATED_HOUR_06.BODY.P048,0,JESUS,PASSION24.TEXT.RELATED_HOUR_06.BODY.P048,48,JESUS,OUTSIDE,MEANINGFUL_NESTED_QUOTE_INHERITS_JESUS,OUTSIDE|JESUS|JESUS|OUTSIDE,IMMEDIATE_LEFT_DIVINE:PASSION24.TEXT.RELATED_HOUR_06.BODY.P047@196; ACTIVE_ADJUDICATION_OR_SPEECH_DATA,FAIL,OPEN_DELIMITER_NOT_PARENT_PRESENTED;CLOSE_DELIMITER_NOT_PARENT_PRESENTED,""" … Que non pas Ma Volonté, mais la Tienne soit faite."""
A-Q00327,PASSION24.TEXT.RELATED_HOUR_06,straight_double,2,PASSION24.TEXT.RELATED_HOUR_06.BODY.P057,55,PASSION24.TEXT.RELATED_HOUR_06.BODY.P058,48,True,JESUS,JESUS,False,False,OUTSIDE,PASSION24.TEXT.RELATED_HOUR_06.BODY.P058,0,JESUS,PASSION24.TEXT.RELATED_HOUR_06.BODY.P058,47,JESUS,OUTSIDE,MEANINGFUL_NESTED_QUOTE_INHERITS_JESUS,OUTSIDE|JESUS|JESUS|OUTSIDE,IMMEDIATE_LEFT_DIVINE:PASSION24.TEXT.RELATED_HOUR_06.BODY.P057@53; ACTIVE_ADJUDICATION_OR_SPEECH_DATA,FAIL,OPEN_DELIMITER_NOT_PARENT_PRESENTED;CLOSE_DELIMITER_NOT_PARENT_PRESENTED,""" … Que non pas Ma volonté mais la tienne soit faite"""
A-Q00328,PASSION24.TEXT.RELATED_HOUR_06,straight_double,2,PASSION24.TEXT.RELATED_HOUR_06.BODY.P059,191,PASSION24.TEXT.RELATED_HOUR_06.BODY.P060,73,True,JESUS,JESUS,False,False,OUTSIDE,PASSION24.TEXT.RELATED_HOUR_06.BODY.P060,0,JESUS,PASSION24.TEXT.RELATED_HOUR_06.BODY.P060,71,JESUS,OUTSIDE,MEANINGFUL_NESTED_QUOTE_INHERITS_JESUS,OUTSIDE|JESUS|JESUS|OUTSIDE,IMMEDIATE_LEFT_DIVINE:PASSION24.TEXT.RELATED_HOUR_06.BODY.P059@189; ACTIVE_ADJUDICATION_OR_SPEECH_DATA,FAIL,OPEN_DELIMITER_NOT_PARENT_PRESENTED;CLOSE_DELIMITER_NOT_PARENT_PRESENTED,""" … Père, s'il est possible, que cette coupe de Ma volonté passe loin de Moi."""
A-Q00329,PASSION24.TEXT.RELATED_HOUR_06,straight_double,2,PASSION24.TEXT.RELATED_HOUR_06.BODY.P061,37,PASSION24.TEXT.RELATED_HOUR_06.BODY.P062,49,True,JESUS,JESUS,False,False,OUTSIDE,PASSION24.TEXT.RELATED_HOUR_06.BODY.P062,0,JESUS,PASSION24.TEXT.RELATED_HOUR_06.BODY.P062,47,JESUS,JESUS,MEANINGFUL_NESTED_QUOTE_INHERITS_JESUS,OUTSIDE|JESUS|JESUS|JESUS,IMMEDIATE_LEFT_DIVINE:PASSION24.TEXT.RELATED_HOUR_06.BODY.P061@35; ACTIVE_ADJUDICATION_OR_SPEECH_DATA,FAIL,OPEN_DELIMITER_NOT_PARENT_PRESENTED,""" … Que non pas Ma Volonté mais la Tienne soit faite."""
A-Q00361,PASSION24.TEXT.RELATED_HOUR_13,straight_double,2,PASSION24.TEXT.RELATED_HOUR_13.BODY.P013,83,PASSION24.TEXT.RELATED_HOUR_13.BODY.P013,161,False,JESUS,JESUS,False,False,JESUS,PASSION24.TEXT.RELATED_HOUR_13.BODY.P013,84,JESUS,PASSION24.TEXT.RELATED_HOUR_13.BODY.P013,158,JESUS,OUTSIDE,MEANINGFUL_NESTED_QUOTE_INHERITS_JESUS,JESUS|JESUS|JESUS|OUTSIDE,OPENER_ALREADY_DIVINE; ACTIVE_ADJUDICATION_OR_SPEECH_DATA,FAIL,CLOSE_DELIMITER_NOT_PARENT_PRESENTED,"""N'es-Tu pas Ma vraie prison d'Amour ? Cherche-Moi dans ton cœur et aime-Moi !"""
A-Q00363,PASSION24.TEXT.RELATED_HOUR_13,straight_double,2,PASSION24.TEXT.RELATED_HOUR_13.BODY.P031,166,PASSION24.TEXT.RELATED_HOUR_13.BODY.P033,86,True,JESUS,JESUS,False,False,JESUS,PASSION24.TEXT.RELATED_HOUR_13.BODY.P031,167,JESUS,PASSION24.TEXT.RELATED_HOUR_13.BODY.P033,83,JESUS,OUTSIDE,MEANINGFUL_NESTED_QUOTE_INHERITS_JESUS,JESUS|JESUS|JESUS|OUTSIDE,OPENER_ALREADY_DIVINE; ACTIVE_ADJUDICATION_OR_SPEECH_DATA,FAIL,CLOSE_DELIMITER_NOT_PARENT_PRESENTED,"""Ô homme, ce sont tes péchés qui M'ont jeté dans cette noirceur lugubre où Je souffre pour te donner la lumière. … Regarde-Moi : Je suis l'image de tes péchés. Si tu veux les voir, regarde-les en Moi !"""
A-Q00373,PASSION24.TEXT.RELATED_HOUR_15,straight_double,2,PASSION24.TEXT.RELATED_HOUR_15.BODY.P040,162,PASSION24.TEXT.RELATED_HOUR_15.BODY.P041,95,True,JESUS,JESUS,False,False,OUTSIDE,PASSION24.TEXT.RELATED_HOUR_15.BODY.P041,0,JESUS,PASSION24.TEXT.RELATED_HOUR_15.BODY.P041,93,JESUS,JESUS,MEANINGFUL_NESTED_QUOTE_INHERITS_JESUS,OUTSIDE|JESUS|JESUS|JESUS,IMMEDIATE_LEFT_DIVINE:PASSION24.TEXT.RELATED_HOUR_15.BODY.P040@160; ACTIVE_ADJUDICATION_OR_SPEECH_DATA,FAIL,OPEN_DELIMITER_NOT_PARENT_PRESENTED,""" … Mon Royaume n'est pas de ce monde. S'il était de ce monde, des légions d'anges Me défendraient."""
A-Q00374,PASSION24.TEXT.RELATED_HOUR_15,straight_double,2,PASSION24.TEXT.RELATED_HOUR_15.BODY.P042,37,PASSION24.TEXT.RELATED_HOUR_15.BODY.P042,54,False,JESUS,JESUS,False,False,JESUS,PASSION24.TEXT.RELATED_HOUR_15.BODY.P042,38,JESUS,PASSION24.TEXT.RELATED_HOUR_15.BODY.P042,51,JESUS,OUTSIDE,MEANINGFUL_NESTED_QUOTE_INHERITS_JESUS,JESUS|JESUS|JESUS|OUTSIDE,OPENER_ALREADY_DIVINE; ACTIVE_ADJUDICATION_OR_SPEECH_DATA,FAIL,CLOSE_DELIMITER_NOT_PARENT_PRESENTED,"""Tu es donc roi ?"""
A-Q00375,PASSION24.TEXT.RELATED_HOUR_15,straight_double,2,PASSION24.TEXT.RELATED_HOUR_15.BODY.P043,29,PASSION24.TEXT.RELATED_HOUR_15.BODY.P044,69,True,JESUS,JESUS,False,False,OUTSIDE,PASSION24.TEXT.RELATED_HOUR_15.BODY.P044,0,JESUS,PASSION24.TEXT.RELATED_HOUR_15.BODY.P044,67,JESUS,JESUS,MEANINGFUL_NESTED_QUOTE_INHERITS_JESUS,OUTSIDE|JESUS|JESUS|JESUS,IMMEDIATE_LEFT_DIVINE:PASSION24.TEXT.RELATED_HOUR_15.BODY.P043@27; ACTIVE_ADJUDICATION_OR_SPEECH_DATA,FAIL,OPEN_DELIMITER_NOT_PARENT_PRESENTED,""" … Oui, Je suis Roi. Et Je suis venu en ce monde pour révéler la Vérité."""
A-Q00377,PASSION24.TEXT.RELATED_HOUR_15,straight_double,2,PASSION24.TEXT.RELATED_HOUR_15.BODY.P045,20,PASSION24.TEXT.RELATED_HOUR_15.BODY.P051,64,True,JESUS,JESUS,False,False,OUTSIDE,PASSION24.TEXT.RELATED_HOUR_15.BODY.P046,0,JESUS,PASSION24.TEXT.RELATED_HOUR_15.BODY.P051,62,JESUS,JESUS,MEANINGFUL_NESTED_QUOTE_INHERITS_JESUS,OUTSIDE|JESUS|JESUS|JESUS,IMMEDIATE_LEFT_DIVINE:PASSION24.TEXT.RELATED_HOUR_15.BODY.P045@18; ACTIVE_ADJUDICATION_OR_SPEECH_DATA,FAIL,OPEN_DELIMITER_NOT_PARENT_PRESENTED,""" … Elle rend honteux ses ennemis. Elle les fait tomber à ses pieds."""
A-Q00379,PASSION24.TEXT.RELATED_HOUR_15,straight_double,2,PASSION24.TEXT.RELATED_HOUR_15.BODY.P062,684,PASSION24.TEXT.RELATED_HOUR_15.BODY.P063,104,True,JESUS,JESUS,False,False,OUTSIDE,PASSION24.TEXT.RELATED_HOUR_15.BODY.P063,0,JESUS,PASSION24.TEXT.RELATED_HOUR_15.BODY.P063,102,JESUS,OUTSIDE,MEANINGFUL_NESTED_QUOTE_INHERITS_JESUS,OUTSIDE|JESUS|JESUS|OUTSIDE,IMMEDIATE_LEFT_DIVINE:PASSION24.TEXT.RELATED_HOUR_15.BODY.P062@682; ACTIVE_ADJUDICATION_OR_SPEECH_DATA,FAIL,OPEN_DELIMITER_NOT_PARENT_PRESENTED;CLOSE_DELIMITER_NOT_PARENT_PRESENTED,""" … Mon Royaume n'est pas de ce monde. S'il était de ce monde, des légions d'anges viendraient à Ma défense."""
A-Q00380,PASSION24.TEXT.RELATED_HOUR_15,straight_double,2,PASSION24.TEXT.RELATED_HOUR_15.BODY.P064,120,PASSION24.TEXT.RELATED_HOUR_15.BODY.P064,139,False,JESUS,JESUS,False,False,JESUS,PASSION24.TEXT.RELATED_HOUR_15.BODY.P064,121,JESUS,PASSION24.TEXT.RELATED_HOUR_15.BODY.P064,136,JESUS,OUTSIDE,MEANINGFUL_NESTED_QUOTE_INHERITS_JESUS,JESUS|JESUS|JESUS|OUTSIDE,OPENER_ALREADY_DIVINE; ACTIVE_ADJUDICATION_OR_SPEECH_DATA,FAIL,CLOSE_DELIMITER_NOT_PARENT_PRESENTED,"""Alors, Tu es roi ?"""
A-Q00381,PASSION24.TEXT.RELATED_HOUR_15,straight_double,2,PASSION24.TEXT.RELATED_HOUR_15.BODY.P065,61,PASSION24.TEXT.RELATED_HOUR_15.BODY.P071,55,True,JESUS,JESUS,False,False,OUTSIDE,PASSION24.TEXT.RELATED_HOUR_15.BODY.P066,0,JESUS,PASSION24.TEXT.RELATED_HOUR_15.BODY.P071,53,JESUS,OUTSIDE,MEANINGFUL_NESTED_QUOTE_INHERITS_JESUS,OUTSIDE|JESUS|JESUS|OUTSIDE,IMMEDIATE_LEFT_DIVINE:PASSION24.TEXT.RELATED_HOUR_15.BODY.P065@59; ACTIVE_ADJUDICATION_OR_SPEECH_DATA,FAIL,OPEN_DELIMITER_NOT_PARENT_PRESENTED;CLOSE_DELIMITER_NOT_PARENT_PRESENTED,""" … Mon Royaume n'aura pas de fin et le tien tire à sa fin."""
A-Q00383,PASSION24.TEXT.RELATED_HOUR_15,straight_double,2,PASSION24.TEXT.RELATED_HOUR_15.BODY.P084,41,PASSION24.TEXT.RELATED_HOUR_15.BODY.P085,37,True,JESUS,JESUS,False,False,OUTSIDE,PASSION24.TEXT.RELATED_HOUR_15.BODY.P085,0,JESUS,PASSION24.TEXT.RELATED_HOUR_15.BODY.P085,34,JESUS,OUTSIDE,MEANINGFUL_NESTED_QUOTE_INHERITS_JESUS,OUTSIDE|JESUS|JESUS|OUTSIDE,IMMEDIATE_LEFT_DIVINE:PASSION24.TEXT.RELATED_HOUR_15.BODY.P084@39; ACTIVE_ADJUDICATION_OR_SPEECH_DATA,FAIL,OPEN_DELIMITER_NOT_PARENT_PRESENTED;CLOSE_DELIMITER_NOT_PARENT_PRESENTED,""" … Tu es donc roi ? Où est Ton Royaume ?"""
A-Q00385,PASSION24.TEXT.RELATED_HOUR_15,straight_double,2,PASSION24.TEXT.RELATED_HOUR_15.BODY.P086,119,PASSION24.TEXT.RELATED_HOUR_15.BODY.P096,43,True,JESUS,JESUS,False,False,OUTSIDE,PASSION24.TEXT.RELATED_HOUR_15.BODY.P087,0,JESUS,PASSION24.TEXT.RELATED_HOUR_15.BODY.P096,41,JESUS,JESUS,MEANINGFUL_NESTED_QUOTE_INHERITS_JESUS,OUTSIDE|JESUS|JESUS|JESUS,IMMEDIATE_LEFT_DIVINE:PASSION24.TEXT.RELATED_HOUR_15.BODY.P086@117; ACTIVE_ADJUDICATION_OR_SPEECH_DATA,FAIL,OPEN_DELIMITER_NOT_PARENT_PRESENTED,""" … Dans Mon Royaume, il y a une Vie véritable."""
A-Q00391,PASSION24.TEXT.RELATED_HOUR_15,straight_double,2,PASSION24.TEXT.RELATED_HOUR_15.BODY.P119,130,PASSION24.TEXT.RELATED_HOUR_15.BODY.P120,74,True,JESUS,JESUS,False,False,OUTSIDE,PASSION24.TEXT.RELATED_HOUR_15.BODY.P120,0,JESUS,PASSION24.TEXT.RELATED_HOUR_15.BODY.P120,71,JESUS,JESUS,MEANINGFUL_NESTED_QUOTE_INHERITS_JESUS,OUTSIDE|JESUS|JESUS|JESUS,IMMEDIATE_LEFT_DIVINE:PASSION24.TEXT.RELATED_HOUR_15.BODY.P119@128; ACTIVE_ADJUDICATION_OR_SPEECH_DATA,FAIL,OPEN_DELIMITER_NOT_PARENT_PRESENTED,""" … Comme Il est beau, pénétrant, tendre, mélodieux ! Comment ne pas l'aimer ?"""
A-Q00393,PASSION24.TEXT.RELATED_HOUR_15,straight_double,2,PASSION24.TEXT.RELATED_HOUR_15.BODY.P126,673,PASSION24.TEXT.RELATED_HOUR_15.BODY.P129,203,True,JESUS,JESUS,False,False,OUTSIDE,PASSION24.TEXT.RELATED_HOUR_15.BODY.P127,0,JESUS,PASSION24.TEXT.RELATED_HOUR_15.BODY.P129,200,JESUS,JESUS,MEANINGFUL_NESTED_QUOTE_INHERITS_JESUS,OUTSIDE|JESUS|JESUS|JESUS,IMMEDIATE_LEFT_DIVINE:PASSION24.TEXT.RELATED_HOUR_15.BODY.P126@671; ACTIVE_ADJUDICATION_OR_SPEECH_DATA,FAIL,OPEN_DELIMITER_NOT_PARENT_PRESENTED,""" … Ce qui rend ton comportement encore plus répréhensible, c'est que, lorsque tu nous donnes de la lumière et de la chaleur, tu ne perds rien. Au contraire, tu acquiers plus de gloire et tous te bénissent !"""
A-Q00402,PASSION24.TEXT.RELATED_HOUR_16,straight_double,2,PASSION24.TEXT.RELATED_HOUR_16.BODY.P055,126,PASSION24.TEXT.RELATED_HOUR_16.BODY.P056,125,True,JESUS,JESUS,False,False,OUTSIDE,PASSION24.TEXT.RELATED_HOUR_16.BODY.P056,0,JESUS,PASSION24.TEXT.RELATED_HOUR_16.BODY.P056,123,JESUS,JESUS,MEANINGFUL_NESTED_QUOTE_INHERITS_JESUS,OUTSIDE|JESUS|JESUS|JESUS,IMMEDIATE_LEFT_DIVINE:PASSION24.TEXT.RELATED_HOUR_16.BODY.P055@124; ACTIVE_ADJUDICATION_OR_SPEECH_DATA,FAIL,OPEN_DELIMITER_NOT_PARENT_PRESENTED,""" … Je suis plus heureux en étant aveugle, déformé et paralysé, si je sais que toi, mon fils, tu peux voir, marcher et être beau."""
A-Q00526,PASSION24.TEXT.SHARED_T09_1910_07_04_AGONY_CROSS_LAST_BREATH,straight_double,2,PASSION24.TEXT.SHARED_T09_1910_07_04_AGONY_CROSS_LAST_BREATH.BODY.P010,111,PASSION24.TEXT.SHARED_T09_1910_07_04_AGONY_CROSS_LAST_BREATH.BODY.P011,95,True,JESUS,JESUS,False,False,OUTSIDE,PASSION24.TEXT.SHARED_T09_1910_07_04_AGONY_CROSS_LAST_BREATH.BODY.P011,0,JESUS,PASSION24.TEXT.SHARED_T09_1910_07_04_AGONY_CROSS_LAST_BREATH.BODY.P011,93,JESUS,JESUS,MEANINGFUL_NESTED_QUOTE_INHERITS_JESUS,OUTSIDE|JESUS|JESUS|JESUS,IMMEDIATE_LEFT_DIVINE:PASSION24.TEXT.SHARED_T09_1910_07_04_AGONY_CROSS_LAST_BREATH.BODY.P010@109; ACTIVE_ADJUDICATION_OR_SPEECH_DATA,FAIL,OPEN_DELIMITER_NOT_PARENT_PRESENTED,""" … J'ai soif de toi, ô âme. De grâce, ne sors jamais de Moi, mais entre en Moi et expire avec Moi."""
A-Q00533,PASSION24.TEXT.RELATED_HOUR_22,straight_double,2,PASSION24.TEXT.RELATED_HOUR_22.BODY.P028,14,PASSION24.TEXT.RELATED_HOUR_22.BODY.P028,171,False,JESUS,JESUS,False,False,JESUS,PASSION24.TEXT.RELATED_HOUR_22.BODY.P028,15,JESUS,PASSION24.TEXT.RELATED_HOUR_22.BODY.P028,169,JESUS,OUTSIDE,MEANINGFUL_NESTED_QUOTE_INHERITS_JESUS,JESUS|JESUS|JESUS|OUTSIDE,OPENER_ALREADY_DIVINE; ACTIVE_ADJUDICATION_OR_SPEECH_DATA,FAIL,CLOSE_DELIMITER_NOT_PARENT_PRESENTED,"""Voyez combien Je vous aime. Mon immolation sur la Croix ne suffit pas à Mon Amour. Je veux aussi Me consumer d'Amour pour vous en cette âme qui M'accueille."""
A-Q00550,PASSION24.TEXT.RELATED_HOUR_22,curly_single,1,PASSION24.TEXT.RELATED_HOUR_22.BODY.P090,216,PASSION24.TEXT.RELATED_HOUR_22.BODY.P090,238,False,GENERIC_SOUL,JESUS,False,False,OUTSIDE,PASSION24.TEXT.RELATED_HOUR_22.BODY.P090,217,OUTSIDE,PASSION24.TEXT.RELATED_HOUR_22.BODY.P090,236,OUTSIDE,OUTSIDE,MEANINGFUL_NESTED_QUOTE_INHERITS_JESUS,OUTSIDE|OUTSIDE|OUTSIDE|OUTSIDE,IMMEDIATE_LEFT_DIVINE:PASSION24.TEXT.RELATED_HOUR_22.BODY.P090@214; GOVERNING_HANDOVER_SOURCE_SUPPORTED_P090,FAIL,OPEN_DELIMITER_NOT_PARENT_PRESENTED;LEXICAL_CONTENT_NOT_PARENT_PRESENTED;CLOSE_DELIMITER_NOT_PARENT_PRESENTED,‘Ma nuit est terminée.’
A-Q00593,PASSION24.TEXT.PROMISES_BENEFITS,straight_double,2,PASSION24.TEXT.PROMISES_BENEFITS.BODY.P133,105,PASSION24.TEXT.PROMISES_BENEFITS.BODY.P134,76,True,GENERIC_SOUL,JESUS,False,False,OUTSIDE,PASSION24.TEXT.PROMISES_BENEFITS.BODY.P134,0,JESUS,PASSION24.TEXT.PROMISES_BENEFITS.BODY.P134,74,JESUS,JESUS,MEANINGFUL_NESTED_QUOTE_INHERITS_JESUS,OUTSIDE|JESUS|JESUS|JESUS,IMMEDIATE_LEFT_DIVINE:PASSION24.TEXT.PROMISES_BENEFITS.BODY.P133@103; ACTIVE_ADJUDICATION_OR_SPEECH_DATA,FAIL,OPEN_DELIMITER_NOT_PARENT_PRESENTED,""" … Me voici, je veux réparer pour tous, implorer pour tous et répondre de tous."""
