active_breaks_near_exit,alias_group,alias_key,all_projection_breaks,all_topology_breaks,context_after,context_before,full_text,label,next_char,next_token,orphan_break,paragraph_id,quoted,resume_lexical_offset,row_id,run_end,run_index,run_start,speaker,speech_end_map,text_sha256,wrapper_end,wrapper_start
110,PASSION24.HOUR.01.P008#R00,c86c4cf9a31bc226,110,110," Cette bénédiction remédiera aux offenses des créatures, et, douce et suave, descendra jusqu’à son Cœur."," te faisant ses adieux, Jésus veut entendre de ta Bouche ces douces Paroles : « ","Mais en te faisant ses adieux, Jésus veut entendre de ta Bouche ces douces Paroles : « Je Te bénis, ô Fils ! » Cette bénédiction remédiera aux offenses des créatures, et, douce et suave, descendra jusqu’à son Cœur.",1e Heure — Jésus fait ses adieux à sa Mère,C,Cette,,PASSION24.HOUR.01.P008,"Je Te bénis, ô Fils !",111,PASSION24.HOUR.01.P008#R00,108,0,87,MARY,110,3f18d0e3e814923150ef0c6b333674dcf0622d2e9a4f1a17731920366cd09826,110,108
119,PASSION24.HOUR.01.P014#R00,3a9426d7238bfa7e,119,119," Ô Jésus, mon doux Amour, bénis-moi aussi avec ta Mère. Bénis mes pensées, mon cœur, mes mains, mes pas, mes œuvres. Bénis toutes les créatures.","e tu présentes ces bénédictions à Jésus, j’entends ta Voix émue qui Lui dit : « ","Mais tandis que tu présentes ces bénédictions à Jésus, j’entends ta Voix émue qui Lui dit : « Fils, bénis-moi aussi ! » Ô Jésus, mon doux Amour, bénis-moi aussi avec ta Mère. Bénis mes pensées, mon cœur, mes mains, mes pas, mes œuvres. Bénis toutes les créatures.",1e Heure — Jésus fait ses adieux à sa Mère,Ô,Ô,,PASSION24.HOUR.01.P014,"Fils, bénis-moi aussi !",120,PASSION24.HOUR.01.P014#R00,117,0,94,MARY,119,dddd187cb1bbb47720662ef22592c3ed22b55894449cb4072f2ab4f20900aab1,119,117
203,PASSION24.HOUR.02.P014#R00,88bcd8b0a7b45784,203,203," À ces propos, les apôtres sont tout tristes et ne savent que répondre.",« ,"« Ma Vie est sur le point de s’éteindre ici-bas comme le soleil est sur le point de se coucher. Demain à pareille heure, Je n’y serai plus ! Mais en tant que Soleil, Je ressusciterai le troisième jour. » À ces propos, les apôtres sont tout tristes et ne savent que répondre.",2e Heure — Jésus se sépare de sa Très Sainte Mère et se rend au Cénacle,À,À,,PASSION24.HOUR.02.P014,"Ma Vie est sur le point de s’éteindre ici-bas comme le soleil est sur le point de se coucher. Demain à pareille heure, Je n’y serai plus ! Mais en tant que Soleil, Je ressusciterai le troisième jour.",204,PASSION24.HOUR.02.P014#R00,201,0,2,JESUS,203,c77c93d672fac44f01e58c8da08cf5cece6b1e85f3eb1507ef9ffc1dae9717bc,203,201
147,PASSION24.HOUR.02.P015#R00,a1638de2b09c9adb,147,147," D’une Voix émue, Tu continues à les instruire. Avant de rentrer dans le Cénacle, Tu regardes le soleil qui se couche et qui, comme ta Vie, est sur le point de s’éteindre.",Tu ajoutes : « ,"Tu ajoutes : « Courage, ne vous laissez pas abattre, Je serai toujours avec vous. Cependant, il est nécessaire que Je meure pour le bien de tous. » D’une Voix émue, Tu continues à les instruire. Avant de rentrer dans le Cénacle, Tu regardes le soleil qui se couche et qui, comme ta Vie, est sur le point de s’éteindre.",2e Heure — Jésus se sépare de sa Très Sainte Mère et se rend au Cénacle,D,D’une,,PASSION24.HOUR.02.P015,"Courage, ne vous laissez pas abattre, Je serai toujours avec vous. Cependant, il est nécessaire que Je meure pour le bien de tous.",148,PASSION24.HOUR.02.P015#R00,145,0,15,JESUS,147,85b53f441a454dfa1d8de4a769df327d98d61d7517d961aabcda15f9f6869ad2,147,145
113,PASSION24.HOUR.04.P034#R00,92cd39bba7446fab,113,113," Le Père s’émeut à ces propos tendres et affectueux. Il descend du Ciel. Il est là sur la Table sacrée, avec le Saint-Esprit. Les deux sont avec Toi, ô Jésus. Et Toi, d’une Voix ma",,"Nos Œuvres sont éternelles et mon Amour est incommensurable. Je ne puis, ni ne veux, laisser mes enfants seuls. » Le Père s’émeut à ces propos tendres et affectueux. Il descend du Ciel. Il est là sur la Table sacrée, avec le Saint-Esprit. Les deux sont avec Toi, ô Jésus. Et Toi, d’une Voix majestueuse et émouvante, Tu prononces les Paroles de la consécration.",4e Heure — Le lavement des pieds – La Cène Eucharistique,L,Le,,PASSION24.HOUR.04.P034,"Nos Œuvres sont éternelles et mon Amour est incommensurable. Je ne puis, ni ne veux, laisser mes enfants seuls.",114,PASSION24.HOUR.04.P034#R00,111,0,0,JESUS,113,7f4652823c7fe05758d4c3deb42f62c3d90d00c74bebc6bea6b0d46e93ef7f2a,113,111
93,PASSION24.HOUR.04.P065#R00,33bbb92ab2db7e2f,93,93," Comme je Te plains, Jésus ! Ton Amour est mis au pilori ! Moi, pour Te dédommager, je Te prie d’enchaîner mon cœur avec ces chaînes brisées par les créatures, pour pouvoir Te donn",,"Cela M’attriste tant que ça Me donne une fièvre violente qui Me fait M’évanouir et délirer. » Comme je Te plains, Jésus ! Ton Amour est mis au pilori ! Moi, pour Te dédommager, je Te prie d’enchaîner mon cœur avec ces chaînes brisées par les créatures, pour pouvoir Te donner à leur place un retour d’amour.",4e Heure — Le lavement des pieds – La Cène Eucharistique,C,Comme,,PASSION24.HOUR.04.P065,Cela M’attriste tant que ça Me donne une fièvre violente qui Me fait M’évanouir et délirer.,94,PASSION24.HOUR.04.P065#R00,91,0,0,JESUS,93,ec426871a5e90097a8b5ef3a08ff6858e27d6bba387c0a7df6da429cb4241709,93,91
483,PASSION24.HOUR.05.P028#R00,d442d293ed0967da,483,483," Mon Jésus, Tu m’appelles dans ton Cœur pour me faire voir ce que l’Amour Te fait souffrir. Alors j’y entre. Mais que vois-je ?",,"Âme, c’est l’Amour qui prédomine en Moi. L’Amour est un clou pour Moi, l’Amour est un fouet pour Moi, l’Amour est une couronne d’épines pour Moi, l’Amour est tout pour Moi, l’Amour est ma Passion éternelle, alors que ce que Je souffre dans mon Humanité est temporaire. Mon enfant, entre dans mon Cœur et viens te perdre dans mon Amour. Seulement dans mon Amour tu comprendras combien Je souffre pour toi et combien Je t’aime. Ainsi tu apprendras à M’aimer et à souffrir par amour ! » Mon Jésus, Tu m’appelles dans ton Cœur pour me faire voir ce que l’Amour Te fait souffrir. Alors j’y entre. Mais que vois-je ?",5e Heure — Première Heure de l’Agonie dans le Jardin,M,Mon,,PASSION24.HOUR.05.P028,"Âme, c’est l’Amour qui prédomine en Moi. L’Amour est un clou pour Moi, l’Amour est un fouet pour Moi, l’Amour est une couronne d’épines pour Moi, l’Amour est tout pour Moi, l’Amour est ma Passion éternelle, alors que ce que Je souffre dans mon Humanité est temporaire. Mon enfant, entre dans mon Cœur et viens te perdre dans mon Amour. Seulement dans mon Amour tu comprendras combien Je souffre pour toi et combien Je t’aime. Ainsi tu apprendras à M’aimer et à souffrir par amour !",484,PASSION24.HOUR.05.P028#R00,481,0,0,JESUS,483,981251d0cd7e2d8d6c6fd7945c6ecdd31d84cea8892c13a043c837c603a76e03,483,481
142,PASSION24.HOUR.05.REF.P005#R00,6053f94c3300f364,142,142," Pour nous conformer en toute chose à Jésus, nous devons rentrer en nous-mêmes et nous poser cette question : « En tout ce que je fais, est-ce qu’il y a un flux continu d’Amour qui",« ,"« Je suis calciné par l’Amour et il n’y a personne qui veut mon Amour. De grâce, soulagez-Moi. Acceptez mon Amour et donnez-Moi de l’amour ! » Pour nous conformer en toute chose à Jésus, nous devons rentrer en nous-mêmes et nous poser cette question : « En tout ce que je fais, est-ce qu’il y a un flux continu d’Amour qui circule entre Dieu et moi ? »",5e Heure — Réflexions,P,Pour,,PASSION24.HOUR.05.REF.P005,"Je suis calciné par l’Amour et il n’y a personne qui veut mon Amour. De grâce, soulagez-Moi. Acceptez mon Amour et donnez-Moi de l’amour !",143,PASSION24.HOUR.05.REF.P005#R00,140,0,2,JESUS,142,87031b1fcaf655cf24f83c0c5e2e7dda8017dddb2a77aac4dee2bd8d74b9e5ab,142,140
106,PASSION24.HOUR.06.P012#R00,5140bd62efffdd18,106,106, C’est la première fois que j’entends ces mots de ta Bouche. Comme les Accents de ta Voix déchirent mon cœur ! Toutes les révoltes des créatures se présentent devant Toi. Ce « Fiat,« ,"« Père, si c’est possible, que s’écarte de Moi ce calice. Cependant, non pas ma Volonté, mais la Tienne. » C’est la première fois que j’entends ces mots de ta Bouche. Comme les Accents de ta Voix déchirent mon cœur ! Toutes les révoltes des créatures se présentent devant Toi. Ce « Fiat Voluntas Tua » qui devrait être le principe de Vie de toute créature, Tu le vois rejeté par presque toutes. En conséquence, au lieu de trouver la Vie, elles trouvent la mort.",6e Heure — Deuxième Heure de l’Agonie dans le Jardin,C,C’est,,PASSION24.HOUR.06.P012,"Père, si c’est possible, que s’écarte de Moi ce calice. Cependant, non pas ma Volonté, mais la Tienne.",107,PASSION24.HOUR.06.P012#R00,104,0,2,JESUS,106,8428f176c5d3b2f9f2531708b23f28183f7ed9069d849270670009befa4fb4ee,106,104
165,PASSION24.HOUR.07.P007#R00,e49753ed49c7c432,165,165," Jésus, Tu vacilles et Tu es sur le point de tomber. Alors Jean étend les bras pour Te soutenir. Tu es tellement méconnaissable. Si ce n’était pas de ta suave Voix, tes disciples n",« ,"« Mes fils, ne dormez pas, l’heure est proche. Ne voyez-vous pas à quel état Je suis réduit ? De grâce, aidez-Moi, ne M’abandonnez pas en ces Heures si terribles ! » Jésus, Tu vacilles et Tu es sur le point de tomber. Alors Jean étend les bras pour Te soutenir. Tu es tellement méconnaissable. Si ce n’était pas de ta suave Voix, tes disciples ne Te reconnaîtraient pas. Puis, leur recommandant de veiller et de prier, Tu retournes dans le Jardin.",7e Heure — Troisième Heure de l’Agonie dans le Jardin,J,Jésus,,PASSION24.HOUR.07.P007,"Mes fils, ne dormez pas, l’heure est proche. Ne voyez-vous pas à quel état Je suis réduit ? De grâce, aidez-Moi, ne M’abandonnez pas en ces Heures si terribles !",166,PASSION24.HOUR.07.P007#R00,163,0,2,JESUS,165,429ce91512000e8c238fb51352f1e306e63843a56a8f64e71edadb196b16f904,165,163
147,PASSION24.HOUR.07.P015#R00,b0f82f05b9006a1e,147,147, Puis il me semble entendre que Tu appelles à l’aide ta chère Maman :,,"Mais regarde-Moi, ô Père. Je suis toujours ton Fils et Je fais un avec Toi. De grâce, aie pitié de Moi. Ô Père, ne Me laisse pas sans réconfort ! » Puis il me semble entendre que Tu appelles à l’aide ta chère Maman :",7e Heure — Troisième Heure de l’Agonie dans le Jardin,P,Puis,,PASSION24.HOUR.07.P015,"Mais regarde-Moi, ô Père. Je suis toujours ton Fils et Je fais un avec Toi. De grâce, aie pitié de Moi. Ô Père, ne Me laisse pas sans réconfort !",148,PASSION24.HOUR.07.P015#R00,145,0,0,JESUS,147,b4787918206c53d49090f534a3e5f8d98200b30fb4b77ef2f94900f4c67452a6,147,145
22,PASSION24.HOUR.07.P030#R00,65055d1d82325a20,22,22," Jésus, chacun de tes Gémissements est une blessure à mon cœur. Je fais miens ton Sang, ton Vouloir, ton Zèle ardent, ton Amour.",,"Venez, âmes, venez ! » Jésus, chacun de tes Gémissements est une blessure à mon cœur. Je fais miens ton Sang, ton Vouloir, ton Zèle ardent, ton Amour.",7e Heure — Troisième Heure de l’Agonie dans le Jardin,J,Jésus,,PASSION24.HOUR.07.P030,"Venez, âmes, venez !",23,PASSION24.HOUR.07.P030#R00,20,0,0,JESUS,22,4634f58998a2ca1644376a8cb05d01dc31e96b4540fa01a1b7eeb08600c4a4c9,22,20
228,PASSION24.HOUR.07.P117#R00,6aeefd2b88884121,228,228," Ô Jésus agonisant, ta Vie est sur le point de s’éteindre. J’entends tes gémissements. Tes beaux Yeux sont voilés par la mort toute proche. Tous tes Membres cèdent et Tu sembles ne",« ,"« Ô mon enfant, combien d’âmes Me fuient et finissent par tomber dans l’éternelle ruine ! Comment pourra se calmer ma Souffrance si une seule âme se perd ? J’aime chaque âme, au même titre que J’aime toutes les âmes ensemble ! » Ô Jésus agonisant, ta Vie est sur le point de s’éteindre. J’entends tes gémissements. Tes beaux Yeux sont voilés par la mort toute proche. Tous tes Membres cèdent et Tu sembles ne plus respirer. Mon cœur est brisé de douleur. Je T’embrasse et je Te sens gelé. Je Te secoue et Tu ne donnes pas signe de vie : « Jésus, es-Tu mort ? »",7e Heure — Troisième Heure de l’Agonie dans le Jardin,Ô,Ô,,PASSION24.HOUR.07.P117,"Ô mon enfant, combien d’âmes Me fuient et finissent par tomber dans l’éternelle ruine ! Comment pourra se calmer ma Souffrance si une seule âme se perd ? J’aime chaque âme, au même titre que J’aime toutes les âmes ensemble !",229,PASSION24.HOUR.07.P117#R00,226,0,2,JESUS,228,00e20c43e6c808401a53eefc135761653ba68719efa5848892680e06ab1396ea,228,226
128,PASSION24.HOUR.07.P125#R00,40788e4027f4361c,128,128," Mon Jésus angoissé, puisque Tu as voulu porter en Toi ma mort, je Te prie de venir m’assister au moment de ma mort.",,"Tu as bien vu qu’alors que Je mourais, Je recommençais à respirer. C’étaient les morts des créatures que Je ressentais en Moi. » Mon Jésus angoissé, puisque Tu as voulu porter en Toi ma mort, je Te prie de venir m’assister au moment de ma mort.",7e Heure — Troisième Heure de l’Agonie dans le Jardin,M,Mon,,PASSION24.HOUR.07.P125,"Tu as bien vu qu’alors que Je mourais, Je recommençais à respirer. C’étaient les morts des créatures que Je ressentais en Moi.",129,PASSION24.HOUR.07.P125#R00,126,0,0,JESUS,128,277905e8051e6342d63872a475a6e71d97656f9b8e581adf13daad0b4d2e6bdf,128,126
111,PASSION24.HOUR.08.P007#R00,d9e7fca8725e0061,111,111," On dirait que c’est à moi aussi que Tu adresses cette Parole, non en m’appelant “ami”, mais en m’appelant du doux nom d’“enfant”.","Ah ! comme elle m’est douce au cœur, la Parole que Tu adressas à Judas : « ","Ah ! comme elle m’est douce au cœur, la Parole que Tu adressas à Judas : « Mon ami, pourquoi es-tu venu ici ? » On dirait que c’est à moi aussi que Tu adresses cette Parole, non en m’appelant “ami”, mais en m’appelant du doux nom d’“enfant”.",8e Heure — L’arrestation de Jésus dans le Jardin des Oliviers,O,On,,PASSION24.HOUR.08.P007,"Mon ami, pourquoi es-tu venu ici ?",112,PASSION24.HOUR.08.P007#R00,109,0,75,JESUS,111,defe0ee6ba0584e501ca00f7c12a98e001fd65bdcc8de6ce8b08bc98bc626147,111,109
42,PASSION24.HOUR.08.P008#R00,841ee3707c4666e0,42,42," Et je veux Te répondre : « Jésus, je viens pour T’aimer. »",« ,"« Mon enfant, pourquoi es-tu venue ici ? » Et je veux Te répondre : « Jésus, je viens pour T’aimer. »",8e Heure — L’arrestation de Jésus dans le Jardin des Oliviers,E,Et,,PASSION24.HOUR.08.P008,"Mon enfant, pourquoi es-tu venue ici ?",43,PASSION24.HOUR.08.P008#R00,40,0,2,JESUS,42,c5c6edd2c3cb979c27c8612ac78bf87b65b416228afd4ae4335f6c24bed10920,42,40
42,PASSION24.HOUR.08.P009#R00,4fe328c13798eea9,42|140,42|140," quand je me réveille le matin ou quand je Te prie. Tu me répètes : « Pourquoi es-tu venue ici ? » à travers la sainte Hostie, quand je viens Te recevoir dans mon cœur. Quel beau r",Tu me dis : « ,"Tu me dis : « Pourquoi es-tu venue ici ? » quand je me réveille le matin ou quand je Te prie. Tu me répètes : « Pourquoi es-tu venue ici ? » à travers la sainte Hostie, quand je viens Te recevoir dans mon cœur. Quel beau rappel pour moi !",8e Heure — L’arrestation de Jésus dans le Jardin des Oliviers,q,quand,,PASSION24.HOUR.08.P009,Pourquoi es-tu venue ici ?,43,PASSION24.HOUR.08.P009#R00,40,0,14,JESUS,42|140,840d2a04d5614d1f5e0eab3d41e237aec1f00c982b89c5cb590f3a979b11d23b,42,40
140,PASSION24.HOUR.08.P009#R01,6906fb4659e581eb,42|140,42|140," à travers la sainte Hostie, quand je viens Te recevoir dans mon cœur. Quel beau rappel pour moi !",ue ici ? » quand je me réveille le matin ou quand je Te prie. Tu me répètes : « ,"Tu me dis : « Pourquoi es-tu venue ici ? » quand je me réveille le matin ou quand je Te prie. Tu me répètes : « Pourquoi es-tu venue ici ? » à travers la sainte Hostie, quand je viens Te recevoir dans mon cœur. Quel beau rappel pour moi !",8e Heure — L’arrestation de Jésus dans le Jardin des Oliviers,à,à,,PASSION24.HOUR.08.P009,Pourquoi es-tu venue ici ?,141,PASSION24.HOUR.08.P009#R01,138,1,112,JESUS,42|140,840d2a04d5614d1f5e0eab3d41e237aec1f00c982b89c5cb590f3a979b11d23b,140,138
49,PASSION24.HOUR.08.P010#R00,05e514410f59e6aa,49,49, répondent : « Je viens pour T’offenser ! »,"Mais combien, à ton « ","Mais combien, à ton « Pourquoi es-tu venu ici ? » répondent : « Je viens pour T’offenser ! »",8e Heure — L’arrestation de Jésus dans le Jardin des Oliviers,r,répondent,,PASSION24.HOUR.08.P010,Pourquoi es-tu venu ici ?,50,PASSION24.HOUR.08.P010#R00,47,0,22,JESUS,49,7b830264a69d1efb5682e5dfff1dc86a35ff37c8000163489309fe6280950518,49,47
34,PASSION24.HOUR.08.P014#R00,952ca05a8b6285c3,34,34," Par ces simples paroles, Tu dis tout. Tu Te fais connaître pour ce que Tu es. Tant et si bien que tes ennemis tremblent et tombent à la renverse, comme morts.",Alors Tu leur dis : « ,"Alors Tu leur dis : « Me voici ! » Par ces simples paroles, Tu dis tout. Tu Te fais connaître pour ce que Tu es. Tant et si bien que tes ennemis tremblent et tombent à la renverse, comme morts.",8e Heure — L’arrestation de Jésus dans le Jardin des Oliviers,P,Par,,PASSION24.HOUR.08.P014,Me voici !,35,PASSION24.HOUR.08.P014#R00,32,0,22,JESUS,34,74bd1faae3bdbdaa45b8c65b75a113bc02ba81821b8903f28350c8c931555ee5,34,32
50,PASSION24.HOUR.08.P015#R00,abc8c05392d2e76b,50,50," que Tu les rappelles à la Vie et que, de ta propre initiative, Tu Te places entre leurs mains. Et eux, perfides et ingrats, au lieu de s’humilier et de trembler à tes pieds pour T","Et Toi, ô Amour, c’est par un autre « ","Et Toi, ô Amour, c’est par un autre « Me voici ! » que Tu les rappelles à la Vie et que, de ta propre initiative, Tu Te places entre leurs mains. Et eux, perfides et ingrats, au lieu de s’humilier et de trembler à tes pieds pour Te demander pardon, ils abusent de ta Bonté et ils méprisent tes Grâces et tes Prodiges, ils Te mettent les Mains dans le dos et, avec des cordes et des chaînes, Te lient, Te serrent, Te jettent par terre, Te foulent aux pieds, Te tirent par les Cheveux. Et Toi, avec une patience inouïe, Tu Te tais, Tu souffres et Tu répares les offenses qui, malgré tes Miracles, sont faites obstinément. Par les cordes et les chaînes que Tu supportes, Tu brises les chaînes de nos fautes et Tu nous attaches par la douce chaîne de l’Amour.",8e Heure — L’arrestation de Jésus dans le Jardin des Oliviers,q,que,,PASSION24.HOUR.08.P015,Me voici !,51,PASSION24.HOUR.08.P015#R00,48,0,38,JESUS,50,0e8e25ba179b80db3015404fdc30bbeda72ac9d5710f67750d4468b27e4e1506,50,48
147,PASSION24.HOUR.09.P010#R00,2b5ffe70fd5050ff,147,147," Oui, mon Jésus, avec l’aide de ta Grâce et en m’identifiant à ta Divine Volonté je Te promets de ne jamais Te laisser seul.",,"Ah ! mon enfant, comme il est dur pour Moi cet abandon ! Je t’en prie, répare ma cruelle Souffrance par la promesse de ne jamais Me laisser seul. » Oui, mon Jésus, avec l’aide de ta Grâce et en m’identifiant à ta Divine Volonté je Te promets de ne jamais Te laisser seul.",9e Heure — Jésus est précipité dans le torrent du Cédron,O,Oui,,PASSION24.HOUR.09.P010,"Ah ! mon enfant, comme il est dur pour Moi cet abandon ! Je t’en prie, répare ma cruelle Souffrance par la promesse de ne jamais Me laisser seul.",148,PASSION24.HOUR.09.P010#R00,145,0,0,JESUS,147,0eff0c7e558d2dd5c679da7ac7e3b9e3db060a824c6ca1705cb32c65c1e83ebe,147,145
206,PASSION24.HOUR.10.P002#R00,84346c9896e8f9e5,206,206," À ces Paroles, tous tremblent. Perfidement, un serviteur s’approche de Toi. D’une main ferrée, il Te donne une gifle si forte qu’elle Te fait chanceler et rend livide ton doux Vis","sus, pour défendre la Gloire du Père, Tu réponds d’une Voix sonore et digne : « ","Il T’interroge sur ta Doctrine et tes disciples. Et Toi, ô Jésus, pour défendre la Gloire du Père, Tu réponds d’une Voix sonore et digne : « J’ai parlé en public, et tous ceux qui sont ici M’ont entendu ! » À ces Paroles, tous tremblent. Perfidement, un serviteur s’approche de Toi. D’une main ferrée, il Te donne une gifle si forte qu’elle Te fait chanceler et rend livide ton doux Visage !",10e Heure — Jésus est présenté à Anne,À,À,,PASSION24.HOUR.10.P002,"J’ai parlé en public, et tous ceux qui sont ici M’ont entendu !",207,PASSION24.HOUR.10.P002#R00,204,0,141,JESUS,206,8693e4f039b62d7bbfeffcc5c2dc4e37512184a6e4db7fbffa482a8843993b35,206,204
141,PASSION24.HOUR.11.P010#R00,ab3b3fe4d163763e,141,141," Mon doux Amour, le vacarme de tes ennemis est si considérable qu’il m’empêche de prendre un peu de sommeil. Les coups deviennent plus violents. J’entends le bruit des chaînes avec",,"Tu acquerras la force en Me voyant souffrir à ce point. Ce sera la plus belle défense que tu puisses M’accorder. Sois fidèle et attentive ! » Mon doux Amour, le vacarme de tes ennemis est si considérable qu’il m’empêche de prendre un peu de sommeil. Les coups deviennent plus violents. J’entends le bruit des chaînes avec lesquelles ils T’ont attaché si fermement que de tes Poignets jaillit du Sang, lequel marque ces rues.","11e Heure — Chez Caïphe, Jésus est accusé par de faux témoins",M,Mon,,PASSION24.HOUR.11.P010,Tu acquerras la force en Me voyant souffrir à ce point. Ce sera la plus belle défense que tu puisses M’accorder. Sois fidèle et attentive !,142,PASSION24.HOUR.11.P010#R00,139,0,0,JESUS,141,03748084ad481a333bb73fba4edf9d706a36d29b6a6898be656c4e342f9ea5ce,141,139
251,PASSION24.HOUR.11.P021#R00,ab96671683722f9f,251,251," Mon Bien renié, comme elles se reconnaissent vite les offenses de ceux qui Te sont les plus chers !",,"Ah ! Pierre, tu ne Me connais pas ? Tu ne te souviens pas de tous les Bienfaits dont Je t’ai comblé ? Si les autres Me font mourir de peines, toi, tu Me fais mourir de douleur ! Comme tu as mal fait de t’exposer aux occasions en Me suivant de loin ! » Mon Bien renié, comme elles se reconnaissent vite les offenses de ceux qui Te sont les plus chers !","11e Heure — Chez Caïphe, Jésus est accusé par de faux témoins",M,Mon,,PASSION24.HOUR.11.P021,"Ah ! Pierre, tu ne Me connais pas ? Tu ne te souviens pas de tous les Bienfaits dont Je t’ai comblé ? Si les autres Me font mourir de peines, toi, tu Me fais mourir de douleur ! Comme tu as mal fait de t’exposer aux occasions en Me suivant de loin !",252,PASSION24.HOUR.11.P021#R00,249,0,0,JESUS,251,a6762f6245c19d99c3d520afa0563f45b2c0f5645b86da76b5a8bcbc4e118a74,251,249
126,PASSION24.HOUR.11.P030#R00,3db946d2e7c76415,126,126," À ces Paroles solennelles, tous font silence et frissonnent d’épouvante. Après quelques instants de sa propre épouvante, Caïphe, furieux comme une bête féroce, dit à tous : « À qu",« ,"« C’est toi qui le dis. Je suis le Fils de Dieu. Un jour Je descendrai sur les nuées du Ciel pour juger toutes les nations. » À ces Paroles solennelles, tous font silence et frissonnent d’épouvante. Après quelques instants de sa propre épouvante, Caïphe, furieux comme une bête féroce, dit à tous : « À quoi bon les témoins maintenant ? Il vient de proférer un grand blasphème. Qu’attendons-nous de plus pour le condamner ? Il est coupable de mort ! »","11e Heure — Chez Caïphe, Jésus est accusé par de faux témoins",À,À,,PASSION24.HOUR.11.P030,C’est toi qui le dis. Je suis le Fils de Dieu. Un jour Je descendrai sur les nuées du Ciel pour juger toutes les nations.,126,PASSION24.HOUR.11.P030#R00,123,0,2,JESUS,126,428cebcfe9048cf1bf025e341d938e882e5f9e8198fd33bc23a8185508c3ed8c,125,123
147,PASSION24.HOUR.13.P005#R00,c9f76a28d9dbeec0,147,147," Mon Jésus, à ma stupeur, je vois qu’au lieu de Te préoccuper de tes Peines, Tu penses avec un Amour indicible à glorifier le Père pour Le dédommager de nos négligences envers Lui,",Tu me réponds : « ,"Tu me réponds : « Viens, ô âme. Sois attentive à tout ce que tu Me vois faire pour le faire avec Moi, afin que Je puisse continuer ma Vie en toi. » Mon Jésus, à ma stupeur, je vois qu’au lieu de Te préoccuper de tes Peines, Tu penses avec un Amour indicible à glorifier le Père pour Le dédommager de nos négligences envers Lui, et Tu appelles toutes les âmes autour de Toi pour prendre tous leurs maux sur Toi et leur donner tous tes Biens.",13e Heure — L’emprisonnement de Jésus,M,Mon,,PASSION24.HOUR.13.P005,"Viens, ô âme. Sois attentive à tout ce que tu Me vois faire pour le faire avec Moi, afin que Je puisse continuer ma Vie en toi.",148,PASSION24.HOUR.13.P005#R00,145,0,18,JESUS,147,a0e6d29206019aae50560efe0eeb3cb912c467a6f54555e7dad2fce6fe204bef,147,145
162,PASSION24.HOUR.15.P005#R00,b0d9150168887b94,162,162," Pilate est surpris et touché par la suavité et la dignité de tes Paroles, et il Te dit : « Comment, Tu es roi ? »",« ,"« Mon Règne n’est pas de ce monde. Si mon Règne était de ce monde, mes ministres feraient tous leurs efforts pour que Je ne sois pas remis au pouvoir des Juifs. » Pilate est surpris et touché par la suavité et la dignité de tes Paroles, et il Te dit : « Comment, Tu es roi ? »","15e Heure — Jésus est devant Pilate, puis devant Hérode",P,Pilate,,PASSION24.HOUR.15.P005,"Mon Règne n’est pas de ce monde. Si mon Règne était de ce monde, mes ministres feraient tous leurs efforts pour que Je ne sois pas remis au pouvoir des Juifs.",163,PASSION24.HOUR.15.P005#R00,160,0,2,JESUS,162,1fe7971777119b2d85e26afa8216a2231531c0b31ca409479224af3c289a4642,162,160
103,PASSION24.HOUR.16.P015#R00,c38781be3f326df5,103,103," Comme elles sont réelles et incessantes nos décisions de faire passer Dieu en second, même chez ceux qui aiment Jésus !",,"Et Moi, Je suis prêt à accepter qu’on Me fasse passer après Barabbas pour réparer toutes ces fautes ! » Comme elles sont réelles et incessantes nos décisions de faire passer Dieu en second, même chez ceux qui aiment Jésus !",16e Heure — Barabbas est préféré à Jésus – La flagellation,C,Comme,,PASSION24.HOUR.16.P015,"Et Moi, Je suis prêt à accepter qu’on Me fasse passer après Barabbas pour réparer toutes ces fautes !",104,PASSION24.HOUR.16.P015#R00,101,0,0,JESUS,103,931b222d6046ed3b0f46fad9efda0d19fe435f9fc18b9a7584c4290cee10cf1f,103,101
76,PASSION24.HOUR.16.P028#R00,5486aa91827726ef,76,76," Jésus torturé, ton Amour passe d’un excès à l’autre. Je vois que tes bourreaux prennent des fouets de corde et Te battent sans pitié, à tel point que ton Corps infiniment saint de",,"Par conséquent, sois attentive à ce que Je fais, prie et répare avec Moi ! » Jésus torturé, ton Amour passe d’un excès à l’autre. Je vois que tes bourreaux prennent des fouets de corde et Te battent sans pitié, à tel point que ton Corps infiniment saint devient tout livide.",16e Heure — Barabbas est préféré à Jésus – La flagellation,J,Jésus,,PASSION24.HOUR.16.P028,"Par conséquent, sois attentive à ce que Je fais, prie et répare avec Moi !",77,PASSION24.HOUR.16.P028#R00,74,0,0,JESUS,76,587bfb1c0a6d2bf5885a6df287a9d1e209c2114dda005960440fe42202eb61ea,76,74
193,PASSION24.HOUR.16.P045#R00,cf41f2335bc92a4f,193,193," Jésus, l’Amour avec lequel Tu souffres est si grand, que Tu excites presque tes bourreaux à Te battre davantage !",,"Et que ces coups de fouets excusent ceux qui commettent le péché, qu’ils flagellent leurs passions. Qu’ils leur parlent de mon Amour, tant et si bien qu’ils soient forcés de céder devant Moi. » Jésus, l’Amour avec lequel Tu souffres est si grand, que Tu excites presque tes bourreaux à Te battre davantage !",16e Heure — Barabbas est préféré à Jésus – La flagellation,J,Jésus,,PASSION24.HOUR.16.P045,"Et que ces coups de fouets excusent ceux qui commettent le péché, qu’ils flagellent leurs passions. Qu’ils leur parlent de mon Amour, tant et si bien qu’ils soient forcés de céder devant Moi.",194,PASSION24.HOUR.16.P045#R00,191,0,0,JESUS,193,1f73884e661135a36c0a718ff48463c47ce393b61b6992adfce0922654cfdc5b,193,191
47,PASSION24.HOUR.17.P014#R00,7b342a37d8e3fa4f,47,47," Poursuivant dans leurs cruautés, tes ennemis Te font asseoir, déposent sur Toi une guenille de pourpre, prennent une couronne d’épines qu’ils viennent de fabriquer, et avec une fu",,"Toi, unis-toi à Moi, prie et répare avec Moi. » Poursuivant dans leurs cruautés, tes ennemis Te font asseoir, déposent sur Toi une guenille de pourpre, prennent une couronne d’épines qu’ils viennent de fabriquer, et avec une furie infernale, la placent sur ta Tête adorable. Puis, à coups de bâton, ils Te font pénétrer les épines dans la Tête.",17e Heure — Le couronnement d’épines – La condamnation à mort,P,Poursuivant,,PASSION24.HOUR.17.P014,"Toi, unis-toi à Moi, prie et répare avec Moi.",48,PASSION24.HOUR.17.P014#R00,45,0,0,JESUS,47,43ee151361e8da9e3f111010c2d6a7593c9f8fd186d831a4d9d4d40c455c2d58,47,45
155,PASSION24.HOUR.17.P027#R00,40e95396435d0052,155,155," Mon Amour, je Te prie de me piquer les oreilles de tes épines, afin qu’elles puissent n’entendre que ta Voix, mes yeux pour qu’ils ne regardent que Toi, ma bouche pour que ma lang",,"Va chez tous les cœurs et, en les piquant, fais-en sortir toutes les fumées d’orgueil et la pourriture qu’ils contiennent, et constitue-Moi Roi de tous. » Mon Amour, je Te prie de me piquer les oreilles de tes épines, afin qu’elles puissent n’entendre que ta Voix, mes yeux pour qu’ils ne regardent que Toi, ma bouche pour que ma langue reste muette par rapport à tout ce qui pourrait T’offenser et libre pour Te louer et Te bénir en toutes choses.",17e Heure — Le couronnement d’épines – La condamnation à mort,M,Mon,,PASSION24.HOUR.17.P027,"Va chez tous les cœurs et, en les piquant, fais-en sortir toutes les fumées d’orgueil et la pourriture qu’ils contiennent, et constitue-Moi Roi de tous.",155,PASSION24.HOUR.17.P027#R00,152,0,0,JESUS,155,0f4c182dace3c23c18bdd30ab9501bcb7b386d08d52a7da1783da27379314d7e,154,152
293,PASSION24.HOUR.17.P044#R00,02d24b2336098ce3,293,293," Mon Amour, je vois que, Te voyant si mal en point, Pilate frissonne.",,"Et J’enseigne à ceux qui commandent que seule la vertu, unie à un juste savoir, rend digne et capable de gouverner et de diriger les autres, tandis que toute dignité dépourvue de vertu est dangereuse et déplorable. Mon enfant, fais écho à mes Réparations et continue à contempler mes Peines. » Mon Amour, je vois que, Te voyant si mal en point, Pilate frissonne.",17e Heure — Le couronnement d’épines – La condamnation à mort,M,Mon,,PASSION24.HOUR.17.P044,"Et J’enseigne à ceux qui commandent que seule la vertu, unie à un juste savoir, rend digne et capable de gouverner et de diriger les autres, tandis que toute dignité dépourvue de vertu est dangereuse et déplorable. Mon enfant, fais écho à mes Réparations et continue à contempler mes Peines.",294,PASSION24.HOUR.17.P044#R00,291,0,0,JESUS,293,869646265b0de1edb6f2d546b46cb2d40350174de196dbf8071d9a1d625e2fc8,293,291
61,PASSION24.HOUR.18.P002#R00,1a03dce1bad598ae,61,61, Chaque goutte de ton Sang proclame : « Croix ! »,"À chacun de tes gémissements, je T’entends dire : « ","À chacun de tes gémissements, je T’entends dire : « Croix ! » Chaque goutte de ton Sang proclame : « Croix ! »",18e Heure — Jésus est chargé de sa Croix et conduit au Calvaire,C,Chaque,,PASSION24.HOUR.18.P002,Croix !,62,PASSION24.HOUR.18.P002#R00,59,0,52,JESUS,61,fa98377ab931e85708e829ea8ef54486dcbd089e3b78c1e5b3d50e2a5473b03b,61,59
156,PASSION24.HOUR.18.P031#R00,1f0a4a6441e89e55,156,156," Anxieux, Tu Te la fais placer sur tes Épaules infiniment saintes. Ah ! mon Jésus, ta Croix est trop légère pour ton Amour. Mais à son poids s’ajoute celui de nos fautes, aussi lou",,"Tandis que Je dois quitter cette terre, toi, tu seras toujours à Moi. Je te donne en dot toutes les âmes. Garde-les-Moi, sauve-les-Moi. Je te les confie ! » Anxieux, Tu Te la fais placer sur tes Épaules infiniment saintes. Ah ! mon Jésus, ta Croix est trop légère pour ton Amour. Mais à son poids s’ajoute celui de nos fautes, aussi lourd que toute la terre. Mon Bien, Tu Te sens écrasé sous le poids de tant de fautes.",18e Heure — Jésus est chargé de sa Croix et conduit au Calvaire,A,Anxieux,,PASSION24.HOUR.18.P031,"Tandis que Je dois quitter cette terre, toi, tu seras toujours à Moi. Je te donne en dot toutes les âmes. Garde-les-Moi, sauve-les-Moi. Je te les confie !",157,PASSION24.HOUR.18.P031#R00,154,0,0,JESUS,156,cab11dcd32a14a026be338b346679636e6f34ba5753e7927f0938690916b343f,156,154
148,PASSION24.HOUR.18.P113#R00,cf1e6bc6987f1206,148,148," Mon Bien dénudé, tandis qu’avec Toi je répare, je Te prie qu’au moyen de tes Mains infiniment saintes Tu me dépouilles de tout et que Tu ne permettes à aucune affection mauvaise d",,"Ah ! oui ! chacune de ces offenses est une mort que Je ressens. Si Je ne meurs pas, c’est parce que la Volonté de mon Père Éternel le veut ainsi ! » Mon Bien dénudé, tandis qu’avec Toi je répare, je Te prie qu’au moyen de tes Mains infiniment saintes Tu me dépouilles de tout et que Tu ne permettes à aucune affection mauvaise d’entrer dans mon cœur.",18e Heure — Jésus est chargé de sa Croix et conduit au Calvaire,M,Mon,,PASSION24.HOUR.18.P113,"Ah ! oui ! chacune de ces offenses est une mort que Je ressens. Si Je ne meurs pas, c’est parce que la Volonté de mon Père Éternel le veut ainsi !",149,PASSION24.HOUR.18.P113#R00,146,0,0,JESUS,148,cb4b37cbd6dedf7076f2bf3d846746085161caa027dc233a6577133b8fdae357,148,146
95,PASSION24.HOUR.19.P018#R00,95b4ea735113f996,95,95," Mais, qui peut dire tout ce que mon doux Jésus a dit sur la Croix ? Et tandis que Jésus parle ainsi, ses bourreaux Lui ordonnent de S’étendre sur la Croix. Il leur obéit prompteme",,"Et par toi Je donnerai de copieux Héritages, Victoires, Triomphes et Couronnes à mes enfants. » Mais, qui peut dire tout ce que mon doux Jésus a dit sur la Croix ? Et tandis que Jésus parle ainsi, ses bourreaux Lui ordonnent de S’étendre sur la Croix. Il leur obéit promptement, réparant ainsi nos désobéissances.",19e Heure — La Crucifixion,M,Mais,,PASSION24.HOUR.19.P018,"Et par toi Je donnerai de copieux Héritages, Victoires, Triomphes et Couronnes à mes enfants.",96,PASSION24.HOUR.19.P018#R00,93,0,0,JESUS,95,52eb8baa16a1bc6b09855b603038e76a0c8f5e64939e8e0427cb0944cc5ee541,95,93
145,PASSION24.HOUR.19.P126#R00,401e90823d4cf900,145,145," Mon Jésus plein d’amertume, ma voix, fondue dans la Tienne, veut faire face à toutes ces offenses.",,"Pitié, pitié pour la pauvre créature ! Moi Je réponds d’elle par ma Langue rendue amère par le fiel, desséchée par la Soif, brûlée par l’Amour. » Mon Jésus plein d’amertume, ma voix, fondue dans la Tienne, veut faire face à toutes ces offenses.",19e Heure — La Crucifixion,M,Mon,,PASSION24.HOUR.19.P126,"Pitié, pitié pour la pauvre créature ! Moi Je réponds d’elle par ma Langue rendue amère par le fiel, desséchée par la Soif, brûlée par l’Amour.",146,PASSION24.HOUR.19.P126#R00,143,0,0,JESUS,145,59fd3c15dea84b0c07649f2b9217e8f0245990670767e842891fc56234f59930,145,143
119,PASSION24.HOUR.19.P137#R00,1872e87a78c075c7,119,119," Mon Jésus, ton Amour est un doux enchantement pour moi et me pousse à faire ce que Tu fais.",,"Au contraire, Je T’attirerai de plus en plus près d’elles, pour que Tu déverses sur elles tes Grâces de Miséricorde ! » Mon Jésus, ton Amour est un doux enchantement pour moi et me pousse à faire ce que Tu fais.",19e Heure — La Crucifixion,M,Mon,,PASSION24.HOUR.19.P137,"Au contraire, Je T’attirerai de plus en plus près d’elles, pour que Tu déverses sur elles tes Grâces de Miséricorde !",120,PASSION24.HOUR.19.P137#R00,117,0,0,JESUS,119,35229feb7a00d6db2836a7aef77e8607ce78b3777ead92853d7ce41136ead797,119,117
150,PASSION24.HOUR.19.P165#R00,a886a0a5ee8c4351,150,150," Mais Toi, ô mon Jésus, triomphant de tout, Tu défends même ces âmes, Tu endigues par l’Amour immense de ton Cœur les vagues des amertumes et des blessures qu’elles Te procurent.",,"Ah ! Fils, Je ne peux plus contenir mon Indignation devant l’ingratitude de ces âmes qui M’affligent plus que toutes les autres créatures ensemble ! » Mais Toi, ô mon Jésus, triomphant de tout, Tu défends même ces âmes, Tu endigues par l’Amour immense de ton Cœur les vagues des amertumes et des blessures qu’elles Te procurent.",19e Heure — La Crucifixion,M,Mais,,PASSION24.HOUR.19.P165,"Ah ! Fils, Je ne peux plus contenir mon Indignation devant l’ingratitude de ces âmes qui M’affligent plus que toutes les autres créatures ensemble !",151,PASSION24.HOUR.19.P165#R00,148,0,0,FATHER,150,6ba1e33250ef2d57dcbccfeefa285ce1fa276c49413273b400b492b198c7f4cc,150,148
63,PASSION24.HOUR.20.P010#R00,7412234217fb4dfb,63,63," Et, de nouveau, Tu Te renfermes dans le silence, Tu es plongé dans des Souffrances inouïes.",« ,"« Père, pardonne-leur, car ils ne savent pas ce qu’ils font ! » Et, de nouveau, Tu Te renfermes dans le silence, Tu es plongé dans des Souffrances inouïes.",20e Heure — Première Heure d’Agonie sur la Croix,E,Et,,PASSION24.HOUR.20.P010,"Père, pardonne-leur, car ils ne savent pas ce qu’ils font !",64,PASSION24.HOUR.20.P010#R00,61,0,2,JESUS,63,a9e4c2c95dc592a31ac7a4eccd86324863e7d3c479e2dbf2051795623d03f657,63,61
69,PASSION24.HOUR.21.P020#R00,d7c11dface130a12,69,69, et à Jean : « Voici ta Mère ! »,Troisième Parole : Jésus dit à sa Maman : « ,"Troisième Parole : Jésus dit à sa Maman : « Femme, voici ton fils ! » et à Jean : « Voici ta Mère ! »",21e Heure — Deuxième Heure d’Agonie sur la Croix,e,et,,PASSION24.HOUR.21.P020,"Femme, voici ton fils !",70,PASSION24.HOUR.21.P020#R00,67,0,44,JESUS,69,052a0cbd283fcc77c9daf86d45bfda1b4ff7f1adf4cfe22f0c3a498ae828e832,69,67
137,PASSION24.HOUR.21.P023#R00,79b490e87bb8bb75,137,137," Leur ayant tout donné, Tu n’as plus rien à donner aux créatures. Tu tournes ton Regard suppliant vers ta Maman. Elle comme Toi, se sent crucifiée à cause de tes Souffrances et de ",Il Te fait dire : « ,"Il Te fait dire : « Tu vois, ô âme, combien Je t’ai aimée. Si tu ne veux pas avoir pitié de toi-même, aie au moins pitié de mon Amour ! » Leur ayant tout donné, Tu n’as plus rien à donner aux créatures. Tu tournes ton Regard suppliant vers ta Maman. Elle comme Toi, se sent crucifiée à cause de tes Souffrances et de l’Amour qui la torture.",21e Heure — Deuxième Heure d’Agonie sur la Croix,L,Leur,,PASSION24.HOUR.21.P023,"Tu vois, ô âme, combien Je t’ai aimée. Si tu ne veux pas avoir pitié de toi-même, aie au moins pitié de mon Amour !",138,PASSION24.HOUR.21.P023#R00,135,0,20,JESUS,137,cfd323fd3ba0dee71cfaeced5d39d7b952e8eab8bb9a70e77dfa1eb80f1c27a5,137,135
118,PASSION24.HOUR.21.P025#R00,618d4ab7c3b051aa,118,118, et Tu dis à Jean : « Voici ta Mère ! »,"Jean à tout le genre humain, Tu dis à Marie d’une Voix remplie de tendresse : « ","En associant Jean à tout le genre humain, Tu dis à Marie d’une Voix remplie de tendresse : « Femme, voici ton Fils ! » et Tu dis à Jean : « Voici ta Mère ! »",21e Heure — Deuxième Heure d’Agonie sur la Croix,e,et,,PASSION24.HOUR.21.P025,"Femme, voici ton Fils !",119,PASSION24.HOUR.21.P025#R00,116,0,93,JESUS,118,4f17e7481c78ea22cd59796b4e66c063b6db0e0e8cf9ef5ec12759c6d2de3d70,118,116
216,PASSION24.HOUR.21.P027#R00,0f7c3736b10d5e6a,216,216," Et ta sainte Maman accepte. Je veux ici, ô mon Jésus, réparer les offenses qui sont faites à ta Très Sainte Mère, les blasphèmes et les ingratitudes de tant de gens qui ne veulent",« ,"« Ma Mère, Je te confie tous mes enfants. Tout l’Amour que tu ressens pour Moi, ressens-le pour eux ! Que tous tes égards et toutes tes tendresses maternelles soient pour mes enfants. Toi, tu Me les sauveras tous ! » Et ta sainte Maman accepte. Je veux ici, ô mon Jésus, réparer les offenses qui sont faites à ta Très Sainte Mère, les blasphèmes et les ingratitudes de tant de gens qui ne veulent pas reconnaître le grand Bienfait que Tu as accordé à tous, en nous donnant Marie comme Mère.",21e Heure — Deuxième Heure d’Agonie sur la Croix,E,Et,,PASSION24.HOUR.21.P027,"Ma Mère, Je te confie tous mes enfants. Tout l’Amour que tu ressens pour Moi, ressens-le pour eux ! Que tous tes égards et toutes tes tendresses maternelles soient pour mes enfants. Toi, tu Me les sauveras tous !",217,PASSION24.HOUR.21.P027#R00,214,0,2,JESUS,216,76138a89389e9f6dbed5406a7b8f8adc2f3c6f44db3a3758f81310d50242557e,216,214
86,PASSION24.HOUR.21.P068#R00,08ab065b41606d33,86,86," Mon Amour, combien je suis désolée ! Tu T’essouffles !",,"De grâce, pitié pour mon Sang, pour mes Plaies, pour ma Mort ! Ne M’abandonnez pas ! » Mon Amour, combien je suis désolée ! Tu T’essouffles !",21e Heure — Deuxième Heure d’Agonie sur la Croix,M,Mon,,PASSION24.HOUR.21.P068,"De grâce, pitié pour mon Sang, pour mes Plaies, pour ma Mort ! Ne M’abandonnez pas !",87,PASSION24.HOUR.21.P068#R00,84,0,0,JESUS,86,d4dea4d9c20e2b2cec80528c3929973574abe435d4315b233d3cb2db7c3af613,86,84
160,PASSION24.HOUR.22.P006#R00,e53ec81f1080f204,160,160," Ah ! cette Parole, Tu la dis de tout ton divin Cœur :","reté à l’intérieur de Toi. Rassemblant tes forces très affaiblies, Tu cries : « ","Par l’eau que Tu aimerais boire, Tu voudrais nous mettre tous en sûreté à l’intérieur de Toi. Rassemblant tes forces très affaiblies, Tu cries : « J’ai soif ! » Ah ! cette Parole, Tu la dis de tout ton divin Cœur :",22e Heure — Troisième Heure d’Agonie sur la Croix – Mort de Jésus,A,Ah,,PASSION24.HOUR.22.P006,J’ai soif !,161,PASSION24.HOUR.22.P006#R00,158,0,147,JESUS,160,4d8a62b88b431940e9534e919efcf8d829fcfa97c22c5ed59003a8e5fc64a727,160,158
23,PASSION24.HOUR.22.P022#R00,9a9469d0093535c2,23,23," Ô mon Jésus, Tu as déjà tout épuisé. Il ne Te reste rien d’autre. L’Amour est parvenu à son terme. Et moi, me suis-je consumée tout entière par amour ? Quels remerciements ne devr",« ,"« Tout est consommé ! » Ô mon Jésus, Tu as déjà tout épuisé. Il ne Te reste rien d’autre. L’Amour est parvenu à son terme. Et moi, me suis-je consumée tout entière par amour ? Quels remerciements ne devrais-je pas Te faire. Quelle ne devrait pas être ma gratitude envers Toi ?",22e Heure — Troisième Heure d’Agonie sur la Croix – Mort de Jésus,Ô,Ô,,PASSION24.HOUR.22.P022,Tout est consommé !,24,PASSION24.HOUR.22.P022#R00,21,0,2,JESUS,23,4c0b8a36dcc295d5e9d25509a74b5f28a74540d4701d710fe7a2b7ddedf54ada,23,21
237,PASSION24.HOUR.22.REF.P001#R00,467399e9d3441756,237,237," Jésus S’est sacrifié tout entier pour nous. Et nous, en toute chose, nous efforçons-nous d’être continuellement consumés d’amour pour Lui ? Toutes les Actions, Paroles et Pensées ","if ardente ? Jésus assoiffé, ne pouvant supporter la Soif qui Le brûle, dit : « ","Jésus brûle de Soif. Et nous, brûlons-nous d’amour pour Lui ? Nos pensées et nos affections ont-elles toujours pour but d’étancher sa Soif ardente ? Jésus assoiffé, ne pouvant supporter la Soif qui Le brûle, dit : « Tout est consommé ! » Jésus S’est sacrifié tout entier pour nous. Et nous, en toute chose, nous efforçons-nous d’être continuellement consumés d’amour pour Lui ? Toutes les Actions, Paroles et Pensées de Jésus Le portaient vers le sacrifice total de Lui-même. Et nous, chacune de nos actions, paroles et pensées nous poussent-elles à nous consumer d’amour pour Lui ? Jésus, ma douce Vie, que ton Haleine moribonde pénètre dans mon pauvre cœur pour que je puisse recevoir l’empreinte de ton Sacrifice total. Sur la Croix, Jésus accomplit en toute chose la Volonté du Père et Il expire dans un Acte de parfait abandon à cette Volonté infiniment sainte.",22e Heure — Réflexions,J,Jésus,,PASSION24.HOUR.22.REF.P001,Tout est consommé !,238,PASSION24.HOUR.22.REF.P001#R00,235,0,216,JESUS,237,aef902b37929a0c9da331e540ea8864c8446a769e0dee04ac844c692cf992b1a,237,235
119,PASSION24.HOUR.24.DESOL.P014#R00,a536547ef11eb0fe,119,119," Maman affligée, tu penches ta tête sur celle de Jésus, tu Lui donnes des baisers, et tu enfermes tes pensées dans les Siennes. Oh ! comme tu voudrais ranimer son Intelligence avec",,"Ah ! seul un échange de Vies entre Toi et moi peut me donner la force d’accomplir le sacrifice de me séparer de Toi ! » Maman affligée, tu penches ta tête sur celle de Jésus, tu Lui donnes des baisers, et tu enfermes tes pensées dans les Siennes. Oh ! comme tu voudrais ranimer son Intelligence avec la tienne, pour ainsi Lui donner vie pour Vie ! Maman affligée, je te vois donner des baisers aux Yeux éteints de Jésus. Oh ! comme tu souffres de constater que Jésus ne te regarde plus !",24e Heure — La Désolation de la Vierge Marie,M,Maman,,PASSION24.HOUR.24.DESOL.P014,Ah ! seul un échange de Vies entre Toi et moi peut me donner la force d’accomplir le sacrifice de me séparer de Toi !,120,PASSION24.HOUR.24.DESOL.P014#R00,117,0,0,MARY,119,b48fa53340ab3e134d64de89c61075aa79ceab49ad4d41f48267ebe4f1b4ee91,119,117
79,PASSION24.HOUR.24.DESOL.P027#R00,5b2269b9d672f4da,79,79," Ta douleur est telle, ô Maman, qu’elle te paralyse, te coupe la parole, et que tu es comme éteinte auprès du Visage de ton Jésus.",,"Ah ! Fils, si Tu me veux en vie, donne-moi tes Peines, autrement je mourrai ! » Ta douleur est telle, ô Maman, qu’elle te paralyse, te coupe la parole, et que tu es comme éteinte auprès du Visage de ton Jésus.",24e Heure — La Désolation de la Vierge Marie,T,Ta,,PASSION24.HOUR.24.DESOL.P027,"Ah ! Fils, si Tu me veux en vie, donne-moi tes Peines, autrement je mourrai !",80,PASSION24.HOUR.24.DESOL.P027#R00,77,0,0,MARY,79,4a1e4cbe49f3b893fd71fd11420a5f8fb767b35f3235ccabae6146cb67b77084,79,77
62,PASSION24.HOUR.24.DESOL.P037#R00,2dcda81ead3f863e,62,62," Maman torturée, je vois que tu te hâtes, car ceux qui sont autour de toi veulent fermer le sépulcre.",,"Ta Mère souffrante pourra vivre par le moyen de tes Peines ! » Maman torturée, je vois que tu te hâtes, car ceux qui sont autour de toi veulent fermer le sépulcre.",24e Heure — La Désolation de la Vierge Marie,M,Maman,,PASSION24.HOUR.24.DESOL.P037,Ta Mère souffrante pourra vivre par le moyen de tes Peines !,63,PASSION24.HOUR.24.DESOL.P037#R00,60,0,0,MARY,62,d2e153515dc6a4b42ffab8aee6cffba2d114db860020c964260620e20f68f5c3,62,60
195,PASSION24.SECTION.BENEFITS.P102#R00|PASSION24.TEXT.PROMISES_BENEFITS.BODY.P097#R00,ada6172837f10058,195,195," Il ajouta : «Au milieu de tant d'amertume que Me donnent les créatures, ces Heures sont pour Moi d'agréables petites douceurs, même si elles sont trop peu nombreuses, vu toute l'a",,"Par conséquent, avec quelle attention et quel respect les âmes doivent-elles faire les Heures de la Passion, sachant que les anges sont suspendus à leurs lèvres pour répéter ce qu'elles disent !» Il ajouta : «Au milieu de tant d'amertume que Me donnent les créatures, ces Heures sont pour Moi d'agréables petites douceurs, même si elles sont trop peu nombreuses, vu toute l'amertume que Je reçois des créatures.",Complément — Promesses et bienfaits,I,Il,,PASSION24.SECTION.BENEFITS.P102,"Par conséquent, avec quelle attention et quel respect les âmes doivent-elles faire les Heures de la Passion, sachant que les anges sont suspendus à leurs lèvres pour répéter ce qu'elles disent !",196,PASSION24.SECTION.BENEFITS.P102#R00,194,0,0,JESUS,195,e8cf7c9532d011ddcdb3e325a8c00c4e62277f85292bcc363554f92f0f6d16a2,195,194
217,PASSION24.SECTION.BENEFITS.P116#R00|PASSION24.TEXT.PROMISES_BENEFITS.BODY.P111#R00|PASSION24.TEXT.RELATED_HOUR_24.BODY.P017#R00,acd310e34802ee7a,217,217," Un jour, alors que j'en étais à l'Heure où la céleste Maman participa à l'ensevelissement de Jésus, je me tenais près d'elle pour la consoler.",,"Oh ! comme J'aimerais que, dans chaque ville, il y ait au moins une âme qui fasse les Heures de Ma Passion ! Je M'entendrais ainsi dans chaque ville. Et Ma Justice, si indignée en ces temps, serait en partie apaisée.» Un jour, alors que j'en étais à l'Heure où la céleste Maman participa à l'ensevelissement de Jésus, je me tenais près d'elle pour la consoler.",Complément — Promesses et bienfaits,U,Un,,PASSION24.SECTION.BENEFITS.P116,"Oh ! comme J'aimerais que, dans chaque ville, il y ait au moins une âme qui fasse les Heures de Ma Passion ! Je M'entendrais ainsi dans chaque ville. Et Ma Justice, si indignée en ces temps, serait en partie apaisée.",218,PASSION24.SECTION.BENEFITS.P116#R00,216,0,0,JESUS,217,b3ed347dba153e5287b4f32298a8692059f6ee73c490cfff16865f542ff705eb,217,216
78,PASSION24.SECTION.BENEFITS.P122#R00|PASSION24.TEXT.PROMISES_BENEFITS.BODY.P117#R00,241585f7ecd86511,78,78, Et Il me murmura tout ce que sa douce Maman fit et souffrit durant cette Heure.,"Ensuite, Il m'embrassa et me dit avec une grande douceur : «","Ensuite, Il m'embrassa et me dit avec une grande douceur : «Ma maman, maman !» Et Il me murmura tout ce que sa douce Maman fit et souffrit durant cette Heure.",Complément — Promesses et bienfaits,E,Et,,PASSION24.SECTION.BENEFITS.P122,"Ma maman, maman !",79,PASSION24.SECTION.BENEFITS.P122#R00,77,0,60,JESUS,78,618de3968214a522b2eb4060fe2bf1c5d72f9e062284c294c867f52b4cbe8921,78,77
157,PASSION24.SECTION.BENEFITS.P136#R00|PASSION24.TEXT.PROMISES_BENEFITS.BODY.P131#R00,3a7e133640a4f091,157,157, Jésus béni ajouta : «,,"Je Me sens dédommagé pour le mal que les autres créatures Me font et, sentant que ces âmes ne Me font aucun mal, mais plutôt du bien, Je M'appuie sur elles.» Jésus béni ajouta : «",Complément — Promesses et bienfaits,J,Jésus,,PASSION24.SECTION.BENEFITS.P136,"Je Me sens dédommagé pour le mal que les autres créatures Me font et, sentant que ces âmes ne Me font aucun mal, mais plutôt du bien, Je M'appuie sur elles.",158,PASSION24.SECTION.BENEFITS.P136#R00,156,0,0,JESUS,157,cb98d783303cb8bebf4ca989ab4b87890bf82f6d59867fddf1d94012c24029fc,157,156
140,PASSION24.SECTION.BENEFITS.P149#R00|PASSION24.TEXT.PROMISES_BENEFITS.BODY.P144#R00,25bb711060d8b9e7,140,140, Puis Il,,"Si Je ne trouve pas ces satisfactions, ah ! Ce sera le désastre : les fléaux vont se répandre par torrents. Ah ! Ma fille ! Ah ! Ma fille !» Puis Il",Complément — Promesses et bienfaits,P,Puis,,PASSION24.SECTION.BENEFITS.P149,"Si Je ne trouve pas ces satisfactions, ah ! Ce sera le désastre : les fléaux vont se répandre par torrents. Ah ! Ma fille ! Ah ! Ma fille !",141,PASSION24.SECTION.BENEFITS.P149#R00,139,0,0,JESUS,140,7a34ae5d5b22108be211dfb67e771e3f786d2bb77945ad491ba9b6fe91356c2a,140,139
,PASSION24.TEXT.PART_III_MARY_SORROWS.BODY.P057#R00,83ccbab86ac4d01a,78,78," ""Il est à la fois ancien et nouveau.""",,"Oh ! Combien la Création exalte de façon admirable ce dicton Me concernant : ""Il est à la fois ancien et nouveau.""",Texte — Les douleurs et souffrances de Marie Très Sainte,"""","""Il",,PASSION24.TEXT.PART_III_MARY_SORROWS.BODY.P057,Oh ! Combien la Création exalte de façon admirable ce dicton Me concernant :,77,PASSION24.TEXT.PART_III_MARY_SORROWS.BODY.P057#R00,76,0,0,JESUS,78,11fadb1c9becbd9fd8f76160ceeffaa2929af280bbbf6f0b916618ff8166a354,76,76
,PASSION24.TEXT.PART_III_MARY_SORROWS.BODY.P069#R00,1b526562eca34834,,,.,,"Ma Mère est donc la Reine de la Création, pour avoir dépassé «le Tout».",Texte — Les douleurs et souffrances de Marie Très Sainte,.,,,PASSION24.TEXT.PART_III_MARY_SORROWS.BODY.P069,"Ma Mère est donc la Reine de la Création, pour avoir dépassé «le Tout»",70,PASSION24.TEXT.PART_III_MARY_SORROWS.BODY.P069#R00,70,0,0,JESUS,60|70,70aeea302df7fb63f894fb7c8780d9438a111080c5cca40b481e16814a6b51ba,70,70
,PASSION24.TEXT.PART_III_MARY_SORROWS.BODY.P100#R00,8c01070e791769b5,40,40," ""Maman, veux-Tu faire ceci ? Veux-Tu souffrir cette peine ?""",,"Et Je Lui demandais alors sans cesse : ""Maman, veux-Tu faire ceci ? Veux-Tu souffrir cette peine ?""",Texte — Les douleurs et souffrances de Marie Très Sainte,"""","""Maman",,PASSION24.TEXT.PART_III_MARY_SORROWS.BODY.P100,Et Je Lui demandais alors sans cesse :,39,PASSION24.TEXT.PART_III_MARY_SORROWS.BODY.P100#R00,38,0,0,JESUS,40,855d46aaedc6eb18b2697774946e7879c4a2991e7e1568a6895a17b329d2c88a,38,38
,PASSION24.TEXT.PART_III_MARY_SORROWS.BODY.P180#R00,8a7ae55ea795ffcb,,, »,,"Ainsi, à partir de ce coût, ils pourront connaître combien Je désire qu’ils l’acquièrent ; ils pourront l’apprécier, l’aimer et aspirer à entrer et à vivre dans le Règne de Ma Volonté Suprême. »",Texte — Les douleurs et souffrances de Marie Très Sainte,»,,,PASSION24.TEXT.PART_III_MARY_SORROWS.BODY.P180,"Ainsi, à partir de ce coût, ils pourront connaître combien Je désire qu’ils l’acquièrent ; ils pourront l’apprécier, l’aimer et aspirer à entrer et à vivre dans le Règne de Ma Volonté Suprême.",193,PASSION24.TEXT.PART_III_MARY_SORROWS.BODY.P180#R00,192,0,0,JESUS,,1f341e7d776439ca0cba3b2f2170d578b1580ed98df82004fab8a1719d056523,192,192
195,PASSION24.SECTION.BENEFITS.P102#R00|PASSION24.TEXT.PROMISES_BENEFITS.BODY.P097#R00,ada6172837f10058,195,195," Il ajouta : «Au milieu de tant d'amertume que Me donnent les créatures, ces Heures sont pour Moi d'agréables petites douceurs, même si elles sont trop peu nombreuses, vu toute l'a",,"Par conséquent, avec quelle attention et quel respect les âmes doivent-elles faire les Heures de la Passion, sachant que les anges sont suspendus à leurs lèvres pour répéter ce qu'elles disent !» Il ajouta : «Au milieu de tant d'amertume que Me donnent les créatures, ces Heures sont pour Moi d'agréables petites douceurs, même si elles sont trop peu nombreuses, vu toute l'amertume que Je reçois des créatures.",Texte — Promesses et bienfaits,I,Il,,PASSION24.TEXT.PROMISES_BENEFITS.BODY.P097,"Par conséquent, avec quelle attention et quel respect les âmes doivent-elles faire les Heures de la Passion, sachant que les anges sont suspendus à leurs lèvres pour répéter ce qu'elles disent !",196,PASSION24.TEXT.PROMISES_BENEFITS.BODY.P097#R00,194,0,0,JESUS,195,e8cf7c9532d011ddcdb3e325a8c00c4e62277f85292bcc363554f92f0f6d16a2,195,194
217,PASSION24.SECTION.BENEFITS.P116#R00|PASSION24.TEXT.PROMISES_BENEFITS.BODY.P111#R00|PASSION24.TEXT.RELATED_HOUR_24.BODY.P017#R00,acd310e34802ee7a,217,217," Un jour, alors que j'en étais à l'Heure où la céleste Maman participa à l'ensevelissement de Jésus, je me tenais près d'elle pour la consoler.",,"Oh ! comme J'aimerais que, dans chaque ville, il y ait au moins une âme qui fasse les Heures de Ma Passion ! Je M'entendrais ainsi dans chaque ville. Et Ma Justice, si indignée en ces temps, serait en partie apaisée.» Un jour, alors que j'en étais à l'Heure où la céleste Maman participa à l'ensevelissement de Jésus, je me tenais près d'elle pour la consoler.",Texte — Promesses et bienfaits,U,Un,,PASSION24.TEXT.PROMISES_BENEFITS.BODY.P111,"Oh ! comme J'aimerais que, dans chaque ville, il y ait au moins une âme qui fasse les Heures de Ma Passion ! Je M'entendrais ainsi dans chaque ville. Et Ma Justice, si indignée en ces temps, serait en partie apaisée.",218,PASSION24.TEXT.PROMISES_BENEFITS.BODY.P111#R00,216,0,0,JESUS,217,b3ed347dba153e5287b4f32298a8692059f6ee73c490cfff16865f542ff705eb,217,216
78,PASSION24.SECTION.BENEFITS.P122#R00|PASSION24.TEXT.PROMISES_BENEFITS.BODY.P117#R00,241585f7ecd86511,78,78, Et Il me murmura tout ce que sa douce Maman fit et souffrit durant cette Heure.,"Ensuite, Il m'embrassa et me dit avec une grande douceur : «","Ensuite, Il m'embrassa et me dit avec une grande douceur : «Ma maman, maman !» Et Il me murmura tout ce que sa douce Maman fit et souffrit durant cette Heure.",Texte — Promesses et bienfaits,E,Et,,PASSION24.TEXT.PROMISES_BENEFITS.BODY.P117,"Ma maman, maman !",79,PASSION24.TEXT.PROMISES_BENEFITS.BODY.P117#R00,77,0,60,JESUS,78,618de3968214a522b2eb4060fe2bf1c5d72f9e062284c294c867f52b4cbe8921,78,77
157,PASSION24.SECTION.BENEFITS.P136#R00|PASSION24.TEXT.PROMISES_BENEFITS.BODY.P131#R00,3a7e133640a4f091,157,157, Jésus béni ajouta : «,,"Je Me sens dédommagé pour le mal que les autres créatures Me font et, sentant que ces âmes ne Me font aucun mal, mais plutôt du bien, Je M'appuie sur elles.» Jésus béni ajouta : «",Texte — Promesses et bienfaits,J,Jésus,,PASSION24.TEXT.PROMISES_BENEFITS.BODY.P131,"Je Me sens dédommagé pour le mal que les autres créatures Me font et, sentant que ces âmes ne Me font aucun mal, mais plutôt du bien, Je M'appuie sur elles.",158,PASSION24.TEXT.PROMISES_BENEFITS.BODY.P131#R00,156,0,0,JESUS,157,cb98d783303cb8bebf4ca989ab4b87890bf82f6d59867fddf1d94012c24029fc,157,156
140,PASSION24.SECTION.BENEFITS.P149#R00|PASSION24.TEXT.PROMISES_BENEFITS.BODY.P144#R00,25bb711060d8b9e7,140,140, Puis Il,,"Si Je ne trouve pas ces satisfactions, ah ! Ce sera le désastre : les fléaux vont se répandre par torrents. Ah ! Ma fille ! Ah ! Ma fille !» Puis Il",Texte — Promesses et bienfaits,P,Puis,,PASSION24.TEXT.PROMISES_BENEFITS.BODY.P144,"Si Je ne trouve pas ces satisfactions, ah ! Ce sera le désastre : les fléaux vont se répandre par torrents. Ah ! Ma fille ! Ah ! Ma fille !",141,PASSION24.TEXT.PROMISES_BENEFITS.BODY.P144#R00,139,0,0,JESUS,140,7a34ae5d5b22108be211dfb67e771e3f786d2bb77945ad491ba9b6fe91356c2a,140,139
111,PASSION24.TEXT.RELATED_HOUR_06.BODY.P033#R00,fa3c4b1f26b459fa,111,111," En disant cela, de sa sainte main, Jésus imprima ces morts d'amour en mon âme. Ensuite, Il disparut. Que tout soit pour la gloire de Dieu !",,"Je veux Moi-même accroître ta volonté et la consumer dans la mienne afin d'imprimer en elle ces morts d'Amour.» En disant cela, de sa sainte main, Jésus imprima ces morts d'amour en mon âme. Ensuite, Il disparut. Que tout soit pour la gloire de Dieu !",Texte — Textes liés à la 6e Heure,E,En,,PASSION24.TEXT.RELATED_HOUR_06.BODY.P033,Je veux Moi-même accroître ta volonté et la consumer dans la mienne afin d'imprimer en elle ces morts d'Amour.,112,PASSION24.TEXT.RELATED_HOUR_06.BODY.P033#R00,110,0,0,JESUS,111,27b35e712ada929b78118297d7fc554dba14fda1b6318572e41c700e353ae58a,111,110
121,PASSION24.TEXT.RELATED_HOUR_06.BODY.P036#R00,14f26d9ead6354e3,121,121," Bougeant en moi, mon doux Jésus me dit : «",,"Père, s'il est possible, que cette coupe passe loin de Moi. Toutefois, que non pas Ma Volonté mais la Tienne soit faite.» Bougeant en moi, mon doux Jésus me dit : «",Texte — Textes liés à la 6e Heure,B,Bougeant,,PASSION24.TEXT.RELATED_HOUR_06.BODY.P036,"Père, s'il est possible, que cette coupe passe loin de Moi. Toutefois, que non pas Ma Volonté mais la Tienne soit faite.",122,PASSION24.TEXT.RELATED_HOUR_06.BODY.P036#R00,120,0,0,JESUS,121,1f62146d2298f27729892e391de327598b75e862d1955694f2894e2462c263b4,121,120
49,PASSION24.TEXT.RELATED_HOUR_06.BODY.P043#R00,d232b2eca1f1740b,49,49, ?,,"Que non pas Ma Volonté mais la Tienne soit faite"" ?",Texte — Textes liés à la 6e Heure,?,,,PASSION24.TEXT.RELATED_HOUR_06.BODY.P043,"Que non pas Ma Volonté mais la Tienne soit faite""",50,PASSION24.TEXT.RELATED_HOUR_06.BODY.P043#R00,49,0,0,JESUS,49,a167c4cea985eb13e6aa55d60d9c022b26b8a3613f1d7b053339544aa694186e,49,49
49,PASSION24.TEXT.RELATED_HOUR_06.BODY.P058#R00,18bc4cefc924e44c,49,49, ?,,"Que non pas Ma volonté mais la tienne soit faite"" ?",Texte — Textes liés à la 6e Heure,?,,,PASSION24.TEXT.RELATED_HOUR_06.BODY.P058,"Que non pas Ma volonté mais la tienne soit faite""",50,PASSION24.TEXT.RELATED_HOUR_06.BODY.P058#R00,49,0,0,JESUS,49,f4df240dd916ae9db6393948d8bf4c6b4d3d55599473d51688697d462725c435,49,49
43,PASSION24.TEXT.RELATED_HOUR_07.BODY.P036#R00,a4be02f9e9d34d66,43,43," Pensant à ce que Jésus m'avait dit, je me disais : «",,"Je suis tout à eux et ils sont tout à Moi.» Pensant à ce que Jésus m'avait dit, je me disais : «",Texte — Textes liés à la 7e Heure,P,Pensant,,PASSION24.TEXT.RELATED_HOUR_07.BODY.P036,Je suis tout à eux et ils sont tout à Moi.,44,PASSION24.TEXT.RELATED_HOUR_07.BODY.P036#R00,42,0,0,JESUS,43,a75c135d1ac345599a8d6b115c1e8e80b0e9b23550e12183941fd2d116ddd210,43,42
268,PASSION24.TEXT.RELATED_HOUR_10.BODY.P009#R00,e58a9b9d51aaf8ed,268,268," Ensuite, Jésus me dit : «Tout ce que Je te demande, c'est de rester dans la droiture et la simplicité. Ne te préoccupe pas des opinions des créatures. Laisse-les penser ce qu'elle",,"Si vous voulez consulter deux ou trois prêtres parmi les meilleurs, les plus saints et les plus érudits afin d'être éclairé, Je vous y autorise. Mais pour le reste, non et non ! Ce serait vouloir gâcher Mes œuvres, les tourner en risée, ce qui Me déplairait beaucoup.» Ensuite, Jésus me dit : «Tout ce que Je te demande, c'est de rester dans la droiture et la simplicité. Ne te préoccupe pas des opinions des créatures. Laisse-les penser ce qu'elles veulent sans te troubler en rien. Car en voulant chercher l'approbation de toutes, tu cesses d'imiter Ma propre Vie.»",Texte — Textes liés à la 10e Heure,E,Ensuite,,PASSION24.TEXT.RELATED_HOUR_10.BODY.P009,"Si vous voulez consulter deux ou trois prêtres parmi les meilleurs, les plus saints et les plus érudits afin d'être éclairé, Je vous y autorise. Mais pour le reste, non et non ! Ce serait vouloir gâcher Mes œuvres, les tourner en risée, ce qui Me déplairait beaucoup.",269,PASSION24.TEXT.RELATED_HOUR_10.BODY.P009#R00,267,0,0,JESUS,268,c6748a7f3849a3d7058319b333cc0c038a0e257c46a192a2224a5e052e7f96e6,268,267
422,PASSION24.TEXT.RELATED_HOUR_13.BODY.P039#R00,a1a3101e44bebf00,422,422," Plus tard, je me suis dit : «",,"Ainsi, Mon emprisonnement continue et continuera encore longtemps. Nous sommes tous les deux prisonniers — toi, prisonnière dans ton lit, toute seule par amour pour Moi ; Moi, prisonnier pour toi — et, par Mon Amour, Je veux lier toutes les créatures avec les chaînes qui M'ont tenu captif. Nous nous tiendrons mutuellement compagnie et tu M'aideras à disposer des chaînes qui serviront à lier tous les cœurs à Mon Amour.» Plus tard, je me suis dit : «",Texte — Textes liés à la 13e Heure,P,Plus,,PASSION24.TEXT.RELATED_HOUR_13.BODY.P039,"Ainsi, Mon emprisonnement continue et continuera encore longtemps. Nous sommes tous les deux prisonniers — toi, prisonnière dans ton lit, toute seule par amour pour Moi ; Moi, prisonnier pour toi — et, par Mon Amour, Je veux lier toutes les créatures avec les chaînes qui M'ont tenu captif. Nous nous tiendrons mutuellement compagnie et tu M'aideras à disposer des chaînes qui serviront à lier tous les cœurs à Mon Amour.",423,PASSION24.TEXT.RELATED_HOUR_13.BODY.P039#R00,421,0,0,JESUS,422,f53aa0754a18226ee45179be9733f5597d5b08b314bccfdfb4dbf623b4f1d713,422,421
66,PASSION24.TEXT.RELATED_HOUR_14.BODY.P019#R00,71353dbd8443457b,66,66," Plus tard, alors que je me replongeais dans la méditation, j'en étais à l'heure où mon bien-aimé Jésus était sorti de prison et amené de nouveau devant Caïphe.",,"Les ennemis en profiteront pour invectiver davantage la religion.» Plus tard, alors que je me replongeais dans la méditation, j'en étais à l'heure où mon bien-aimé Jésus était sorti de prison et amené de nouveau devant Caïphe.",Texte — Textes liés à la 14e Heure,P,Plus,,PASSION24.TEXT.RELATED_HOUR_14.BODY.P019,Les ennemis en profiteront pour invectiver davantage la religion.,67,PASSION24.TEXT.RELATED_HOUR_14.BODY.P019#R00,65,0,0,JESUS,66,9e29d7a86ff3b99930b7292a89a119d4dcaf05db4d11fdf8449ad57ceb5a6316,66,65
426,PASSION24.TEXT.RELATED_HOUR_15.BODY.P109#R00,1cd1774cbebc91c6,426,426," Plus tard, se montrant de nouveau à moi alors que j'étais complètement absorbée dans la Divine Volonté, Il me dit : «",,"Il y en a tant que J'en suis fatigué. Surtout quand, sous l'apparence du bien, on distille le poison du mal. On se paie Ma Tête comme si J'étais un amusement ou un passe-temps. Mais Ma Justice, tôt ou tard, ridiculisera et punira sévèrement ceux qui se moquent ainsi de Moi. Tu dois prier et faire réparation pour leurs moqueries qui Me causent tant de peine, ces moqueries qui M'empêchent d'être reconnu pour ce que Je suis.» Plus tard, se montrant de nouveau à moi alors que j'étais complètement absorbée dans la Divine Volonté, Il me dit : «",Texte — Textes liés à la 15e Heure,P,Plus,,PASSION24.TEXT.RELATED_HOUR_15.BODY.P109,"Il y en a tant que J'en suis fatigué. Surtout quand, sous l'apparence du bien, on distille le poison du mal. On se paie Ma Tête comme si J'étais un amusement ou un passe-temps. Mais Ma Justice, tôt ou tard, ridiculisera et punira sévèrement ceux qui se moquent ainsi de Moi. Tu dois prier et faire réparation pour leurs moqueries qui Me causent tant de peine, ces moqueries qui M'empêchent d'être reconnu pour ce que Je suis.",427,PASSION24.TEXT.RELATED_HOUR_15.BODY.P109#R00,425,0,0,JESUS,426,14a5272c9efcfc0868a3374b0d78a77656e2d4e972cb750fed3df50efbf35865,426,425
140,PASSION24.TEXT.RELATED_HOUR_16.BODY.P047#R00,95e58102b9575508,140,140," Se jetant alors dans mes bras, Jésus fondit en larmes.",,"Il foule aux pieds Ma chair et ainsi il reste rempli de blessures. Oh ! Comme Je ressens cruellement le poids de l'ingratitude des hommes !» Se jetant alors dans mes bras, Jésus fondit en larmes.",Texte — Textes liés à la 16e Heure,S,Se,,PASSION24.TEXT.RELATED_HOUR_16.BODY.P047,Il foule aux pieds Ma chair et ainsi il reste rempli de blessures. Oh ! Comme Je ressens cruellement le poids de l'ingratitude des hommes !,141,PASSION24.TEXT.RELATED_HOUR_16.BODY.P047#R00,139,0,0,JESUS,140,ddb5c717e12022cc404c402303ca04a0713eb84d33134bfd6dfccd74047ce612,140,139
250,PASSION24.TEXT.RELATED_HOUR_16.BODY.P096#R00,863452864fb4d4ab,250,250," Qui pourrait décrire la manière de prier de Jésus et rappeler tout ce qu'Il a dit ! Ensuite, Il garda le silence et Il prit ma pauvre âme dans ses Mains en la palpant et l'examina",,"Mon Père, que ce Sang couvre leurs mains, afin que les actions mauvaises leur deviennent insupportables ! Que ce Sang circule dans notre Volonté éternelle pour ensuite couvrir toutes les créatures et les protéger devant les droits de notre Justice. » Qui pourrait décrire la manière de prier de Jésus et rappeler tout ce qu'Il a dit ! Ensuite, Il garda le silence et Il prit ma pauvre âme dans ses Mains en la palpant et l'examinant.",Texte — Textes liés à la 16e Heure,Q,Qui,,PASSION24.TEXT.RELATED_HOUR_16.BODY.P096,"Mon Père, que ce Sang couvre leurs mains, afin que les actions mauvaises leur deviennent insupportables ! Que ce Sang circule dans notre Volonté éternelle pour ensuite couvrir toutes les créatures et les protéger devant les droits de notre Justice.",251,PASSION24.TEXT.RELATED_HOUR_16.BODY.P096#R00,248,0,0,JESUS,250,3a7f439a0c61b604fde0482b742edab436bb676e4e68e92e8b81b2872f594f26,250,248
102,PASSION24.TEXT.RELATED_HOUR_17.BODY.P032#R00,76c1772c14da6945,102,102," Je regardais mon aimable Jésus et Je pouvais voir sa tête très sainte entourée d'épines, lesquelles pénétraient dans sa tête et en sortaient.",,"Non seulement Je sentais les épines, mais aussi le dégoût du péché que ces épines suscitaient en Moi.» Je regardais mon aimable Jésus et Je pouvais voir sa tête très sainte entourée d'épines, lesquelles pénétraient dans sa tête et en sortaient.",Texte — Textes liés à la 17e Heure,J,Je,,PASSION24.TEXT.RELATED_HOUR_17.BODY.P032,"Non seulement Je sentais les épines, mais aussi le dégoût du péché que ces épines suscitaient en Moi.",103,PASSION24.TEXT.RELATED_HOUR_17.BODY.P032#R00,101,0,0,JESUS,102,bb75e4e26bde7765cd903c29f131c1d35fffc9c9668505fe1ed73c854bca7890,102,101
51,PASSION24.TEXT.RELATED_HOUR_17.BODY.P050#R00,579574d069b3a612,51,51," Nous sommes partis et quand nous sommes arrivés à un endroit où il y avait beaucoup de gens, Jésus sortit Sa Tête de mon intérieur.",Jésus dit : «,"Jésus dit : «Allons, tu verras ce qu'elles feront.» Nous sommes partis et quand nous sommes arrivés à un endroit où il y avait beaucoup de gens, Jésus sortit Sa Tête de mon intérieur.",Texte — Textes liés à la 17e Heure,N,Nous,,PASSION24.TEXT.RELATED_HOUR_17.BODY.P050,"Allons, tu verras ce qu'elles feront.",52,PASSION24.TEXT.RELATED_HOUR_17.BODY.P050#R00,50,0,13,JESUS,51,b1556570f59acc497580c0ec527319b62fb9bc334f142cf20f7fe3ee92cab6e4,51,50
90,PASSION24.TEXT.RELATED_HOUR_17.BODY.P051#R00,60fd55abd9786685,90,90, «Voici l'Homme !»,Il répéta les paroles que Pilate avait dites en présentant Jésus au peuple : «,Il répéta les paroles que Pilate avait dites en présentant Jésus au peuple : «Ecce Homo !» «Voici l'Homme !»,Texte — Textes liés à la 17e Heure,«,«Voici,,PASSION24.TEXT.RELATED_HOUR_17.BODY.P051,Ecce Homo !,91,PASSION24.TEXT.RELATED_HOUR_17.BODY.P051#R00,89,0,78,JESUS,90,b685d871c1b8ebb60562d3f7e53aa46978f4a68429007c2a0482cf93359c5082,90,89
203,PASSION24.TEXT.RELATED_HOUR_17.BODY.P054#R00,ba1653992328bfa5,203,203," Sur ces mots, un murmure se fit entendre.","Combien de fois cette scène s'est répétée ! Alors, le Seigneur répéta à tous : «","Enlevez-Le, nous ne voulons pas de Lui. Même, crucifiez-Le, afin que toute mémoire de Lui soit détruite.» Oh ! Combien de fois cette scène s'est répétée ! Alors, le Seigneur répéta à tous : «Ecce Homo !» Sur ces mots, un murmure se fit entendre.",Texte — Textes liés à la 17e Heure,S,Sur,,PASSION24.TEXT.RELATED_HOUR_17.BODY.P054,Ecce Homo !,204,PASSION24.TEXT.RELATED_HOUR_17.BODY.P054#R00,202,0,191,JESUS,203,42d912e4cd5e106c63110b57aadab222f9359afdcab144b8de04701748d19e81,203,202
95,PASSION24.TEXT.RELATED_HOUR_17.BODY.P057#R00,2192d2cbad8f4524,95,95," Alors, nous nous sommes trouvés au milieu de prêtres, d'évêques, de religieux et de dévots.",,"Pourtant, cela n'est rien. Tournons-nous du côté des religieux et voyons s'ils veulent de Moi.» Alors, nous nous sommes trouvés au milieu de prêtres, d'évêques, de religieux et de dévots.",Texte — Textes liés à la 17e Heure,A,Alors,,PASSION24.TEXT.RELATED_HOUR_17.BODY.P057,"Pourtant, cela n'est rien. Tournons-nous du côté des religieux et voyons s'ils veulent de Moi.",96,PASSION24.TEXT.RELATED_HOUR_17.BODY.P057#R00,94,0,0,JESUS,95,ca2df7f69551cbbe7ab9ab2a0de7bdd3049e1a959ef38c28e2613a55e2198034,95,94
50,PASSION24.TEXT.RELATED_HOUR_17.BODY.P058#R00,4a943cb0513430df,50,50," Certains dirent : «Nous Le voulons, mais nous voulons aussi notre confort.» D'autres dirent : «Nous Le voulons, mais avec nos intérêts.» D'autres dirent : «Nous Le voulons, mais a","Avec une voix sonore, Jésus répéta : «","Avec une voix sonore, Jésus répéta : «Ecce Homo !» Certains dirent : «Nous Le voulons, mais nous voulons aussi notre confort.» D'autres dirent : «Nous Le voulons, mais avec nos intérêts.» D'autres dirent : «Nous Le voulons, mais avec l'estime et les honneurs. Que serait un religieux sans estime ?» D'autres dirent : «Nous Le voulons, mais avec quelques satisfactions avec les créatures. Comment peut-on vivre seul et sans personne pour nous satisfaire ?» Certains arrivaient à vouloir au moins quelque satisfaction dans le sacrement de la confession.",Texte — Textes liés à la 17e Heure,C,Certains,,PASSION24.TEXT.RELATED_HOUR_17.BODY.P058,Ecce Homo !,51,PASSION24.TEXT.RELATED_HOUR_17.BODY.P058#R00,49,0,38,JESUS,50,cd60b2ae15588ce08032d6162959ed7a01568206d3154ef5c2fa960aff0d972e,50,49
,PASSION24.TEXT.RELATED_HOUR_17.BODY.P073#R00,fab8c69730faf4cc,,, ;,,Et Je ressentis autant de morts que le nombre de cris «Crucifie-Le» ;,Texte — Textes liés à la 17e Heure,;,,,PASSION24.TEXT.RELATED_HOUR_17.BODY.P073,Et Je ressentis autant de morts que le nombre de cris «Crucifie-Le»,68,PASSION24.TEXT.RELATED_HOUR_17.BODY.P073#R00,67,0,0,JESUS,53|67,70e33876c8f3932f34f7140d7d53b70ff347a5a0825dd92586c5eca9e5fe9f5d,67,67
,PASSION24.TEXT.RELATED_HOUR_17.BODY.P141#R00,041360e8ee230c7d,,," """,,"Ma fille, dis-Moi, quel est-Il ton idéal, ton objectif ? """,Texte — Textes liés à la 17e Heure,"""","""",,PASSION24.TEXT.RELATED_HOUR_17.BODY.P141,"Ma fille, dis-Moi, quel est-Il ton idéal, ton objectif ?",57,PASSION24.TEXT.RELATED_HOUR_17.BODY.P141#R00,56,0,0,JESUS,,53c7855fdaf433deaaeaa1a9085d00b419136d241f43f61c6202433dbec15471,56,56
274,PASSION24.TEXT.RELATED_HOUR_18.BODY.P072#R00,ae2f5d979e304c92,274,274," Je lui dis : «Mais, Jésus très saint, après le grand sacrifice que j'avais fait, ces gens s'en allaient faire du commérage. L'obéissance a justement interdit la venue de ces gens.",,"Quant à toi, Je t'ai donné beaucoup de Lumière sur les voies intérieures et Je t'ai fait comprendre la Vérité sur les vraies Vertus et le vrai Amour. Ainsi Je pouvais par ta bouche faire comprendre aux autres la Vérité sur les vrais chemins des Vertus. Je M'en réjouissais.» Je lui dis : «Mais, Jésus très saint, après le grand sacrifice que j'avais fait, ces gens s'en allaient faire du commérage. L'obéissance a justement interdit la venue de ces gens.»",Texte — Textes liés à la 18e Heure,J,Je,,PASSION24.TEXT.RELATED_HOUR_18.BODY.P072,"Quant à toi, Je t'ai donné beaucoup de Lumière sur les voies intérieures et Je t'ai fait comprendre la Vérité sur les vraies Vertus et le vrai Amour. Ainsi Je pouvais par ta bouche faire comprendre aux autres la Vérité sur les vrais chemins des Vertus. Je M'en réjouissais.",275,PASSION24.TEXT.RELATED_HOUR_18.BODY.P072#R00,273,0,0,JESUS,274,c780030c61d806fb214e5a67a98969e19c9cd7c892b46c024ab0bcbdb09f21a0,274,273
151,PASSION24.TEXT.RELATED_HOUR_19.BODY.P067#R00,8d29b3537c37a0a8,151,151, Seul Jésus sait ce que j'ai alors souffert.,,"Ma fille, sois patiente, tu vas souffrir davantage. C'est la souffrance la plus pénible. Mais c'est ton Jésus, ta Vie, qui veut ce soulagement de toi.» Seul Jésus sait ce que j'ai alors souffert.",Texte — Textes liés à la 19e Heure,S,Seul,,PASSION24.TEXT.RELATED_HOUR_19.BODY.P067,"Ma fille, sois patiente, tu vas souffrir davantage. C'est la souffrance la plus pénible. Mais c'est ton Jésus, ta Vie, qui veut ce soulagement de toi.",152,PASSION24.TEXT.RELATED_HOUR_19.BODY.P067#R00,150,0,0,JESUS,151,4577dc869f43e580bf03ae45452b3ffbb54d92e9791b5891f7a7bec34161574f,151,150
317,PASSION24.TEXT.RELATED_HOUR_19.BODY.P074#R00,9077a8c6ef098c8c,317,317," En disant cela, Il continua de souffler.",,"Le mal est si répandu que ces deux feux sont prêts à s'unir et la peine que Je t'ai fait éprouver se place entre ces deux feux pour les empêcher de s'unir. Si ce n'était pas de cela, la pauvre humanité tout entière connaîtrait sa fin. C'est pourquoi, laisse-Moi continuer ; Je serai avec toi pour te donner la force.» En disant cela, Il continua de souffler.",Texte — Textes liés à la 19e Heure,E,En,,PASSION24.TEXT.RELATED_HOUR_19.BODY.P074,"Le mal est si répandu que ces deux feux sont prêts à s'unir et la peine que Je t'ai fait éprouver se place entre ces deux feux pour les empêcher de s'unir. Si ce n'était pas de cela, la pauvre humanité tout entière connaîtrait sa fin. C'est pourquoi, laisse-Moi continuer ; Je serai avec toi pour te donner la force.",318,PASSION24.TEXT.RELATED_HOUR_19.BODY.P074#R00,316,0,0,JESUS,317,4b42e11860cc612072e8b64ca52279ec1e2a12676daaeced1141e195ae565c42,317,316
105,PASSION24.TEXT.RELATED_HOUR_20.BODY.P015#R00,5c0c196ea0b59b8c,105,105," Plus tard, en recevant l'absolution de mon confesseur, je me disais : «",,"Je vais déposer en toi tout ce que la Volonté suprême a fait en Moi afin que tu puisses tout reproduire.» Plus tard, en recevant l'absolution de mon confesseur, je me disais : «",Texte — Textes liés à la 20e Heure,P,Plus,,PASSION24.TEXT.RELATED_HOUR_20.BODY.P015,Je vais déposer en toi tout ce que la Volonté suprême a fait en Moi afin que tu puisses tout reproduire.,106,PASSION24.TEXT.RELATED_HOUR_20.BODY.P015#R00,104,0,0,JESUS,105,4975b104698e473048735269834389242d97d5f24a3d35b6880238972eda3e3a,105,104
108,PASSION24.TEXT.RELATED_HOUR_20.BODY.P023#R00,b45dbd944c3c8076,108,108," Puis, Il disparut. Quelques heures plus tard, Il revint et ajouta : «",,"Étant dans Ma Volonté, le Ciel est l'écho de tous Mes actes, c'est-à-dire qu'il répète tout ce que Je fais.» Puis, Il disparut. Quelques heures plus tard, Il revint et ajouta : «",Texte — Textes liés à la 20e Heure,P,Puis,,PASSION24.TEXT.RELATED_HOUR_20.BODY.P023,"Étant dans Ma Volonté, le Ciel est l'écho de tous Mes actes, c'est-à-dire qu'il répète tout ce que Je fais.",109,PASSION24.TEXT.RELATED_HOUR_20.BODY.P023#R00,107,0,0,JESUS,108,aad0576b9088c062d9a47e893f8f3b1d1514d71113f6460583bf50207371f6f4,108,107
313,PASSION24.TEXT.RELATED_HOUR_20.BODY.P024#R00,7563b9f76d383404,313,313," Cela dit, Il approcha sa Bouche de la mienne et, presque en tremblant, je Lui donnai mon baiser. Celui-ci produisit un Son harmonieux jamais entendu auparavant, qui s'éleva très h",,"Ma fille, rends-Moi le baiser que Je t'ai donné. Car tout le Ciel, Ma Mère, le Père céleste et l'Esprit Saint attendent ce retour. En effet, comme, à travers Ma Volonté, un acte issu d'Eux a rejoint une créature en exil, ils languissent après un retour de la part de cette créature, à travers cette même Volonté.» Cela dit, Il approcha sa Bouche de la mienne et, presque en tremblant, je Lui donnai mon baiser. Celui-ci produisit un Son harmonieux jamais entendu auparavant, qui s'éleva très haut et se diffusa sur toutes les choses et toutes les créatures. Ensuite, avec un amour inexprimable, Il me dit : «",Texte — Textes liés à la 20e Heure,C,Cela,,PASSION24.TEXT.RELATED_HOUR_20.BODY.P024,"Ma fille, rends-Moi le baiser que Je t'ai donné. Car tout le Ciel, Ma Mère, le Père céleste et l'Esprit Saint attendent ce retour. En effet, comme, à travers Ma Volonté, un acte issu d'Eux a rejoint une créature en exil, ils languissent après un retour de la part de cette créature, à travers cette même Volonté.",314,PASSION24.TEXT.RELATED_HOUR_20.BODY.P024#R00,312,0,0,JESUS,313,f06b85ef7b574bc100e894d80bb6ea09b0fc5741720b0a897f362a6e5fe8cf2f,313,312
413,PASSION24.TEXT.RELATED_HOUR_20.BODY.P028#R00,a9b604580336ffe3,413,413," Ensuite, Il disparut. Quant à moi, je me fusionnai dans la Volonté Divine en m'attristant pour chacune des offenses faites à mon Jésus par les humains, du premier homme venu sur l",,"Un tel acte doit avoir un retour, sans quoi, tous auraient de la peine en constatant qu'un Acte divin auquel ils ont participé n'a pas eu de retour. À l'instar d'un fort son de cloche, un Acte fait dans Ma Volonté attire d'abord l'attention de tous, puis se répète et se répète avec douceur. À travers lui, tous décèlent une âme agissant dans Ma Volonté et elles reçoivent la gloire et l'honneur d'un Acte divin.» Ensuite, Il disparut. Quant à moi, je me fusionnai dans la Volonté Divine en m'attristant pour chacune des offenses faites à mon Jésus par les humains, du premier homme venu sur la terre jusqu'au dernier qui y viendra en demandant pardon pour ces offenses.",Texte — Textes liés à la 20e Heure,E,Ensuite,,PASSION24.TEXT.RELATED_HOUR_20.BODY.P028,"Un tel acte doit avoir un retour, sans quoi, tous auraient de la peine en constatant qu'un Acte divin auquel ils ont participé n'a pas eu de retour. À l'instar d'un fort son de cloche, un Acte fait dans Ma Volonté attire d'abord l'attention de tous, puis se répète et se répète avec douceur. À travers lui, tous décèlent une âme agissant dans Ma Volonté et elles reçoivent la gloire et l'honneur d'un Acte divin.",414,PASSION24.TEXT.RELATED_HOUR_20.BODY.P028#R00,412,0,0,JESUS,413,0b59ba62e1fc1dfa47778bc6c91b1435e901f8a5378f09b843ef655ed05a584b,413,412
94,PASSION24.TEXT.RELATED_HOUR_21.BODY.P059#R00,8485c6431927bd5a,94,94, Je repris : «Non ! Et que cela ne soit jamais !»,"À l'instant, Il me dit : «","À l'instant, Il me dit : «Aurais-Tu par hasard cessé de M'aimer et de vivre dans Ma Volonté ?» Je repris : «Non ! Et que cela ne soit jamais !»",Texte — Textes liés à la 21e Heure,J,Je,,PASSION24.TEXT.RELATED_HOUR_21.BODY.P059,Aurais-Tu par hasard cessé de M'aimer et de vivre dans Ma Volonté ?,95,PASSION24.TEXT.RELATED_HOUR_21.BODY.P059#R00,93,0,26,JESUS,94,c71e49e81a8b1a1f7087ded1126ff281b1316e043f1cb53041df89b37275bc92,94,93
282,PASSION24.TEXT.RELATED_HOUR_21.BODY.P090#R00,05ded5ff68788f06,282,282," Cela dit, Il disparut.",,"Ô Père, accepte sa souffrance unie à celle que J'ai ressentie sur la Croix quand J'étais complètement abandonné, même par toi. Accorde que la privation de Ma Présence qu'elle ressent soit Lumière et Vie divine pour les âmes et leur procure tout ce que J'ai mérité par Mon abandon !» Cela dit, Il disparut.",Texte — Textes liés à la 21e Heure,C,Cela,,PASSION24.TEXT.RELATED_HOUR_21.BODY.P090,"Ô Père, accepte sa souffrance unie à celle que J'ai ressentie sur la Croix quand J'étais complètement abandonné, même par toi. Accorde que la privation de Ma Présence qu'elle ressent soit Lumière et Vie divine pour les âmes et leur procure tout ce que J'ai mérité par Mon abandon !",283,PASSION24.TEXT.RELATED_HOUR_21.BODY.P090#R00,281,0,0,JESUS,282,fae3803d3cbc836e62fa888d1d869731533612286d450ea372974c9b7d2eba08,282,281
,PASSION24.TEXT.RELATED_HOUR_22.BODY.P065#R00,9fafb4b7d9f4371f,,,",",,"De même que Mon Humanité disloquée et blessée n’avait qu’un seul cri : « J’ai soif »,",Texte — Textes liés à la 22e Heure,",",,,PASSION24.TEXT.RELATED_HOUR_22.BODY.P065,De même que Mon Humanité disloquée et blessée n’avait qu’un seul cri : « J’ai soif »,84,PASSION24.TEXT.RELATED_HOUR_22.BODY.P065#R00,84,0,0,JESUS,70|84,579daa54a60c77ff72f03aa2d964b2bb3ea68d792547ce0f550161ee4782705c,84,84
369,PASSION24.TEXT.RELATED_HOUR_24.BODY.P010#R00,e9f3816fd3dade3c,369,369," Une autre fois, Je me plaignais à Jésus en constatant qu'après tant de sacrifices pour écrire ces Heures, très peu d'âmes les font.",Il me dit : «,"Il me dit : «S'ils les font avec Moi dans Ma Volonté, Je leur donnerai aussi une âme pour chaque mot qu'ils réciteront. En fait, l'effet sera petit ou grand suivant la grandeur de leur union avec Moi. En les faisant dans Ma Volonté, la créature se cache en Elle. Comme c'est Ma Volonté qui agit, Je peux produire tous les biens que Je veux, même à travers un seul Mot.» Une autre fois, Je me plaignais à Jésus en constatant qu'après tant de sacrifices pour écrire ces Heures, très peu d'âmes les font.",Texte — Textes liés à la 24e Heure,U,Une,,PASSION24.TEXT.RELATED_HOUR_24.BODY.P010,"S'ils les font avec Moi dans Ma Volonté, Je leur donnerai aussi une âme pour chaque mot qu'ils réciteront. En fait, l'effet sera petit ou grand suivant la grandeur de leur union avec Moi. En les faisant dans Ma Volonté, la créature se cache en Elle. Comme c'est Ma Volonté qui agit, Je peux produire tous les biens que Je veux, même à travers un seul Mot.",370,PASSION24.TEXT.RELATED_HOUR_24.BODY.P010#R00,368,0,13,JESUS,369,f8270e105f0c54897e01300c021b41b1ccd2f8f437049039435001ec38c6ab6b,369,368
217,PASSION24.SECTION.BENEFITS.P116#R00|PASSION24.TEXT.PROMISES_BENEFITS.BODY.P111#R00|PASSION24.TEXT.RELATED_HOUR_24.BODY.P017#R00,acd310e34802ee7a,217,217," Un jour, alors que j'en étais à l'Heure où la céleste Maman participa à l'ensevelissement de Jésus, je me tenais près d'elle pour la consoler.",,"Oh ! comme J'aimerais que, dans chaque ville, il y ait au moins une âme qui fasse les Heures de Ma Passion ! Je M'entendrais ainsi dans chaque ville. Et Ma Justice, si indignée en ces temps, serait en partie apaisée.» Un jour, alors que j'en étais à l'Heure où la céleste Maman participa à l'ensevelissement de Jésus, je me tenais près d'elle pour la consoler.",Texte — Textes liés à la 24e Heure,U,Un,,PASSION24.TEXT.RELATED_HOUR_24.BODY.P017,"Oh ! comme J'aimerais que, dans chaque ville, il y ait au moins une âme qui fasse les Heures de Ma Passion ! Je M'entendrais ainsi dans chaque ville. Et Ma Justice, si indignée en ces temps, serait en partie apaisée.",218,PASSION24.TEXT.RELATED_HOUR_24.BODY.P017#R00,216,0,0,JESUS,217,b3ed347dba153e5287b4f32298a8692059f6ee73c490cfff16865f542ff705eb,217,216
218,PASSION24.TEXT.RELATED_HOUR_24.BODY.P022#R00,fffac29f0d9113d9,218,218, Et Il me murmura tout ce que sa douce Maman fit et souffrit durant cette Heure.,"ère comme une mère. Ensuite, Il m'embrassa et me dit avec une grande douceur : «","Quant à Moi, Je ressens sa tendresse maternelle, son amour, et toute la gloire qu'elle Me donnait. De plus, Je Te considère comme une mère. Ensuite, Il m'embrassa et me dit avec une grande douceur : «Ma maman, maman !» Et Il me murmura tout ce que sa douce Maman fit et souffrit durant cette Heure.",Texte — Textes liés à la 24e Heure,E,Et,,PASSION24.TEXT.RELATED_HOUR_24.BODY.P022,"Ma maman, maman !",219,PASSION24.TEXT.RELATED_HOUR_24.BODY.P022#R00,217,0,200,JESUS,218,eeb0a08a26255af4a997b65f5037e53c05636623c99e429ca3596565c2e2471b,218,217
,PASSION24.TEXT.SHARED_T09_1910_07_04_AGONY_CROSS_LAST_BREATH.BODY.P009#R00,1f6cb2e9aebdff56,,,.,,"En voyant que plusieurs allaient passer outre à ce désir, dans un profond chagrin, J'ai crié «Sitio !».",Texte — Tome 9 — 4 juillet 1910 — Agonie au Jardin et Agonie sur la Croix,.,,,PASSION24.TEXT.SHARED_T09_1910_07_04_AGONY_CROSS_LAST_BREATH.BODY.P009,"En voyant que plusieurs allaient passer outre à ce désir, dans un profond chagrin, J'ai crié «Sitio !»",102,PASSION24.TEXT.SHARED_T09_1910_07_04_AGONY_CROSS_LAST_BREATH.BODY.P009#R00,102,0,0,JESUS,92|102,f7f5f495664f94bb91d42cc59e75f26d588968abeb5b4106fedb16b8185e52c2,102,102
78,PASSION24.TEXT.PART_III_MARY_SORROWS.BODY.P057#B78,113b1cfd71263999,78,78,"Il est à la fois ancien et nouveau.""","Oh ! Combien la Création exalte de façon admirable ce dicton Me concernant : ""","Oh ! Combien la Création exalte de façon admirable ce dicton Me concernant : ""Il est à la fois ancien et nouveau.""",Texte — Les douleurs et souffrances de Marie Très Sainte,I,,True,PASSION24.TEXT.PART_III_MARY_SORROWS.BODY.P057,,78,PASSION24.TEXT.PART_III_MARY_SORROWS.BODY.P057#B78,,,,,78,11fadb1c9becbd9fd8f76160ceeffaa2929af280bbbf6f0b916618ff8166a354,,
40,PASSION24.TEXT.PART_III_MARY_SORROWS.BODY.P100#B40,0c9de51fa6eb5b81,40,40,"Maman, veux-Tu faire ceci ? Veux-Tu souffrir cette peine ?""","Et Je Lui demandais alors sans cesse : ""","Et Je Lui demandais alors sans cesse : ""Maman, veux-Tu faire ceci ? Veux-Tu souffrir cette peine ?""",Texte — Les douleurs et souffrances de Marie Très Sainte,M,,True,PASSION24.TEXT.PART_III_MARY_SORROWS.BODY.P100,,40,PASSION24.TEXT.PART_III_MARY_SORROWS.BODY.P100#B40,,,,,40,855d46aaedc6eb18b2697774946e7879c4a2991e7e1568a6895a17b329d2c88a,,
317,PASSION24.TEXT.RELATED_HOUR_01.BODY.P047#B317,b8fea56b62033e76,317,317,»,"ue toutes les créatures Me doivent, et apporte toutes ces bénédictions à Mon Cœur tendre et blessé.""","Au lieu de Me bénir en retour, elles M'offensent et Me maudissent. Pour cette raison, Ma fille, entre dans Ma Volonté et prends ton essor sur les ailes de toutes les choses créées, scelle les toutes des bénédictions que toutes les créatures Me doivent, et apporte toutes ces bénédictions à Mon Cœur tendre et blessé.""»",Texte — Textes liés à la 1e Heure,»,,True,PASSION24.TEXT.RELATED_HOUR_01.BODY.P047,,317,PASSION24.TEXT.RELATED_HOUR_01.BODY.P047#B317,,,,,317,07637a43ae3504ce9f3b84b5787946729fd33f34d85ca691a31534576e681c6e,,
69,PASSION24.TEXT.RELATED_HOUR_06.BODY.P011#B69,a1e660f5a262e4d0,69,69, «,"Ainsi, de toutes les choses, J'entendrai l'écho de la Divine Volonté.","Ainsi, de toutes les choses, J'entendrai l'écho de la Divine Volonté. «",Texte — Textes liés à la 6e Heure, ,,True,PASSION24.TEXT.RELATED_HOUR_06.BODY.P011,,69,PASSION24.TEXT.RELATED_HOUR_06.BODY.P011#B69,,,,,69,df3bce6bc5fa308672f83c9482ee095481e57ba5a4d46bc4947c426127183721,,
162,PASSION24.TEXT.RELATED_HOUR_13.BODY.P013#B162,256e12365265a63d,162,162,»,"églises, Je te dis : ""N'es-Tu pas Ma vraie prison d'Amour ? Cherche-Moi dans ton cœur et aime-Moi !""","Quand Je te vois à Ma recherche à travers les tabernacles des églises, Je te dis : ""N'es-Tu pas Ma vraie prison d'Amour ? Cherche-Moi dans ton cœur et aime-Moi !""»",Texte — Textes liés à la 13e Heure,»,,True,PASSION24.TEXT.RELATED_HOUR_13.BODY.P013,,162,PASSION24.TEXT.RELATED_HOUR_13.BODY.P013#B162,,,,,162,850228d7801c4357cbd34d667ad142e7fd34f9379bdec35cb28caba81e16fc35,,
67,PASSION24.TEXT.RELATED_HOUR_22.BODY.P066#B67,6a5889a4f54c78a6,67,67, «,"Lorsque la créature marche, Je crie à ses pas, la bouche brûlante :","Lorsque la créature marche, Je crie à ses pas, la bouche brûlante : «",Texte — Textes liés à la 22e Heure, ,,True,PASSION24.TEXT.RELATED_HOUR_22.BODY.P066,,67,PASSION24.TEXT.RELATED_HOUR_22.BODY.P066#B67,,,,,67,5285761b107072dc1ecfc0e41a0deeb465eece6b97905d87d88be332cb90e4bd,,
153,PASSION24.TEXT.RELATED_HOUR_22.BODY.P076#B153,fa29fc996c5bbf78,153,153, «,e que J’ai fait et dit dans Ma Volonté qui est toujours dans l’acte de dire à Ma douloureuse Maman :,"Ce n’est pas seulement Mon « J’ai soif », mais tout ce que J’ai fait et dit dans Ma Volonté qui est toujours dans l’acte de dire à Ma douloureuse Maman : «",Texte — Textes liés à la 22e Heure, ,,True,PASSION24.TEXT.RELATED_HOUR_22.BODY.P076,,153,PASSION24.TEXT.RELATED_HOUR_22.BODY.P076#B153,,,,,26|153,ddcd98c1466f027347ba2b693a18e39a1c7b6bfb09cb50afea707af63fa217aa,,
