alias_key,members,member_count
02d24b2336098ce3,PASSION24.HOUR.17.P044#R00,1
041360e8ee230c7d,PASSION24.TEXT.RELATED_HOUR_17.BODY.P141#R00,1
05ded5ff68788f06,PASSION24.TEXT.RELATED_HOUR_21.BODY.P090#R00,1
05e514410f59e6aa,PASSION24.HOUR.08.P010#R00,1
08ab065b41606d33,PASSION24.HOUR.21.P068#R00,1
0c9de51fa6eb5b81,PASSION24.TEXT.PART_III_MARY_SORROWS.BODY.P100#B40,1
0f7c3736b10d5e6a,PASSION24.HOUR.21.P027#R00,1
113b1cfd71263999,PASSION24.TEXT.PART_III_MARY_SORROWS.BODY.P057#B78,1
14f26d9ead6354e3,PASSION24.TEXT.RELATED_HOUR_06.BODY.P036#R00,1
1872e87a78c075c7,PASSION24.HOUR.19.P137#R00,1
18bc4cefc924e44c,PASSION24.TEXT.RELATED_HOUR_06.BODY.P058#R00,1
1a03dce1bad598ae,PASSION24.HOUR.18.P002#R00,1
1b526562eca34834,PASSION24.TEXT.PART_III_MARY_SORROWS.BODY.P069#R00,1
1cd1774cbebc91c6,PASSION24.TEXT.RELATED_HOUR_15.BODY.P109#R00,1
1f0a4a6441e89e55,PASSION24.HOUR.18.P031#R00,1
1f6cb2e9aebdff56,PASSION24.TEXT.SHARED_T09_1910_07_04_AGONY_CROSS_LAST_BREATH.BODY.P009#R00,1
2192d2cbad8f4524,PASSION24.TEXT.RELATED_HOUR_17.BODY.P057#R00,1
241585f7ecd86511,PASSION24.SECTION.BENEFITS.P122#R00|PASSION24.TEXT.PROMISES_BENEFITS.BODY.P117#R00,2
256e12365265a63d,PASSION24.TEXT.RELATED_HOUR_13.BODY.P013#B162,1
25bb711060d8b9e7,PASSION24.SECTION.BENEFITS.P149#R00|PASSION24.TEXT.PROMISES_BENEFITS.BODY.P144#R00,2
2b5ffe70fd5050ff,PASSION24.HOUR.09.P010#R00,1
2dcda81ead3f863e,PASSION24.HOUR.24.DESOL.P037#R00,1
33bbb92ab2db7e2f,PASSION24.HOUR.04.P065#R00,1
3a7e133640a4f091,PASSION24.SECTION.BENEFITS.P136#R00|PASSION24.TEXT.PROMISES_BENEFITS.BODY.P131#R00,2
3a9426d7238bfa7e,PASSION24.HOUR.01.P014#R00,1
3db946d2e7c76415,PASSION24.HOUR.11.P030#R00,1
401e90823d4cf900,PASSION24.HOUR.19.P126#R00,1
40788e4027f4361c,PASSION24.HOUR.07.P125#R00,1
40e95396435d0052,PASSION24.HOUR.17.P027#R00,1
467399e9d3441756,PASSION24.HOUR.22.REF.P001#R00,1
4a943cb0513430df,PASSION24.TEXT.RELATED_HOUR_17.BODY.P058#R00,1
4fe328c13798eea9,PASSION24.HOUR.08.P009#R00,1
5140bd62efffdd18,PASSION24.HOUR.06.P012#R00,1
5486aa91827726ef,PASSION24.HOUR.16.P028#R00,1
579574d069b3a612,PASSION24.TEXT.RELATED_HOUR_17.BODY.P050#R00,1
5b2269b9d672f4da,PASSION24.HOUR.24.DESOL.P027#R00,1
5c0c196ea0b59b8c,PASSION24.TEXT.RELATED_HOUR_20.BODY.P015#R00,1
6053f94c3300f364,PASSION24.HOUR.05.REF.P005#R00,1
60fd55abd9786685,PASSION24.TEXT.RELATED_HOUR_17.BODY.P051#R00,1
618d4ab7c3b051aa,PASSION24.HOUR.21.P025#R00,1
65055d1d82325a20,PASSION24.HOUR.07.P030#R00,1
6906fb4659e581eb,PASSION24.HOUR.08.P009#R01,1
6a5889a4f54c78a6,PASSION24.TEXT.RELATED_HOUR_22.BODY.P066#B67,1
6aeefd2b88884121,PASSION24.HOUR.07.P117#R00,1
71353dbd8443457b,PASSION24.TEXT.RELATED_HOUR_14.BODY.P019#R00,1
7412234217fb4dfb,PASSION24.HOUR.20.P010#R00,1
7563b9f76d383404,PASSION24.TEXT.RELATED_HOUR_20.BODY.P024#R00,1
76c1772c14da6945,PASSION24.TEXT.RELATED_HOUR_17.BODY.P032#R00,1
79b490e87bb8bb75,PASSION24.HOUR.21.P023#R00,1
7b342a37d8e3fa4f,PASSION24.HOUR.17.P014#R00,1
83ccbab86ac4d01a,PASSION24.TEXT.PART_III_MARY_SORROWS.BODY.P057#R00,1
841ee3707c4666e0,PASSION24.HOUR.08.P008#R00,1
84346c9896e8f9e5,PASSION24.HOUR.10.P002#R00,1
8485c6431927bd5a,PASSION24.TEXT.RELATED_HOUR_21.BODY.P059#R00,1
863452864fb4d4ab,PASSION24.TEXT.RELATED_HOUR_16.BODY.P096#R00,1
88bcd8b0a7b45784,PASSION24.HOUR.02.P014#R00,1
8a7ae55ea795ffcb,PASSION24.TEXT.PART_III_MARY_SORROWS.BODY.P180#R00,1
8c01070e791769b5,PASSION24.TEXT.PART_III_MARY_SORROWS.BODY.P100#R00,1
8d29b3537c37a0a8,PASSION24.TEXT.RELATED_HOUR_19.BODY.P067#R00,1
9077a8c6ef098c8c,PASSION24.TEXT.RELATED_HOUR_19.BODY.P074#R00,1
92cd39bba7446fab,PASSION24.HOUR.04.P034#R00,1
952ca05a8b6285c3,PASSION24.HOUR.08.P014#R00,1
95b4ea735113f996,PASSION24.HOUR.19.P018#R00,1
95e58102b9575508,PASSION24.TEXT.RELATED_HOUR_16.BODY.P047#R00,1
9a9469d0093535c2,PASSION24.HOUR.22.P022#R00,1
9fafb4b7d9f4371f,PASSION24.TEXT.RELATED_HOUR_22.BODY.P065#R00,1
a1638de2b09c9adb,PASSION24.HOUR.02.P015#R00,1
a1a3101e44bebf00,PASSION24.TEXT.RELATED_HOUR_13.BODY.P039#R00,1
a1e660f5a262e4d0,PASSION24.TEXT.RELATED_HOUR_06.BODY.P011#B69,1
a4be02f9e9d34d66,PASSION24.TEXT.RELATED_HOUR_07.BODY.P036#R00,1
a536547ef11eb0fe,PASSION24.HOUR.24.DESOL.P014#R00,1
a886a0a5ee8c4351,PASSION24.HOUR.19.P165#R00,1
a9b604580336ffe3,PASSION24.TEXT.RELATED_HOUR_20.BODY.P028#R00,1
ab3b3fe4d163763e,PASSION24.HOUR.11.P010#R00,1
ab96671683722f9f,PASSION24.HOUR.11.P021#R00,1
abc8c05392d2e76b,PASSION24.HOUR.08.P015#R00,1
acd310e34802ee7a,PASSION24.SECTION.BENEFITS.P116#R00|PASSION24.TEXT.PROMISES_BENEFITS.BODY.P111#R00|PASSION24.TEXT.RELATED_HOUR_24.BODY.P017#R00,3
ada6172837f10058,PASSION24.SECTION.BENEFITS.P102#R00|PASSION24.TEXT.PROMISES_BENEFITS.BODY.P097#R00,2
ae2f5d979e304c92,PASSION24.TEXT.RELATED_HOUR_18.BODY.P072#R00,1
b0d9150168887b94,PASSION24.HOUR.15.P005#R00,1
b0f82f05b9006a1e,PASSION24.HOUR.07.P015#R00,1
b45dbd944c3c8076,PASSION24.TEXT.RELATED_HOUR_20.BODY.P023#R00,1
b8fea56b62033e76,PASSION24.TEXT.RELATED_HOUR_01.BODY.P047#B317,1
ba1653992328bfa5,PASSION24.TEXT.RELATED_HOUR_17.BODY.P054#R00,1
c38781be3f326df5,PASSION24.HOUR.16.P015#R00,1
c86c4cf9a31bc226,PASSION24.HOUR.01.P008#R00,1
c9f76a28d9dbeec0,PASSION24.HOUR.13.P005#R00,1
cf1e6bc6987f1206,PASSION24.HOUR.18.P113#R00,1
cf41f2335bc92a4f,PASSION24.HOUR.16.P045#R00,1
d232b2eca1f1740b,PASSION24.TEXT.RELATED_HOUR_06.BODY.P043#R00,1
d442d293ed0967da,PASSION24.HOUR.05.P028#R00,1
d7c11dface130a12,PASSION24.HOUR.21.P020#R00,1
d9e7fca8725e0061,PASSION24.HOUR.08.P007#R00,1
e49753ed49c7c432,PASSION24.HOUR.07.P007#R00,1
e53ec81f1080f204,PASSION24.HOUR.22.P006#R00,1
e58a9b9d51aaf8ed,PASSION24.TEXT.RELATED_HOUR_10.BODY.P009#R00,1
e9f3816fd3dade3c,PASSION24.TEXT.RELATED_HOUR_24.BODY.P010#R00,1
fa29fc996c5bbf78,PASSION24.TEXT.RELATED_HOUR_22.BODY.P076#B153,1
fa3c4b1f26b459fa,PASSION24.TEXT.RELATED_HOUR_06.BODY.P033#R00,1
fab8c69730faf4cc,PASSION24.TEXT.RELATED_HOUR_17.BODY.P073#R00,1
fffac29f0d9113d9,PASSION24.TEXT.RELATED_HOUR_24.BODY.P022#R00,1
