paragraph_id,text_sha256,masked_host_text
PASSION24.HOUR.01.P008,3f18d0e3e814923150ef0c6b333674dcf0622d2e9a4f1a17731920366cd09826,"Mais en te faisant ses adieux, Jésus veut entendre de ta Bouche ces douces Paroles : « ⟦Q:MARY⟧ » Cette bénédiction remédiera aux offenses des créatures, et, douce et suave, descendra jusqu’à son Cœur."
PASSION24.HOUR.01.P014,dddd187cb1bbb47720662ef22592c3ed22b55894449cb4072f2ab4f20900aab1,"Mais tandis que tu présentes ces bénédictions à Jésus, j’entends ta Voix émue qui Lui dit : « ⟦Q:MARY⟧ » Ô Jésus, mon doux Amour, bénis-moi aussi avec ta Mère. Bénis mes pensées, mon cœur, mes mains, mes pas, mes œuvres. Bénis toutes les créatures."
PASSION24.HOUR.02.P014,c77c93d672fac44f01e58c8da08cf5cece6b1e85f3eb1507ef9ffc1dae9717bc,"« ⟦Q:JESUS⟧ » À ces propos, les apôtres sont tout tristes et ne savent que répondre."
PASSION24.HOUR.02.P015,85b53f441a454dfa1d8de4a769df327d98d61d7517d961aabcda15f9f6869ad2,"Tu ajoutes : « ⟦Q:JESUS⟧ » D’une Voix émue, Tu continues à les instruire. Avant de rentrer dans le Cénacle, Tu regardes le soleil qui se couche et qui, comme ta Vie, est sur le point de s’éteindre."
PASSION24.HOUR.04.P034,7f4652823c7fe05758d4c3deb42f62c3d90d00c74bebc6bea6b0d46e93ef7f2a,"⟦Q:JESUS⟧ » Le Père s’émeut à ces propos tendres et affectueux. Il descend du Ciel. Il est là sur la Table sacrée, avec le Saint-Esprit. Les deux sont avec Toi, ô Jésus. Et Toi, d’une Voix majestueuse et émouvante, Tu prononces les Paroles de la consécration."
PASSION24.HOUR.04.P065,ec426871a5e90097a8b5ef3a08ff6858e27d6bba387c0a7df6da429cb4241709,"⟦Q:JESUS⟧ » Comme je Te plains, Jésus ! Ton Amour est mis au pilori ! Moi, pour Te dédommager, je Te prie d’enchaîner mon cœur avec ces chaînes brisées par les créatures, pour pouvoir Te donner à leur place un retour d’amour."
PASSION24.HOUR.05.P028,981251d0cd7e2d8d6c6fd7945c6ecdd31d84cea8892c13a043c837c603a76e03,"⟦Q:JESUS⟧ » Mon Jésus, Tu m’appelles dans ton Cœur pour me faire voir ce que l’Amour Te fait souffrir. Alors j’y entre. Mais que vois-je ?"
PASSION24.HOUR.05.REF.P005,87031b1fcaf655cf24f83c0c5e2e7dda8017dddb2a77aac4dee2bd8d74b9e5ab,"« ⟦Q:JESUS⟧ » Pour nous conformer en toute chose à Jésus, nous devons rentrer en nous-mêmes et nous poser cette question : « En tout ce que je fais, est-ce qu’il y a un flux continu d’Amour qui circule entre Dieu et moi ? »"
PASSION24.HOUR.06.P012,8428f176c5d3b2f9f2531708b23f28183f7ed9069d849270670009befa4fb4ee,"« ⟦Q:JESUS⟧ » C’est la première fois que j’entends ces mots de ta Bouche. Comme les Accents de ta Voix déchirent mon cœur ! Toutes les révoltes des créatures se présentent devant Toi. Ce « Fiat Voluntas Tua » qui devrait être le principe de Vie de toute créature, Tu le vois rejeté par presque toutes. En conséquence, au lieu de trouver la Vie, elles trouvent la mort."
PASSION24.HOUR.07.P007,429ce91512000e8c238fb51352f1e306e63843a56a8f64e71edadb196b16f904,"« ⟦Q:JESUS⟧ » Jésus, Tu vacilles et Tu es sur le point de tomber. Alors Jean étend les bras pour Te soutenir. Tu es tellement méconnaissable. Si ce n’était pas de ta suave Voix, tes disciples ne Te reconnaîtraient pas. Puis, leur recommandant de veiller et de prier, Tu retournes dans le Jardin."
PASSION24.HOUR.07.P015,b4787918206c53d49090f534a3e5f8d98200b30fb4b77ef2f94900f4c67452a6,⟦Q:JESUS⟧ » Puis il me semble entendre que Tu appelles à l’aide ta chère Maman :
PASSION24.HOUR.07.P030,4634f58998a2ca1644376a8cb05d01dc31e96b4540fa01a1b7eeb08600c4a4c9,"⟦Q:JESUS⟧ » Jésus, chacun de tes Gémissements est une blessure à mon cœur. Je fais miens ton Sang, ton Vouloir, ton Zèle ardent, ton Amour."
PASSION24.HOUR.07.P117,00e20c43e6c808401a53eefc135761653ba68719efa5848892680e06ab1396ea,"« ⟦Q:JESUS⟧ » Ô Jésus agonisant, ta Vie est sur le point de s’éteindre. J’entends tes gémissements. Tes beaux Yeux sont voilés par la mort toute proche. Tous tes Membres cèdent et Tu sembles ne plus respirer. Mon cœur est brisé de douleur. Je T’embrasse et je Te sens gelé. Je Te secoue et Tu ne donnes pas signe de vie : « Jésus, es-Tu mort ? »"
PASSION24.HOUR.07.P125,277905e8051e6342d63872a475a6e71d97656f9b8e581adf13daad0b4d2e6bdf,"⟦Q:JESUS⟧ » Mon Jésus angoissé, puisque Tu as voulu porter en Toi ma mort, je Te prie de venir m’assister au moment de ma mort."
PASSION24.HOUR.08.P007,defe0ee6ba0584e501ca00f7c12a98e001fd65bdcc8de6ce8b08bc98bc626147,"Ah ! comme elle m’est douce au cœur, la Parole que Tu adressas à Judas : « ⟦Q:JESUS⟧ » On dirait que c’est à moi aussi que Tu adresses cette Parole, non en m’appelant “ami”, mais en m’appelant du doux nom d’“enfant”."
PASSION24.HOUR.08.P008,c5c6edd2c3cb979c27c8612ac78bf87b65b416228afd4ae4335f6c24bed10920,"« ⟦Q:JESUS⟧ » Et je veux Te répondre : « Jésus, je viens pour T’aimer. »"
PASSION24.HOUR.08.P009,840d2a04d5614d1f5e0eab3d41e237aec1f00c982b89c5cb590f3a979b11d23b,"Tu me dis : « ⟦Q:JESUS⟧ » quand je me réveille le matin ou quand je Te prie. Tu me répètes : « ⟦Q:JESUS⟧ » à travers la sainte Hostie, quand je viens Te recevoir dans mon cœur. Quel beau rappel pour moi !"
PASSION24.HOUR.08.P010,7b830264a69d1efb5682e5dfff1dc86a35ff37c8000163489309fe6280950518,"Mais combien, à ton « ⟦Q:JESUS⟧ » répondent : « Je viens pour T’offenser ! »"
PASSION24.HOUR.08.P014,74bd1faae3bdbdaa45b8c65b75a113bc02ba81821b8903f28350c8c931555ee5,"Alors Tu leur dis : « ⟦Q:JESUS⟧ » Par ces simples paroles, Tu dis tout. Tu Te fais connaître pour ce que Tu es. Tant et si bien que tes ennemis tremblent et tombent à la renverse, comme morts."
PASSION24.HOUR.08.P015,0e8e25ba179b80db3015404fdc30bbeda72ac9d5710f67750d4468b27e4e1506,"Et Toi, ô Amour, c’est par un autre « ⟦Q:JESUS⟧ » que Tu les rappelles à la Vie et que, de ta propre initiative, Tu Te places entre leurs mains. Et eux, perfides et ingrats, au lieu de s’humilier et de trembler à tes pieds pour Te demander pardon, ils abusent de ta Bonté et ils méprisent tes Grâces et tes Prodiges, ils Te mettent les Mains dans le dos et, avec des cordes et des chaînes, Te lient, Te serrent, Te jettent par terre, Te foulent aux pieds, Te tirent par les Cheveux. Et Toi, avec une patience inouïe, Tu Te tais, Tu souffres et Tu répares les offenses qui, malgré tes Miracles, sont faites obstinément. Par les cordes et les chaînes que Tu supportes, Tu brises les chaînes de nos fautes et Tu nous attaches par la douce chaîne de l’Amour."
PASSION24.HOUR.09.P010,0eff0c7e558d2dd5c679da7ac7e3b9e3db060a824c6ca1705cb32c65c1e83ebe,"⟦Q:JESUS⟧ » Oui, mon Jésus, avec l’aide de ta Grâce et en m’identifiant à ta Divine Volonté je Te promets de ne jamais Te laisser seul."
PASSION24.HOUR.10.P002,8693e4f039b62d7bbfeffcc5c2dc4e37512184a6e4db7fbffa482a8843993b35,"Il T’interroge sur ta Doctrine et tes disciples. Et Toi, ô Jésus, pour défendre la Gloire du Père, Tu réponds d’une Voix sonore et digne : « ⟦Q:JESUS⟧ » À ces Paroles, tous tremblent. Perfidement, un serviteur s’approche de Toi. D’une main ferrée, il Te donne une gifle si forte qu’elle Te fait chanceler et rend livide ton doux Visage !"
PASSION24.HOUR.11.P010,03748084ad481a333bb73fba4edf9d706a36d29b6a6898be656c4e342f9ea5ce,"⟦Q:JESUS⟧ » Mon doux Amour, le vacarme de tes ennemis est si considérable qu’il m’empêche de prendre un peu de sommeil. Les coups deviennent plus violents. J’entends le bruit des chaînes avec lesquelles ils T’ont attaché si fermement que de tes Poignets jaillit du Sang, lequel marque ces rues."
PASSION24.HOUR.11.P021,a6762f6245c19d99c3d520afa0563f45b2c0f5645b86da76b5a8bcbc4e118a74,"⟦Q:JESUS⟧ » Mon Bien renié, comme elles se reconnaissent vite les offenses de ceux qui Te sont les plus chers !"
PASSION24.HOUR.11.P030,428cebcfe9048cf1bf025e341d938e882e5f9e8198fd33bc23a8185508c3ed8c,"« ⟦Q:JESUS⟧ » À ces Paroles solennelles, tous font silence et frissonnent d’épouvante. Après quelques instants de sa propre épouvante, Caïphe, furieux comme une bête féroce, dit à tous : « À quoi bon les témoins maintenant ? Il vient de proférer un grand blasphème. Qu’attendons-nous de plus pour le condamner ? Il est coupable de mort ! »"
PASSION24.HOUR.13.P005,a0e6d29206019aae50560efe0eeb3cb912c467a6f54555e7dad2fce6fe204bef,"Tu me réponds : « ⟦Q:JESUS⟧ » Mon Jésus, à ma stupeur, je vois qu’au lieu de Te préoccuper de tes Peines, Tu penses avec un Amour indicible à glorifier le Père pour Le dédommager de nos négligences envers Lui, et Tu appelles toutes les âmes autour de Toi pour prendre tous leurs maux sur Toi et leur donner tous tes Biens."
PASSION24.HOUR.15.P005,1fe7971777119b2d85e26afa8216a2231531c0b31ca409479224af3c289a4642,"« ⟦Q:JESUS⟧ » Pilate est surpris et touché par la suavité et la dignité de tes Paroles, et il Te dit : « Comment, Tu es roi ? »"
PASSION24.HOUR.16.P015,931b222d6046ed3b0f46fad9efda0d19fe435f9fc18b9a7584c4290cee10cf1f,"⟦Q:JESUS⟧ » Comme elles sont réelles et incessantes nos décisions de faire passer Dieu en second, même chez ceux qui aiment Jésus !"
PASSION24.HOUR.16.P028,587bfb1c0a6d2bf5885a6df287a9d1e209c2114dda005960440fe42202eb61ea,"⟦Q:JESUS⟧ » Jésus torturé, ton Amour passe d’un excès à l’autre. Je vois que tes bourreaux prennent des fouets de corde et Te battent sans pitié, à tel point que ton Corps infiniment saint devient tout livide."
PASSION24.HOUR.16.P045,1f73884e661135a36c0a718ff48463c47ce393b61b6992adfce0922654cfdc5b,"⟦Q:JESUS⟧ » Jésus, l’Amour avec lequel Tu souffres est si grand, que Tu excites presque tes bourreaux à Te battre davantage !"
PASSION24.HOUR.17.P014,43ee151361e8da9e3f111010c2d6a7593c9f8fd186d831a4d9d4d40c455c2d58,"⟦Q:JESUS⟧ » Poursuivant dans leurs cruautés, tes ennemis Te font asseoir, déposent sur Toi une guenille de pourpre, prennent une couronne d’épines qu’ils viennent de fabriquer, et avec une furie infernale, la placent sur ta Tête adorable. Puis, à coups de bâton, ils Te font pénétrer les épines dans la Tête."
PASSION24.HOUR.17.P027,0f4c182dace3c23c18bdd30ab9501bcb7b386d08d52a7da1783da27379314d7e,"⟦Q:JESUS⟧ » Mon Amour, je Te prie de me piquer les oreilles de tes épines, afin qu’elles puissent n’entendre que ta Voix, mes yeux pour qu’ils ne regardent que Toi, ma bouche pour que ma langue reste muette par rapport à tout ce qui pourrait T’offenser et libre pour Te louer et Te bénir en toutes choses."
PASSION24.HOUR.17.P044,869646265b0de1edb6f2d546b46cb2d40350174de196dbf8071d9a1d625e2fc8,"⟦Q:JESUS⟧ » Mon Amour, je vois que, Te voyant si mal en point, Pilate frissonne."
PASSION24.HOUR.18.P002,fa98377ab931e85708e829ea8ef54486dcbd089e3b78c1e5b3d50e2a5473b03b,"À chacun de tes gémissements, je T’entends dire : « ⟦Q:JESUS⟧ » Chaque goutte de ton Sang proclame : « ⟦Q:JESUS⟧ »"
PASSION24.HOUR.18.P031,cab11dcd32a14a026be338b346679636e6f34ba5753e7927f0938690916b343f,"⟦Q:JESUS⟧ » Anxieux, Tu Te la fais placer sur tes Épaules infiniment saintes. Ah ! mon Jésus, ta Croix est trop légère pour ton Amour. Mais à son poids s’ajoute celui de nos fautes, aussi lourd que toute la terre. Mon Bien, Tu Te sens écrasé sous le poids de tant de fautes."
PASSION24.HOUR.18.P113,cb4b37cbd6dedf7076f2bf3d846746085161caa027dc233a6577133b8fdae357,"⟦Q:JESUS⟧ » Mon Bien dénudé, tandis qu’avec Toi je répare, je Te prie qu’au moyen de tes Mains infiniment saintes Tu me dépouilles de tout et que Tu ne permettes à aucune affection mauvaise d’entrer dans mon cœur."
PASSION24.HOUR.19.P018,52eb8baa16a1bc6b09855b603038e76a0c8f5e64939e8e0427cb0944cc5ee541,"⟦Q:JESUS⟧ » Mais, qui peut dire tout ce que mon doux Jésus a dit sur la Croix ? Et tandis que Jésus parle ainsi, ses bourreaux Lui ordonnent de S’étendre sur la Croix. Il leur obéit promptement, réparant ainsi nos désobéissances."
PASSION24.HOUR.19.P126,59fd3c15dea84b0c07649f2b9217e8f0245990670767e842891fc56234f59930,"⟦Q:JESUS⟧ » Mon Jésus plein d’amertume, ma voix, fondue dans la Tienne, veut faire face à toutes ces offenses."
PASSION24.HOUR.19.P137,35229feb7a00d6db2836a7aef77e8607ce78b3777ead92853d7ce41136ead797,"⟦Q:JESUS⟧ » Mon Jésus, ton Amour est un doux enchantement pour moi et me pousse à faire ce que Tu fais."
PASSION24.HOUR.19.P165,6ba1e33250ef2d57dcbccfeefa285ce1fa276c49413273b400b492b198c7f4cc,"⟦Q:FATHER⟧ » Mais Toi, ô mon Jésus, triomphant de tout, Tu défends même ces âmes, Tu endigues par l’Amour immense de ton Cœur les vagues des amertumes et des blessures qu’elles Te procurent."
PASSION24.HOUR.20.P010,a9e4c2c95dc592a31ac7a4eccd86324863e7d3c479e2dbf2051795623d03f657,"« ⟦Q:JESUS⟧ » Et, de nouveau, Tu Te renfermes dans le silence, Tu es plongé dans des Souffrances inouïes."
PASSION24.HOUR.21.P020,052a0cbd283fcc77c9daf86d45bfda1b4ff7f1adf4cfe22f0c3a498ae828e832,Troisième Parole : Jésus dit à sa Maman : « ⟦Q:JESUS⟧ » et à Jean : « ⟦Q:JESUS⟧ »
PASSION24.HOUR.21.P023,cfd323fd3ba0dee71cfaeced5d39d7b952e8eab8bb9a70e77dfa1eb80f1c27a5,"Il Te fait dire : « ⟦Q:JESUS⟧ » Leur ayant tout donné, Tu n’as plus rien à donner aux créatures. Tu tournes ton Regard suppliant vers ta Maman. Elle comme Toi, se sent crucifiée à cause de tes Souffrances et de l’Amour qui la torture."
PASSION24.HOUR.21.P025,4f17e7481c78ea22cd59796b4e66c063b6db0e0e8cf9ef5ec12759c6d2de3d70,"En associant Jean à tout le genre humain, Tu dis à Marie d’une Voix remplie de tendresse : « ⟦Q:JESUS⟧ » et Tu dis à Jean : « ⟦Q:JESUS⟧ »"
PASSION24.HOUR.21.P027,76138a89389e9f6dbed5406a7b8f8adc2f3c6f44db3a3758f81310d50242557e,"« ⟦Q:JESUS⟧ » Et ta sainte Maman accepte. Je veux ici, ô mon Jésus, réparer les offenses qui sont faites à ta Très Sainte Mère, les blasphèmes et les ingratitudes de tant de gens qui ne veulent pas reconnaître le grand Bienfait que Tu as accordé à tous, en nous donnant Marie comme Mère."
PASSION24.HOUR.21.P068,d4dea4d9c20e2b2cec80528c3929973574abe435d4315b233d3cb2db7c3af613,"⟦Q:JESUS⟧ » Mon Amour, combien je suis désolée ! Tu T’essouffles !"
PASSION24.HOUR.22.P006,4d8a62b88b431940e9534e919efcf8d829fcfa97c22c5ed59003a8e5fc64a727,"Par l’eau que Tu aimerais boire, Tu voudrais nous mettre tous en sûreté à l’intérieur de Toi. Rassemblant tes forces très affaiblies, Tu cries : « ⟦Q:JESUS⟧ » Ah ! cette Parole, Tu la dis de tout ton divin Cœur :"
PASSION24.HOUR.22.P022,4c0b8a36dcc295d5e9d25509a74b5f28a74540d4701d710fe7a2b7ddedf54ada,"« ⟦Q:JESUS⟧ » Ô mon Jésus, Tu as déjà tout épuisé. Il ne Te reste rien d’autre. L’Amour est parvenu à son terme. Et moi, me suis-je consumée tout entière par amour ? Quels remerciements ne devrais-je pas Te faire. Quelle ne devrait pas être ma gratitude envers Toi ?"
PASSION24.HOUR.22.REF.P001,aef902b37929a0c9da331e540ea8864c8446a769e0dee04ac844c692cf992b1a,"Jésus brûle de Soif. Et nous, brûlons-nous d’amour pour Lui ? Nos pensées et nos affections ont-elles toujours pour but d’étancher sa Soif ardente ? Jésus assoiffé, ne pouvant supporter la Soif qui Le brûle, dit : « ⟦Q:JESUS⟧ » Jésus S’est sacrifié tout entier pour nous. Et nous, en toute chose, nous efforçons-nous d’être continuellement consumés d’amour pour Lui ? Toutes les Actions, Paroles et Pensées de Jésus Le portaient vers le sacrifice total de Lui-même. Et nous, chacune de nos actions, paroles et pensées nous poussent-elles à nous consumer d’amour pour Lui ? Jésus, ma douce Vie, que ton Haleine moribonde pénètre dans mon pauvre cœur pour que je puisse recevoir l’empreinte de ton Sacrifice total. Sur la Croix, Jésus accomplit en toute chose la Volonté du Père et Il expire dans un Acte de parfait abandon à cette Volonté infiniment sainte."
PASSION24.HOUR.24.DESOL.P014,b48fa53340ab3e134d64de89c61075aa79ceab49ad4d41f48267ebe4f1b4ee91,"⟦Q:MARY⟧ » Maman affligée, tu penches ta tête sur celle de Jésus, tu Lui donnes des baisers, et tu enfermes tes pensées dans les Siennes. Oh ! comme tu voudrais ranimer son Intelligence avec la tienne, pour ainsi Lui donner vie pour Vie ! Maman affligée, je te vois donner des baisers aux Yeux éteints de Jésus. Oh ! comme tu souffres de constater que Jésus ne te regarde plus !"
PASSION24.HOUR.24.DESOL.P027,4a1e4cbe49f3b893fd71fd11420a5f8fb767b35f3235ccabae6146cb67b77084,"⟦Q:MARY⟧ » Ta douleur est telle, ô Maman, qu’elle te paralyse, te coupe la parole, et que tu es comme éteinte auprès du Visage de ton Jésus."
PASSION24.HOUR.24.DESOL.P037,d2e153515dc6a4b42ffab8aee6cffba2d114db860020c964260620e20f68f5c3,"⟦Q:MARY⟧ » Maman torturée, je vois que tu te hâtes, car ceux qui sont autour de toi veulent fermer le sépulcre."
PASSION24.SECTION.BENEFITS.P102,e8cf7c9532d011ddcdb3e325a8c00c4e62277f85292bcc363554f92f0f6d16a2,⟦Q:JESUS⟧» Il ajouta : «⟦Q:JESUS⟧
PASSION24.SECTION.BENEFITS.P116,b3ed347dba153e5287b4f32298a8692059f6ee73c490cfff16865f542ff705eb,"⟦Q:JESUS⟧» Un jour, alors que j'en étais à l'Heure où la céleste Maman participa à l'ensevelissement de Jésus, je me tenais près d'elle pour la consoler."
PASSION24.SECTION.BENEFITS.P122,618de3968214a522b2eb4060fe2bf1c5d72f9e062284c294c867f52b4cbe8921,"Ensuite, Il m'embrassa et me dit avec une grande douceur : «⟦Q:JESUS⟧» Et Il me murmura tout ce que sa douce Maman fit et souffrit durant cette Heure."
PASSION24.SECTION.BENEFITS.P136,cb98d783303cb8bebf4ca989ab4b87890bf82f6d59867fddf1d94012c24029fc,⟦Q:JESUS⟧» Jésus béni ajouta : «
PASSION24.SECTION.BENEFITS.P149,7a34ae5d5b22108be211dfb67e771e3f786d2bb77945ad491ba9b6fe91356c2a,⟦Q:JESUS⟧» Puis Il
PASSION24.TEXT.PART_III_MARY_SORROWS.BODY.P057,11fadb1c9becbd9fd8f76160ceeffaa2929af280bbbf6f0b916618ff8166a354,"⟦Q:JESUS⟧ ""Il est à la fois ancien et nouveau."""
PASSION24.TEXT.PART_III_MARY_SORROWS.BODY.P069,70aeea302df7fb63f894fb7c8780d9438a111080c5cca40b481e16814a6b51ba,⟦Q:JESUS⟧.
PASSION24.TEXT.PART_III_MARY_SORROWS.BODY.P100,855d46aaedc6eb18b2697774946e7879c4a2991e7e1568a6895a17b329d2c88a,"⟦Q:JESUS⟧ ""Maman, veux-Tu faire ceci ? Veux-Tu souffrir cette peine ?"""
PASSION24.TEXT.PART_III_MARY_SORROWS.BODY.P180,1f341e7d776439ca0cba3b2f2170d578b1580ed98df82004fab8a1719d056523,⟦Q:JESUS⟧ »
PASSION24.TEXT.PROMISES_BENEFITS.BODY.P097,e8cf7c9532d011ddcdb3e325a8c00c4e62277f85292bcc363554f92f0f6d16a2,⟦Q:JESUS⟧» Il ajouta : «⟦Q:JESUS⟧
PASSION24.TEXT.PROMISES_BENEFITS.BODY.P111,b3ed347dba153e5287b4f32298a8692059f6ee73c490cfff16865f542ff705eb,"⟦Q:JESUS⟧» Un jour, alors que j'en étais à l'Heure où la céleste Maman participa à l'ensevelissement de Jésus, je me tenais près d'elle pour la consoler."
PASSION24.TEXT.PROMISES_BENEFITS.BODY.P117,618de3968214a522b2eb4060fe2bf1c5d72f9e062284c294c867f52b4cbe8921,"Ensuite, Il m'embrassa et me dit avec une grande douceur : «⟦Q:JESUS⟧» Et Il me murmura tout ce que sa douce Maman fit et souffrit durant cette Heure."
PASSION24.TEXT.PROMISES_BENEFITS.BODY.P131,cb98d783303cb8bebf4ca989ab4b87890bf82f6d59867fddf1d94012c24029fc,⟦Q:JESUS⟧» Jésus béni ajouta : «
PASSION24.TEXT.PROMISES_BENEFITS.BODY.P144,7a34ae5d5b22108be211dfb67e771e3f786d2bb77945ad491ba9b6fe91356c2a,⟦Q:JESUS⟧» Puis Il
PASSION24.TEXT.RELATED_HOUR_01.BODY.P047,07637a43ae3504ce9f3b84b5787946729fd33f34d85ca691a31534576e681c6e,⟦Q:JESUS⟧»
PASSION24.TEXT.RELATED_HOUR_06.BODY.P011,df3bce6bc5fa308672f83c9482ee095481e57ba5a4d46bc4947c426127183721,⟦Q:JESUS⟧ «
PASSION24.TEXT.RELATED_HOUR_06.BODY.P033,27b35e712ada929b78118297d7fc554dba14fda1b6318572e41c700e353ae58a,"⟦Q:JESUS⟧» En disant cela, de sa sainte main, Jésus imprima ces morts d'amour en mon âme. Ensuite, Il disparut. Que tout soit pour la gloire de Dieu !"
PASSION24.TEXT.RELATED_HOUR_06.BODY.P036,1f62146d2298f27729892e391de327598b75e862d1955694f2894e2462c263b4,"⟦Q:JESUS⟧» Bougeant en moi, mon doux Jésus me dit : «"
PASSION24.TEXT.RELATED_HOUR_06.BODY.P043,a167c4cea985eb13e6aa55d60d9c022b26b8a3613f1d7b053339544aa694186e,⟦Q:JESUS⟧ ?
PASSION24.TEXT.RELATED_HOUR_06.BODY.P058,f4df240dd916ae9db6393948d8bf4c6b4d3d55599473d51688697d462725c435,⟦Q:JESUS⟧ ?
PASSION24.TEXT.RELATED_HOUR_07.BODY.P036,a75c135d1ac345599a8d6b115c1e8e80b0e9b23550e12183941fd2d116ddd210,"⟦Q:JESUS⟧» Pensant à ce que Jésus m'avait dit, je me disais : «"
PASSION24.TEXT.RELATED_HOUR_10.BODY.P009,c6748a7f3849a3d7058319b333cc0c038a0e257c46a192a2224a5e052e7f96e6,"⟦Q:JESUS⟧» Ensuite, Jésus me dit : «⟦Q:JESUS⟧»"
PASSION24.TEXT.RELATED_HOUR_13.BODY.P013,850228d7801c4357cbd34d667ad142e7fd34f9379bdec35cb28caba81e16fc35,⟦Q:JESUS⟧»
PASSION24.TEXT.RELATED_HOUR_13.BODY.P039,f53aa0754a18226ee45179be9733f5597d5b08b314bccfdfb4dbf623b4f1d713,"⟦Q:JESUS⟧» Plus tard, je me suis dit : «"
PASSION24.TEXT.RELATED_HOUR_14.BODY.P019,9e29d7a86ff3b99930b7292a89a119d4dcaf05db4d11fdf8449ad57ceb5a6316,"⟦Q:JESUS⟧» Plus tard, alors que je me replongeais dans la méditation, j'en étais à l'heure où mon bien-aimé Jésus était sorti de prison et amené de nouveau devant Caïphe."
PASSION24.TEXT.RELATED_HOUR_15.BODY.P109,14a5272c9efcfc0868a3374b0d78a77656e2d4e972cb750fed3df50efbf35865,"⟦Q:JESUS⟧» Plus tard, se montrant de nouveau à moi alors que j'étais complètement absorbée dans la Divine Volonté, Il me dit : «"
PASSION24.TEXT.RELATED_HOUR_16.BODY.P047,ddb5c717e12022cc404c402303ca04a0713eb84d33134bfd6dfccd74047ce612,"⟦Q:JESUS⟧» Se jetant alors dans mes bras, Jésus fondit en larmes."
PASSION24.TEXT.RELATED_HOUR_16.BODY.P096,3a7f439a0c61b604fde0482b742edab436bb676e4e68e92e8b81b2872f594f26,"⟦Q:JESUS⟧ » Qui pourrait décrire la manière de prier de Jésus et rappeler tout ce qu'Il a dit ! Ensuite, Il garda le silence et Il prit ma pauvre âme dans ses Mains en la palpant et l'examinant."
PASSION24.TEXT.RELATED_HOUR_17.BODY.P032,bb75e4e26bde7765cd903c29f131c1d35fffc9c9668505fe1ed73c854bca7890,"⟦Q:JESUS⟧» Je regardais mon aimable Jésus et Je pouvais voir sa tête très sainte entourée d'épines, lesquelles pénétraient dans sa tête et en sortaient."
PASSION24.TEXT.RELATED_HOUR_17.BODY.P050,b1556570f59acc497580c0ec527319b62fb9bc334f142cf20f7fe3ee92cab6e4,"Jésus dit : «⟦Q:JESUS⟧» Nous sommes partis et quand nous sommes arrivés à un endroit où il y avait beaucoup de gens, Jésus sortit Sa Tête de mon intérieur."
PASSION24.TEXT.RELATED_HOUR_17.BODY.P051,b685d871c1b8ebb60562d3f7e53aa46978f4a68429007c2a0482cf93359c5082,Il répéta les paroles que Pilate avait dites en présentant Jésus au peuple : «⟦Q:JESUS⟧» «Voici l'Homme !»
PASSION24.TEXT.RELATED_HOUR_17.BODY.P054,42d912e4cd5e106c63110b57aadab222f9359afdcab144b8de04701748d19e81,"Enlevez-Le, nous ne voulons pas de Lui. Même, crucifiez-Le, afin que toute mémoire de Lui soit détruite.» Oh ! Combien de fois cette scène s'est répétée ! Alors, le Seigneur répéta à tous : «⟦Q:JESUS⟧» Sur ces mots, un murmure se fit entendre."
PASSION24.TEXT.RELATED_HOUR_17.BODY.P057,ca2df7f69551cbbe7ab9ab2a0de7bdd3049e1a959ef38c28e2613a55e2198034,"⟦Q:JESUS⟧» Alors, nous nous sommes trouvés au milieu de prêtres, d'évêques, de religieux et de dévots."
PASSION24.TEXT.RELATED_HOUR_17.BODY.P058,cd60b2ae15588ce08032d6162959ed7a01568206d3154ef5c2fa960aff0d972e,"Avec une voix sonore, Jésus répéta : «⟦Q:JESUS⟧» Certains dirent : «Nous Le voulons, mais nous voulons aussi notre confort.» D'autres dirent : «Nous Le voulons, mais avec nos intérêts.» D'autres dirent : «Nous Le voulons, mais avec l'estime et les honneurs. Que serait un religieux sans estime ?» D'autres dirent : «Nous Le voulons, mais avec quelques satisfactions avec les créatures. Comment peut-on vivre seul et sans personne pour nous satisfaire ?» Certains arrivaient à vouloir au moins quelque satisfaction dans le sacrement de la confession."
PASSION24.TEXT.RELATED_HOUR_17.BODY.P073,70e33876c8f3932f34f7140d7d53b70ff347a5a0825dd92586c5eca9e5fe9f5d,⟦Q:JESUS⟧ ;
PASSION24.TEXT.RELATED_HOUR_17.BODY.P141,53c7855fdaf433deaaeaa1a9085d00b419136d241f43f61c6202433dbec15471,"⟦Q:JESUS⟧ """
PASSION24.TEXT.RELATED_HOUR_18.BODY.P072,c780030c61d806fb214e5a67a98969e19c9cd7c892b46c024ab0bcbdb09f21a0,"⟦Q:JESUS⟧» Je lui dis : «Mais, Jésus très saint, après le grand sacrifice que j'avais fait, ces gens s'en allaient faire du commérage. L'obéissance a justement interdit la venue de ces gens.»"
PASSION24.TEXT.RELATED_HOUR_19.BODY.P067,4577dc869f43e580bf03ae45452b3ffbb54d92e9791b5891f7a7bec34161574f,⟦Q:JESUS⟧» Seul Jésus sait ce que j'ai alors souffert.
PASSION24.TEXT.RELATED_HOUR_19.BODY.P074,4b42e11860cc612072e8b64ca52279ec1e2a12676daaeced1141e195ae565c42,"⟦Q:JESUS⟧» En disant cela, Il continua de souffler."
PASSION24.TEXT.RELATED_HOUR_20.BODY.P015,4975b104698e473048735269834389242d97d5f24a3d35b6880238972eda3e3a,"⟦Q:JESUS⟧» Plus tard, en recevant l'absolution de mon confesseur, je me disais : «"
PASSION24.TEXT.RELATED_HOUR_20.BODY.P023,aad0576b9088c062d9a47e893f8f3b1d1514d71113f6460583bf50207371f6f4,"⟦Q:JESUS⟧» Puis, Il disparut. Quelques heures plus tard, Il revint et ajouta : «"
PASSION24.TEXT.RELATED_HOUR_20.BODY.P024,f06b85ef7b574bc100e894d80bb6ea09b0fc5741720b0a897f362a6e5fe8cf2f,"⟦Q:JESUS⟧» Cela dit, Il approcha sa Bouche de la mienne et, presque en tremblant, je Lui donnai mon baiser. Celui-ci produisit un Son harmonieux jamais entendu auparavant, qui s'éleva très haut et se diffusa sur toutes les choses et toutes les créatures. Ensuite, avec un amour inexprimable, Il me dit : «"
PASSION24.TEXT.RELATED_HOUR_20.BODY.P028,0b59ba62e1fc1dfa47778bc6c91b1435e901f8a5378f09b843ef655ed05a584b,"⟦Q:JESUS⟧» Ensuite, Il disparut. Quant à moi, je me fusionnai dans la Volonté Divine en m'attristant pour chacune des offenses faites à mon Jésus par les humains, du premier homme venu sur la terre jusqu'au dernier qui y viendra en demandant pardon pour ces offenses."
PASSION24.TEXT.RELATED_HOUR_21.BODY.P059,c71e49e81a8b1a1f7087ded1126ff281b1316e043f1cb53041df89b37275bc92,"À l'instant, Il me dit : «⟦Q:JESUS⟧» Je repris : «Non ! Et que cela ne soit jamais !»"
PASSION24.TEXT.RELATED_HOUR_21.BODY.P090,fae3803d3cbc836e62fa888d1d869731533612286d450ea372974c9b7d2eba08,"⟦Q:JESUS⟧» Cela dit, Il disparut."
PASSION24.TEXT.RELATED_HOUR_22.BODY.P065,579daa54a60c77ff72f03aa2d964b2bb3ea68d792547ce0f550161ee4782705c,"⟦Q:JESUS⟧,"
PASSION24.TEXT.RELATED_HOUR_22.BODY.P066,5285761b107072dc1ecfc0e41a0deeb465eece6b97905d87d88be332cb90e4bd,⟦Q:JESUS⟧ «
PASSION24.TEXT.RELATED_HOUR_22.BODY.P076,ddcd98c1466f027347ba2b693a18e39a1c7b6bfb09cb50afea707af63fa217aa,⟦Q:JESUS⟧ «
PASSION24.TEXT.RELATED_HOUR_24.BODY.P010,f8270e105f0c54897e01300c021b41b1ccd2f8f437049039435001ec38c6ab6b,"Il me dit : «⟦Q:JESUS⟧» Une autre fois, Je me plaignais à Jésus en constatant qu'après tant de sacrifices pour écrire ces Heures, très peu d'âmes les font."
PASSION24.TEXT.RELATED_HOUR_24.BODY.P017,b3ed347dba153e5287b4f32298a8692059f6ee73c490cfff16865f542ff705eb,"⟦Q:JESUS⟧» Un jour, alors que j'en étais à l'Heure où la céleste Maman participa à l'ensevelissement de Jésus, je me tenais près d'elle pour la consoler."
PASSION24.TEXT.RELATED_HOUR_24.BODY.P022,eeb0a08a26255af4a997b65f5037e53c05636623c99e429ca3596565c2e2471b,"Quant à Moi, Je ressens sa tendresse maternelle, son amour, et toute la gloire qu'elle Me donnait. De plus, Je Te considère comme une mère. Ensuite, Il m'embrassa et me dit avec une grande douceur : «⟦Q:JESUS⟧» Et Il me murmura tout ce que sa douce Maman fit et souffrit durant cette Heure."
PASSION24.TEXT.SHARED_T09_1910_07_04_AGONY_CROSS_LAST_BREATH.BODY.P009,f7f5f495664f94bb91d42cc59e75f26d588968abeb5b4106fedb16b8185e52c2,⟦Q:JESUS⟧.
