alias_key,current_break_hidden_during_decision,expected_break_offset,host_sentence_status,lane,masked_host_text,paragraph_id,row_id,semantic_disposition,speaker,syntactic_rationale
c86c4cf9a31bc226,True,110,QUOTE_CLOSE_IS_HOST_SENTENCE_END,B_SEMANTIC_READING,"Mais en te faisant ses adieux, Jésus veut entendre de ta Bouche ces douces Paroles : « ⟦Q:MARY⟧ » Cette bénédiction remédiera aux offenses des créatures, et, douce et suave, descendra jusqu’à son Cœur.",PASSION24.HOUR.01.P008,PASSION24.HOUR.01.P008#R00,KEEP_CURRENT_BREAK,MARY,La parole directe est syntaxiquement close à cette frontière ; le texte extérieur suivant ouvre une nouvelle phrase/unité indépendante.
3a9426d7238bfa7e,True,119,QUOTE_CLOSE_IS_HOST_SENTENCE_END,B_SEMANTIC_READING,"Mais tandis que tu présentes ces bénédictions à Jésus, j’entends ta Voix émue qui Lui dit : « ⟦Q:MARY⟧ » Ô Jésus, mon doux Amour, bénis-moi aussi avec ta Mère. Bénis mes pensées, mon cœur, mes mains, mes pas, mes œuvres. Bénis toutes les créatures.",PASSION24.HOUR.01.P014,PASSION24.HOUR.01.P014#R00,KEEP_CURRENT_BREAK,MARY,La parole directe est syntaxiquement close à cette frontière ; le texte extérieur suivant ouvre une nouvelle phrase/unité indépendante.
88bcd8b0a7b45784,True,203,QUOTE_CLOSE_IS_HOST_SENTENCE_END,B_SEMANTIC_READING,"« ⟦Q:JESUS⟧ » À ces propos, les apôtres sont tout tristes et ne savent que répondre.",PASSION24.HOUR.02.P014,PASSION24.HOUR.02.P014#R00,KEEP_CURRENT_BREAK,JESUS,La parole directe est syntaxiquement close à cette frontière ; le texte extérieur suivant ouvre une nouvelle phrase/unité indépendante.
a1638de2b09c9adb,True,147,QUOTE_CLOSE_IS_HOST_SENTENCE_END,B_SEMANTIC_READING,"Tu ajoutes : « ⟦Q:JESUS⟧ » D’une Voix émue, Tu continues à les instruire. Avant de rentrer dans le Cénacle, Tu regardes le soleil qui se couche et qui, comme ta Vie, est sur le point de s’éteindre.",PASSION24.HOUR.02.P015,PASSION24.HOUR.02.P015#R00,KEEP_CURRENT_BREAK,JESUS,La parole directe est syntaxiquement close à cette frontière ; le texte extérieur suivant ouvre une nouvelle phrase/unité indépendante.
92cd39bba7446fab,True,113,QUOTE_CLOSE_IS_HOST_SENTENCE_END,B_SEMANTIC_READING,"⟦Q:JESUS⟧ » Le Père s’émeut à ces propos tendres et affectueux. Il descend du Ciel. Il est là sur la Table sacrée, avec le Saint-Esprit. Les deux sont avec Toi, ô Jésus. Et Toi, d’une Voix majestueuse et émouvante, Tu prononces les Paroles de la consécration.",PASSION24.HOUR.04.P034,PASSION24.HOUR.04.P034#R00,KEEP_CURRENT_BREAK,JESUS,La parole directe est syntaxiquement close à cette frontière ; le texte extérieur suivant ouvre une nouvelle phrase/unité indépendante.
33bbb92ab2db7e2f,True,93,QUOTE_CLOSE_IS_HOST_SENTENCE_END,B_SEMANTIC_READING,"⟦Q:JESUS⟧ » Comme je Te plains, Jésus ! Ton Amour est mis au pilori ! Moi, pour Te dédommager, je Te prie d’enchaîner mon cœur avec ces chaînes brisées par les créatures, pour pouvoir Te donner à leur place un retour d’amour.",PASSION24.HOUR.04.P065,PASSION24.HOUR.04.P065#R00,KEEP_CURRENT_BREAK,JESUS,La parole directe est syntaxiquement close à cette frontière ; le texte extérieur suivant ouvre une nouvelle phrase/unité indépendante.
d442d293ed0967da,True,483,QUOTE_CLOSE_IS_HOST_SENTENCE_END,B_SEMANTIC_READING,"⟦Q:JESUS⟧ » Mon Jésus, Tu m’appelles dans ton Cœur pour me faire voir ce que l’Amour Te fait souffrir. Alors j’y entre. Mais que vois-je ?",PASSION24.HOUR.05.P028,PASSION24.HOUR.05.P028#R00,KEEP_CURRENT_BREAK,JESUS,La parole directe est syntaxiquement close à cette frontière ; le texte extérieur suivant ouvre une nouvelle phrase/unité indépendante.
6053f94c3300f364,True,142,QUOTE_CLOSE_IS_HOST_SENTENCE_END,B_SEMANTIC_READING,"« ⟦Q:JESUS⟧ » Pour nous conformer en toute chose à Jésus, nous devons rentrer en nous-mêmes et nous poser cette question : « En tout ce que je fais, est-ce qu’il y a un flux continu d’Amour qui circule entre Dieu et moi ? »",PASSION24.HOUR.05.REF.P005,PASSION24.HOUR.05.REF.P005#R00,KEEP_CURRENT_BREAK,JESUS,La parole directe est syntaxiquement close à cette frontière ; le texte extérieur suivant ouvre une nouvelle phrase/unité indépendante.
5140bd62efffdd18,True,106,QUOTE_CLOSE_IS_HOST_SENTENCE_END,B_SEMANTIC_READING,"« ⟦Q:JESUS⟧ » C’est la première fois que j’entends ces mots de ta Bouche. Comme les Accents de ta Voix déchirent mon cœur ! Toutes les révoltes des créatures se présentent devant Toi. Ce « Fiat Voluntas Tua » qui devrait être le principe de Vie de toute créature, Tu le vois rejeté par presque toutes. En conséquence, au lieu de trouver la Vie, elles trouvent la mort.",PASSION24.HOUR.06.P012,PASSION24.HOUR.06.P012#R00,KEEP_CURRENT_BREAK,JESUS,La parole directe est syntaxiquement close à cette frontière ; le texte extérieur suivant ouvre une nouvelle phrase/unité indépendante.
e49753ed49c7c432,True,165,QUOTE_CLOSE_IS_HOST_SENTENCE_END,B_SEMANTIC_READING,"« ⟦Q:JESUS⟧ » Jésus, Tu vacilles et Tu es sur le point de tomber. Alors Jean étend les bras pour Te soutenir. Tu es tellement méconnaissable. Si ce n’était pas de ta suave Voix, tes disciples ne Te reconnaîtraient pas. Puis, leur recommandant de veiller et de prier, Tu retournes dans le Jardin.",PASSION24.HOUR.07.P007,PASSION24.HOUR.07.P007#R00,KEEP_CURRENT_BREAK,JESUS,La parole directe est syntaxiquement close à cette frontière ; le texte extérieur suivant ouvre une nouvelle phrase/unité indépendante.
b0f82f05b9006a1e,True,147,QUOTE_CLOSE_IS_HOST_SENTENCE_END,B_SEMANTIC_READING,⟦Q:JESUS⟧ » Puis il me semble entendre que Tu appelles à l’aide ta chère Maman :,PASSION24.HOUR.07.P015,PASSION24.HOUR.07.P015#R00,KEEP_CURRENT_BREAK,JESUS,La parole directe est syntaxiquement close à cette frontière ; le texte extérieur suivant ouvre une nouvelle phrase/unité indépendante.
65055d1d82325a20,True,22,QUOTE_CLOSE_IS_HOST_SENTENCE_END,B_SEMANTIC_READING,"⟦Q:JESUS⟧ » Jésus, chacun de tes Gémissements est une blessure à mon cœur. Je fais miens ton Sang, ton Vouloir, ton Zèle ardent, ton Amour.",PASSION24.HOUR.07.P030,PASSION24.HOUR.07.P030#R00,KEEP_CURRENT_BREAK,JESUS,La parole directe est syntaxiquement close à cette frontière ; le texte extérieur suivant ouvre une nouvelle phrase/unité indépendante.
6aeefd2b88884121,True,228,QUOTE_CLOSE_IS_HOST_SENTENCE_END,B_SEMANTIC_READING,"« ⟦Q:JESUS⟧ » Ô Jésus agonisant, ta Vie est sur le point de s’éteindre. J’entends tes gémissements. Tes beaux Yeux sont voilés par la mort toute proche. Tous tes Membres cèdent et Tu sembles ne plus respirer. Mon cœur est brisé de douleur. Je T’embrasse et je Te sens gelé. Je Te secoue et Tu ne donnes pas signe de vie : « Jésus, es-Tu mort ? »",PASSION24.HOUR.07.P117,PASSION24.HOUR.07.P117#R00,KEEP_CURRENT_BREAK,JESUS,La parole directe est syntaxiquement close à cette frontière ; le texte extérieur suivant ouvre une nouvelle phrase/unité indépendante.
40788e4027f4361c,True,128,QUOTE_CLOSE_IS_HOST_SENTENCE_END,B_SEMANTIC_READING,"⟦Q:JESUS⟧ » Mon Jésus angoissé, puisque Tu as voulu porter en Toi ma mort, je Te prie de venir m’assister au moment de ma mort.",PASSION24.HOUR.07.P125,PASSION24.HOUR.07.P125#R00,KEEP_CURRENT_BREAK,JESUS,La parole directe est syntaxiquement close à cette frontière ; le texte extérieur suivant ouvre une nouvelle phrase/unité indépendante.
d9e7fca8725e0061,True,111,QUOTE_CLOSE_IS_HOST_SENTENCE_END,B_SEMANTIC_READING,"Ah ! comme elle m’est douce au cœur, la Parole que Tu adressas à Judas : « ⟦Q:JESUS⟧ » On dirait que c’est à moi aussi que Tu adresses cette Parole, non en m’appelant “ami”, mais en m’appelant du doux nom d’“enfant”.",PASSION24.HOUR.08.P007,PASSION24.HOUR.08.P007#R00,KEEP_CURRENT_BREAK,JESUS,La parole directe est syntaxiquement close à cette frontière ; le texte extérieur suivant ouvre une nouvelle phrase/unité indépendante.
841ee3707c4666e0,True,42,QUOTE_CLOSE_IS_HOST_SENTENCE_END,B_SEMANTIC_READING,"« ⟦Q:JESUS⟧ » Et je veux Te répondre : « Jésus, je viens pour T’aimer. »",PASSION24.HOUR.08.P008,PASSION24.HOUR.08.P008#R00,KEEP_CURRENT_BREAK,JESUS,La parole directe est syntaxiquement close à cette frontière ; le texte extérieur suivant ouvre une nouvelle phrase/unité indépendante.
4fe328c13798eea9,True,93,HOST_SENTENCE_CONTINUES,B_SEMANTIC_READING,"Tu me dis : « ⟦Q:JESUS⟧ » quand je me réveille le matin ou quand je Te prie. Tu me répètes : « ⟦Q:JESUS⟧ » à travers la sainte Hostie, quand je viens Te recevoir dans mon cœur. Quel beau rappel pour moi !",PASSION24.HOUR.08.P009,PASSION24.HOUR.08.P009#R00,RELOCATE_BREAK_TO_HOST_SENTENCE_END,JESUS,La proposition porteuse « Tu me dis … quand je… » continue après la question citée et se termine après « prie. ».
6906fb4659e581eb,True,210,HOST_SENTENCE_CONTINUES,B_SEMANTIC_READING,"Tu me dis : « ⟦Q:JESUS⟧ » quand je me réveille le matin ou quand je Te prie. Tu me répètes : « ⟦Q:JESUS⟧ » à travers la sainte Hostie, quand je viens Te recevoir dans mon cœur. Quel beau rappel pour moi !",PASSION24.HOUR.08.P009,PASSION24.HOUR.08.P009#R01,RELOCATE_BREAK_TO_HOST_SENTENCE_END,JESUS,La proposition porteuse « Tu me répètes … à travers… » continue après la question citée et se termine après « cœur. ».
05e514410f59e6aa,True,,HOST_SENTENCE_CONTINUES,B_SEMANTIC_READING,"Mais combien, à ton « ⟦Q:JESUS⟧ » répondent : « Je viens pour T’offenser ! »",PASSION24.HOUR.08.P010,PASSION24.HOUR.08.P010#R00,REMOVE_BREAK_NO_REPLACEMENT,JESUS,Le verbe « répondent » gouverne le complément contenant la citation ; la phrase porteuse se termine au record end.
952ca05a8b6285c3,True,34,QUOTE_CLOSE_IS_HOST_SENTENCE_END,B_SEMANTIC_READING,"Alors Tu leur dis : « ⟦Q:JESUS⟧ » Par ces simples paroles, Tu dis tout. Tu Te fais connaître pour ce que Tu es. Tant et si bien que tes ennemis tremblent et tombent à la renverse, comme morts.",PASSION24.HOUR.08.P014,PASSION24.HOUR.08.P014#R00,KEEP_CURRENT_BREAK,JESUS,La parole directe est syntaxiquement close à cette frontière ; le texte extérieur suivant ouvre une nouvelle phrase/unité indépendante.
abc8c05392d2e76b,True,145,HOST_SENTENCE_CONTINUES,B_SEMANTIC_READING,"Et Toi, ô Amour, c’est par un autre « ⟦Q:JESUS⟧ » que Tu les rappelles à la Vie et que, de ta propre initiative, Tu Te places entre leurs mains. Et eux, perfides et ingrats, au lieu de s’humilier et de trembler à tes pieds pour Te demander pardon, ils abusent de ta Bonté et ils méprisent tes Grâces et tes Prodiges, ils Te mettent les Mains dans le dos et, avec des cordes et des chaînes, Te lient, Te serrent, Te jettent par terre, Te foulent aux pieds, Te tirent par les Cheveux. Et Toi, avec une patience inouïe, Tu Te tais, Tu souffres et Tu répares les offenses qui, malgré tes Miracles, sont faites obstinément. Par les cordes et les chaînes que Tu supportes, Tu brises les chaînes de nos fautes et Tu nous attaches par la douce chaîne de l’Amour.",PASSION24.HOUR.08.P015,PASSION24.HOUR.08.P015#R00,RELOCATE_BREAK_TO_HOST_SENTENCE_END,JESUS,La construction corrélative « c’est par … que … » continue après « Me voici ! » et se termine avant « Et eux… ».
2b5ffe70fd5050ff,True,147,QUOTE_CLOSE_IS_HOST_SENTENCE_END,B_SEMANTIC_READING,"⟦Q:JESUS⟧ » Oui, mon Jésus, avec l’aide de ta Grâce et en m’identifiant à ta Divine Volonté je Te promets de ne jamais Te laisser seul.",PASSION24.HOUR.09.P010,PASSION24.HOUR.09.P010#R00,KEEP_CURRENT_BREAK,JESUS,La parole directe est syntaxiquement close à cette frontière ; le texte extérieur suivant ouvre une nouvelle phrase/unité indépendante.
84346c9896e8f9e5,True,206,QUOTE_CLOSE_IS_HOST_SENTENCE_END,B_SEMANTIC_READING,"Il T’interroge sur ta Doctrine et tes disciples. Et Toi, ô Jésus, pour défendre la Gloire du Père, Tu réponds d’une Voix sonore et digne : « ⟦Q:JESUS⟧ » À ces Paroles, tous tremblent. Perfidement, un serviteur s’approche de Toi. D’une main ferrée, il Te donne une gifle si forte qu’elle Te fait chanceler et rend livide ton doux Visage !",PASSION24.HOUR.10.P002,PASSION24.HOUR.10.P002#R00,KEEP_CURRENT_BREAK,JESUS,La parole directe est syntaxiquement close à cette frontière ; le texte extérieur suivant ouvre une nouvelle phrase/unité indépendante.
ab3b3fe4d163763e,True,141,QUOTE_CLOSE_IS_HOST_SENTENCE_END,B_SEMANTIC_READING,"⟦Q:JESUS⟧ » Mon doux Amour, le vacarme de tes ennemis est si considérable qu’il m’empêche de prendre un peu de sommeil. Les coups deviennent plus violents. J’entends le bruit des chaînes avec lesquelles ils T’ont attaché si fermement que de tes Poignets jaillit du Sang, lequel marque ces rues.",PASSION24.HOUR.11.P010,PASSION24.HOUR.11.P010#R00,KEEP_CURRENT_BREAK,JESUS,La parole directe est syntaxiquement close à cette frontière ; le texte extérieur suivant ouvre une nouvelle phrase/unité indépendante.
ab96671683722f9f,True,251,QUOTE_CLOSE_IS_HOST_SENTENCE_END,B_SEMANTIC_READING,"⟦Q:JESUS⟧ » Mon Bien renié, comme elles se reconnaissent vite les offenses de ceux qui Te sont les plus chers !",PASSION24.HOUR.11.P021,PASSION24.HOUR.11.P021#R00,KEEP_CURRENT_BREAK,JESUS,La parole directe est syntaxiquement close à cette frontière ; le texte extérieur suivant ouvre une nouvelle phrase/unité indépendante.
3db946d2e7c76415,True,125,QUOTE_CLOSE_IS_HOST_SENTENCE_END,B_SEMANTIC_READING,"« ⟦Q:JESUS⟧ » À ces Paroles solennelles, tous font silence et frissonnent d’épouvante. Après quelques instants de sa propre épouvante, Caïphe, furieux comme une bête féroce, dit à tous : « À quoi bon les témoins maintenant ? Il vient de proférer un grand blasphème. Qu’attendons-nous de plus pour le condamner ? Il est coupable de mort ! »",PASSION24.HOUR.11.P030,PASSION24.HOUR.11.P030#R00,KEEP_CURRENT_BREAK,JESUS,La parole directe est syntaxiquement close à cette frontière ; le texte extérieur suivant ouvre une nouvelle phrase/unité indépendante.
c9f76a28d9dbeec0,True,147,QUOTE_CLOSE_IS_HOST_SENTENCE_END,B_SEMANTIC_READING,"Tu me réponds : « ⟦Q:JESUS⟧ » Mon Jésus, à ma stupeur, je vois qu’au lieu de Te préoccuper de tes Peines, Tu penses avec un Amour indicible à glorifier le Père pour Le dédommager de nos négligences envers Lui, et Tu appelles toutes les âmes autour de Toi pour prendre tous leurs maux sur Toi et leur donner tous tes Biens.",PASSION24.HOUR.13.P005,PASSION24.HOUR.13.P005#R00,KEEP_CURRENT_BREAK,JESUS,La parole directe est syntaxiquement close à cette frontière ; le texte extérieur suivant ouvre une nouvelle phrase/unité indépendante.
b0d9150168887b94,True,162,QUOTE_CLOSE_IS_HOST_SENTENCE_END,B_SEMANTIC_READING,"« ⟦Q:JESUS⟧ » Pilate est surpris et touché par la suavité et la dignité de tes Paroles, et il Te dit : « Comment, Tu es roi ? »",PASSION24.HOUR.15.P005,PASSION24.HOUR.15.P005#R00,KEEP_CURRENT_BREAK,JESUS,La parole directe est syntaxiquement close à cette frontière ; le texte extérieur suivant ouvre une nouvelle phrase/unité indépendante.
c38781be3f326df5,True,103,QUOTE_CLOSE_IS_HOST_SENTENCE_END,B_SEMANTIC_READING,"⟦Q:JESUS⟧ » Comme elles sont réelles et incessantes nos décisions de faire passer Dieu en second, même chez ceux qui aiment Jésus !",PASSION24.HOUR.16.P015,PASSION24.HOUR.16.P015#R00,KEEP_CURRENT_BREAK,JESUS,La parole directe est syntaxiquement close à cette frontière ; le texte extérieur suivant ouvre une nouvelle phrase/unité indépendante.
5486aa91827726ef,True,76,QUOTE_CLOSE_IS_HOST_SENTENCE_END,B_SEMANTIC_READING,"⟦Q:JESUS⟧ » Jésus torturé, ton Amour passe d’un excès à l’autre. Je vois que tes bourreaux prennent des fouets de corde et Te battent sans pitié, à tel point que ton Corps infiniment saint devient tout livide.",PASSION24.HOUR.16.P028,PASSION24.HOUR.16.P028#R00,KEEP_CURRENT_BREAK,JESUS,La parole directe est syntaxiquement close à cette frontière ; le texte extérieur suivant ouvre une nouvelle phrase/unité indépendante.
cf41f2335bc92a4f,True,193,QUOTE_CLOSE_IS_HOST_SENTENCE_END,B_SEMANTIC_READING,"⟦Q:JESUS⟧ » Jésus, l’Amour avec lequel Tu souffres est si grand, que Tu excites presque tes bourreaux à Te battre davantage !",PASSION24.HOUR.16.P045,PASSION24.HOUR.16.P045#R00,KEEP_CURRENT_BREAK,JESUS,La parole directe est syntaxiquement close à cette frontière ; le texte extérieur suivant ouvre une nouvelle phrase/unité indépendante.
7b342a37d8e3fa4f,True,47,QUOTE_CLOSE_IS_HOST_SENTENCE_END,B_SEMANTIC_READING,"⟦Q:JESUS⟧ » Poursuivant dans leurs cruautés, tes ennemis Te font asseoir, déposent sur Toi une guenille de pourpre, prennent une couronne d’épines qu’ils viennent de fabriquer, et avec une furie infernale, la placent sur ta Tête adorable. Puis, à coups de bâton, ils Te font pénétrer les épines dans la Tête.",PASSION24.HOUR.17.P014,PASSION24.HOUR.17.P014#R00,KEEP_CURRENT_BREAK,JESUS,La parole directe est syntaxiquement close à cette frontière ; le texte extérieur suivant ouvre une nouvelle phrase/unité indépendante.
40e95396435d0052,True,154,QUOTE_CLOSE_IS_HOST_SENTENCE_END,B_SEMANTIC_READING,"⟦Q:JESUS⟧ » Mon Amour, je Te prie de me piquer les oreilles de tes épines, afin qu’elles puissent n’entendre que ta Voix, mes yeux pour qu’ils ne regardent que Toi, ma bouche pour que ma langue reste muette par rapport à tout ce qui pourrait T’offenser et libre pour Te louer et Te bénir en toutes choses.",PASSION24.HOUR.17.P027,PASSION24.HOUR.17.P027#R00,KEEP_CURRENT_BREAK,JESUS,La parole directe est syntaxiquement close à cette frontière ; le texte extérieur suivant ouvre une nouvelle phrase/unité indépendante.
02d24b2336098ce3,True,293,QUOTE_CLOSE_IS_HOST_SENTENCE_END,B_SEMANTIC_READING,"⟦Q:JESUS⟧ » Mon Amour, je vois que, Te voyant si mal en point, Pilate frissonne.",PASSION24.HOUR.17.P044,PASSION24.HOUR.17.P044#R00,KEEP_CURRENT_BREAK,JESUS,La parole directe est syntaxiquement close à cette frontière ; le texte extérieur suivant ouvre une nouvelle phrase/unité indépendante.
1a03dce1bad598ae,True,61,QUOTE_CLOSE_IS_HOST_SENTENCE_END,B_SEMANTIC_READING,"À chacun de tes gémissements, je T’entends dire : « ⟦Q:JESUS⟧ » Chaque goutte de ton Sang proclame : « ⟦Q:JESUS⟧ »",PASSION24.HOUR.18.P002,PASSION24.HOUR.18.P002#R00,KEEP_CURRENT_BREAK,JESUS,La parole directe est syntaxiquement close à cette frontière ; le texte extérieur suivant ouvre une nouvelle phrase/unité indépendante.
1f0a4a6441e89e55,True,156,QUOTE_CLOSE_IS_HOST_SENTENCE_END,B_SEMANTIC_READING,"⟦Q:JESUS⟧ » Anxieux, Tu Te la fais placer sur tes Épaules infiniment saintes. Ah ! mon Jésus, ta Croix est trop légère pour ton Amour. Mais à son poids s’ajoute celui de nos fautes, aussi lourd que toute la terre. Mon Bien, Tu Te sens écrasé sous le poids de tant de fautes.",PASSION24.HOUR.18.P031,PASSION24.HOUR.18.P031#R00,KEEP_CURRENT_BREAK,JESUS,La parole directe est syntaxiquement close à cette frontière ; le texte extérieur suivant ouvre une nouvelle phrase/unité indépendante.
cf1e6bc6987f1206,True,148,QUOTE_CLOSE_IS_HOST_SENTENCE_END,B_SEMANTIC_READING,"⟦Q:JESUS⟧ » Mon Bien dénudé, tandis qu’avec Toi je répare, je Te prie qu’au moyen de tes Mains infiniment saintes Tu me dépouilles de tout et que Tu ne permettes à aucune affection mauvaise d’entrer dans mon cœur.",PASSION24.HOUR.18.P113,PASSION24.HOUR.18.P113#R00,KEEP_CURRENT_BREAK,JESUS,La parole directe est syntaxiquement close à cette frontière ; le texte extérieur suivant ouvre une nouvelle phrase/unité indépendante.
95b4ea735113f996,True,95,QUOTE_CLOSE_IS_HOST_SENTENCE_END,B_SEMANTIC_READING,"⟦Q:JESUS⟧ » Mais, qui peut dire tout ce que mon doux Jésus a dit sur la Croix ? Et tandis que Jésus parle ainsi, ses bourreaux Lui ordonnent de S’étendre sur la Croix. Il leur obéit promptement, réparant ainsi nos désobéissances.",PASSION24.HOUR.19.P018,PASSION24.HOUR.19.P018#R00,KEEP_CURRENT_BREAK,JESUS,La parole directe est syntaxiquement close à cette frontière ; le texte extérieur suivant ouvre une nouvelle phrase/unité indépendante.
401e90823d4cf900,True,145,QUOTE_CLOSE_IS_HOST_SENTENCE_END,B_SEMANTIC_READING,"⟦Q:JESUS⟧ » Mon Jésus plein d’amertume, ma voix, fondue dans la Tienne, veut faire face à toutes ces offenses.",PASSION24.HOUR.19.P126,PASSION24.HOUR.19.P126#R00,KEEP_CURRENT_BREAK,JESUS,La parole directe est syntaxiquement close à cette frontière ; le texte extérieur suivant ouvre une nouvelle phrase/unité indépendante.
1872e87a78c075c7,True,119,QUOTE_CLOSE_IS_HOST_SENTENCE_END,B_SEMANTIC_READING,"⟦Q:JESUS⟧ » Mon Jésus, ton Amour est un doux enchantement pour moi et me pousse à faire ce que Tu fais.",PASSION24.HOUR.19.P137,PASSION24.HOUR.19.P137#R00,KEEP_CURRENT_BREAK,JESUS,La parole directe est syntaxiquement close à cette frontière ; le texte extérieur suivant ouvre une nouvelle phrase/unité indépendante.
a886a0a5ee8c4351,True,150,QUOTE_CLOSE_IS_HOST_SENTENCE_END,B_SEMANTIC_READING,"⟦Q:FATHER⟧ » Mais Toi, ô mon Jésus, triomphant de tout, Tu défends même ces âmes, Tu endigues par l’Amour immense de ton Cœur les vagues des amertumes et des blessures qu’elles Te procurent.",PASSION24.HOUR.19.P165,PASSION24.HOUR.19.P165#R00,KEEP_CURRENT_BREAK,FATHER,La parole directe est syntaxiquement close à cette frontière ; le texte extérieur suivant ouvre une nouvelle phrase/unité indépendante.
7412234217fb4dfb,True,63,QUOTE_CLOSE_IS_HOST_SENTENCE_END,B_SEMANTIC_READING,"« ⟦Q:JESUS⟧ » Et, de nouveau, Tu Te renfermes dans le silence, Tu es plongé dans des Souffrances inouïes.",PASSION24.HOUR.20.P010,PASSION24.HOUR.20.P010#R00,KEEP_CURRENT_BREAK,JESUS,La parole directe est syntaxiquement close à cette frontière ; le texte extérieur suivant ouvre une nouvelle phrase/unité indépendante.
d7c11dface130a12,True,,HOST_SENTENCE_CONTINUES,B_SEMANTIC_READING,Troisième Parole : Jésus dit à sa Maman : « ⟦Q:JESUS⟧ » et à Jean : « ⟦Q:JESUS⟧ »,PASSION24.HOUR.21.P020,PASSION24.HOUR.21.P020#R00,REMOVE_BREAK_NO_REPLACEMENT,JESUS,Coordination unique : « Jésus dit à sa Maman … et à Jean … » jusqu’à la fin du record.
79b490e87bb8bb75,True,137,QUOTE_CLOSE_IS_HOST_SENTENCE_END,B_SEMANTIC_READING,"Il Te fait dire : « ⟦Q:JESUS⟧ » Leur ayant tout donné, Tu n’as plus rien à donner aux créatures. Tu tournes ton Regard suppliant vers ta Maman. Elle comme Toi, se sent crucifiée à cause de tes Souffrances et de l’Amour qui la torture.",PASSION24.HOUR.21.P023,PASSION24.HOUR.21.P023#R00,KEEP_CURRENT_BREAK,JESUS,La parole directe est syntaxiquement close à cette frontière ; le texte extérieur suivant ouvre une nouvelle phrase/unité indépendante.
618d4ab7c3b051aa,True,,HOST_SENTENCE_CONTINUES,B_SEMANTIC_READING,"En associant Jean à tout le genre humain, Tu dis à Marie d’une Voix remplie de tendresse : « ⟦Q:JESUS⟧ » et Tu dis à Jean : « ⟦Q:JESUS⟧ »",PASSION24.HOUR.21.P025,PASSION24.HOUR.21.P025#R00,REMOVE_BREAK_NO_REPLACEMENT,JESUS,Coordination unique : « Tu dis à Marie … et Tu dis à Jean … » jusqu’à la fin du record.
0f7c3736b10d5e6a,True,216,QUOTE_CLOSE_IS_HOST_SENTENCE_END,B_SEMANTIC_READING,"« ⟦Q:JESUS⟧ » Et ta sainte Maman accepte. Je veux ici, ô mon Jésus, réparer les offenses qui sont faites à ta Très Sainte Mère, les blasphèmes et les ingratitudes de tant de gens qui ne veulent pas reconnaître le grand Bienfait que Tu as accordé à tous, en nous donnant Marie comme Mère.",PASSION24.HOUR.21.P027,PASSION24.HOUR.21.P027#R00,KEEP_CURRENT_BREAK,JESUS,La parole directe est syntaxiquement close à cette frontière ; le texte extérieur suivant ouvre une nouvelle phrase/unité indépendante.
08ab065b41606d33,True,86,QUOTE_CLOSE_IS_HOST_SENTENCE_END,B_SEMANTIC_READING,"⟦Q:JESUS⟧ » Mon Amour, combien je suis désolée ! Tu T’essouffles !",PASSION24.HOUR.21.P068,PASSION24.HOUR.21.P068#R00,KEEP_CURRENT_BREAK,JESUS,La parole directe est syntaxiquement close à cette frontière ; le texte extérieur suivant ouvre une nouvelle phrase/unité indépendante.
e53ec81f1080f204,True,160,QUOTE_CLOSE_IS_HOST_SENTENCE_END,B_SEMANTIC_READING,"Par l’eau que Tu aimerais boire, Tu voudrais nous mettre tous en sûreté à l’intérieur de Toi. Rassemblant tes forces très affaiblies, Tu cries : « ⟦Q:JESUS⟧ » Ah ! cette Parole, Tu la dis de tout ton divin Cœur :",PASSION24.HOUR.22.P006,PASSION24.HOUR.22.P006#R00,KEEP_CURRENT_BREAK,JESUS,La parole directe est syntaxiquement close à cette frontière ; le texte extérieur suivant ouvre une nouvelle phrase/unité indépendante.
9a9469d0093535c2,True,23,QUOTE_CLOSE_IS_HOST_SENTENCE_END,B_SEMANTIC_READING,"« ⟦Q:JESUS⟧ » Ô mon Jésus, Tu as déjà tout épuisé. Il ne Te reste rien d’autre. L’Amour est parvenu à son terme. Et moi, me suis-je consumée tout entière par amour ? Quels remerciements ne devrais-je pas Te faire. Quelle ne devrait pas être ma gratitude envers Toi ?",PASSION24.HOUR.22.P022,PASSION24.HOUR.22.P022#R00,KEEP_CURRENT_BREAK,JESUS,La parole directe est syntaxiquement close à cette frontière ; le texte extérieur suivant ouvre une nouvelle phrase/unité indépendante.
467399e9d3441756,True,237,QUOTE_CLOSE_IS_HOST_SENTENCE_END,B_SEMANTIC_READING,"Jésus brûle de Soif. Et nous, brûlons-nous d’amour pour Lui ? Nos pensées et nos affections ont-elles toujours pour but d’étancher sa Soif ardente ? Jésus assoiffé, ne pouvant supporter la Soif qui Le brûle, dit : « ⟦Q:JESUS⟧ » Jésus S’est sacrifié tout entier pour nous. Et nous, en toute chose, nous efforçons-nous d’être continuellement consumés d’amour pour Lui ? Toutes les Actions, Paroles et Pensées de Jésus Le portaient vers le sacrifice total de Lui-même. Et nous, chacune de nos actions, paroles et pensées nous poussent-elles à nous consumer d’amour pour Lui ? Jésus, ma douce Vie, que ton Haleine moribonde pénètre dans mon pauvre cœur pour que je puisse recevoir l’empreinte de ton Sacrifice total. Sur la Croix, Jésus accomplit en toute chose la Volonté du Père et Il expire dans un Acte de parfait abandon à cette Volonté infiniment sainte.",PASSION24.HOUR.22.REF.P001,PASSION24.HOUR.22.REF.P001#R00,KEEP_CURRENT_BREAK,JESUS,La parole directe est syntaxiquement close à cette frontière ; le texte extérieur suivant ouvre une nouvelle phrase/unité indépendante.
a536547ef11eb0fe,True,119,QUOTE_CLOSE_IS_HOST_SENTENCE_END,B_SEMANTIC_READING,"⟦Q:MARY⟧ » Maman affligée, tu penches ta tête sur celle de Jésus, tu Lui donnes des baisers, et tu enfermes tes pensées dans les Siennes. Oh ! comme tu voudrais ranimer son Intelligence avec la tienne, pour ainsi Lui donner vie pour Vie ! Maman affligée, je te vois donner des baisers aux Yeux éteints de Jésus. Oh ! comme tu souffres de constater que Jésus ne te regarde plus !",PASSION24.HOUR.24.DESOL.P014,PASSION24.HOUR.24.DESOL.P014#R00,KEEP_CURRENT_BREAK,MARY,La parole directe est syntaxiquement close à cette frontière ; le texte extérieur suivant ouvre une nouvelle phrase/unité indépendante.
5b2269b9d672f4da,True,79,QUOTE_CLOSE_IS_HOST_SENTENCE_END,B_SEMANTIC_READING,"⟦Q:MARY⟧ » Ta douleur est telle, ô Maman, qu’elle te paralyse, te coupe la parole, et que tu es comme éteinte auprès du Visage de ton Jésus.",PASSION24.HOUR.24.DESOL.P027,PASSION24.HOUR.24.DESOL.P027#R00,KEEP_CURRENT_BREAK,MARY,La parole directe est syntaxiquement close à cette frontière ; le texte extérieur suivant ouvre une nouvelle phrase/unité indépendante.
2dcda81ead3f863e,True,62,QUOTE_CLOSE_IS_HOST_SENTENCE_END,B_SEMANTIC_READING,"⟦Q:MARY⟧ » Maman torturée, je vois que tu te hâtes, car ceux qui sont autour de toi veulent fermer le sépulcre.",PASSION24.HOUR.24.DESOL.P037,PASSION24.HOUR.24.DESOL.P037#R00,KEEP_CURRENT_BREAK,MARY,La parole directe est syntaxiquement close à cette frontière ; le texte extérieur suivant ouvre une nouvelle phrase/unité indépendante.
ada6172837f10058,True,195,QUOTE_CLOSE_IS_HOST_SENTENCE_END,B_SEMANTIC_READING,⟦Q:JESUS⟧» Il ajouta : «⟦Q:JESUS⟧,PASSION24.SECTION.BENEFITS.P102,PASSION24.SECTION.BENEFITS.P102#R00,KEEP_CURRENT_BREAK,JESUS,La parole directe est syntaxiquement close à cette frontière ; le texte extérieur suivant ouvre une nouvelle phrase/unité indépendante.
acd310e34802ee7a,True,217,QUOTE_CLOSE_IS_HOST_SENTENCE_END,B_SEMANTIC_READING,"⟦Q:JESUS⟧» Un jour, alors que j'en étais à l'Heure où la céleste Maman participa à l'ensevelissement de Jésus, je me tenais près d'elle pour la consoler.",PASSION24.SECTION.BENEFITS.P116,PASSION24.SECTION.BENEFITS.P116#R00,KEEP_CURRENT_BREAK,JESUS,La parole directe est syntaxiquement close à cette frontière ; le texte extérieur suivant ouvre une nouvelle phrase/unité indépendante.
241585f7ecd86511,True,78,QUOTE_CLOSE_IS_HOST_SENTENCE_END,B_SEMANTIC_READING,"Ensuite, Il m'embrassa et me dit avec une grande douceur : «⟦Q:JESUS⟧» Et Il me murmura tout ce que sa douce Maman fit et souffrit durant cette Heure.",PASSION24.SECTION.BENEFITS.P122,PASSION24.SECTION.BENEFITS.P122#R00,KEEP_CURRENT_BREAK,JESUS,La parole directe est syntaxiquement close à cette frontière ; le texte extérieur suivant ouvre une nouvelle phrase/unité indépendante.
3a7e133640a4f091,True,157,QUOTE_CLOSE_IS_HOST_SENTENCE_END,B_SEMANTIC_READING,⟦Q:JESUS⟧» Jésus béni ajouta : «,PASSION24.SECTION.BENEFITS.P136,PASSION24.SECTION.BENEFITS.P136#R00,KEEP_CURRENT_BREAK,JESUS,La parole directe est syntaxiquement close à cette frontière ; le texte extérieur suivant ouvre une nouvelle phrase/unité indépendante.
25bb711060d8b9e7,True,140,QUOTE_CLOSE_IS_HOST_SENTENCE_END,B_SEMANTIC_READING,⟦Q:JESUS⟧» Puis Il,PASSION24.SECTION.BENEFITS.P149,PASSION24.SECTION.BENEFITS.P149#R00,KEEP_CURRENT_BREAK,JESUS,La parole directe est syntaxiquement close à cette frontière ; le texte extérieur suivant ouvre une nouvelle phrase/unité indépendante.
83ccbab86ac4d01a,True,,NOT_HOST_NARRATOR_RESUMPTION,B_SEMANTIC_READING,"⟦Q:JESUS⟧ ""Il est à la fois ancien et nouveau.""",PASSION24.TEXT.PART_III_MARY_SORROWS.BODY.P057,PASSION24.TEXT.PART_III_MARY_SORROWS.BODY.P057#R00,NOT_A_TRUE_DIRECT_SPEECH_EXIT,JESUS,"Le run de présentation cède ici à une citation imbriquée/mention citée, non à une reprise de la phrase porteuse de Luisa ; ce locus n’autorise aucune mutation de la classe étudiée."
1b526562eca34834,True,,QUOTE_CLOSE_AT_RECORD_END,B_SEMANTIC_READING,⟦Q:JESUS⟧.,PASSION24.TEXT.PART_III_MARY_SORROWS.BODY.P069,PASSION24.TEXT.PART_III_MARY_SORROWS.BODY.P069#R00,NO_LOCAL_BREAK_REQUIRED_RECORD_END,JESUS,"Après la parole directe, il ne subsiste que ponctuation/wrapper terminal ; aucun matériau lexical extérieur ne suit dans ce record."
8c01070e791769b5,True,,NOT_HOST_NARRATOR_RESUMPTION,B_SEMANTIC_READING,"⟦Q:JESUS⟧ ""Maman, veux-Tu faire ceci ? Veux-Tu souffrir cette peine ?""",PASSION24.TEXT.PART_III_MARY_SORROWS.BODY.P100,PASSION24.TEXT.PART_III_MARY_SORROWS.BODY.P100#R00,NOT_A_TRUE_DIRECT_SPEECH_EXIT,JESUS,"Le run de présentation cède ici à une citation imbriquée/mention citée, non à une reprise de la phrase porteuse de Luisa ; ce locus n’autorise aucune mutation de la classe étudiée."
8a7ae55ea795ffcb,True,,QUOTE_CLOSE_AT_RECORD_END,B_SEMANTIC_READING,⟦Q:JESUS⟧ »,PASSION24.TEXT.PART_III_MARY_SORROWS.BODY.P180,PASSION24.TEXT.PART_III_MARY_SORROWS.BODY.P180#R00,NO_LOCAL_BREAK_REQUIRED_RECORD_END,JESUS,"Après la parole directe, il ne subsiste que ponctuation/wrapper terminal ; aucun matériau lexical extérieur ne suit dans ce record."
ada6172837f10058,True,195,QUOTE_CLOSE_IS_HOST_SENTENCE_END,B_SEMANTIC_READING,⟦Q:JESUS⟧» Il ajouta : «⟦Q:JESUS⟧,PASSION24.TEXT.PROMISES_BENEFITS.BODY.P097,PASSION24.TEXT.PROMISES_BENEFITS.BODY.P097#R00,KEEP_CURRENT_BREAK,JESUS,La parole directe est syntaxiquement close à cette frontière ; le texte extérieur suivant ouvre une nouvelle phrase/unité indépendante.
acd310e34802ee7a,True,217,QUOTE_CLOSE_IS_HOST_SENTENCE_END,B_SEMANTIC_READING,"⟦Q:JESUS⟧» Un jour, alors que j'en étais à l'Heure où la céleste Maman participa à l'ensevelissement de Jésus, je me tenais près d'elle pour la consoler.",PASSION24.TEXT.PROMISES_BENEFITS.BODY.P111,PASSION24.TEXT.PROMISES_BENEFITS.BODY.P111#R00,KEEP_CURRENT_BREAK,JESUS,La parole directe est syntaxiquement close à cette frontière ; le texte extérieur suivant ouvre une nouvelle phrase/unité indépendante.
241585f7ecd86511,True,78,QUOTE_CLOSE_IS_HOST_SENTENCE_END,B_SEMANTIC_READING,"Ensuite, Il m'embrassa et me dit avec une grande douceur : «⟦Q:JESUS⟧» Et Il me murmura tout ce que sa douce Maman fit et souffrit durant cette Heure.",PASSION24.TEXT.PROMISES_BENEFITS.BODY.P117,PASSION24.TEXT.PROMISES_BENEFITS.BODY.P117#R00,KEEP_CURRENT_BREAK,JESUS,La parole directe est syntaxiquement close à cette frontière ; le texte extérieur suivant ouvre une nouvelle phrase/unité indépendante.
3a7e133640a4f091,True,157,QUOTE_CLOSE_IS_HOST_SENTENCE_END,B_SEMANTIC_READING,⟦Q:JESUS⟧» Jésus béni ajouta : «,PASSION24.TEXT.PROMISES_BENEFITS.BODY.P131,PASSION24.TEXT.PROMISES_BENEFITS.BODY.P131#R00,KEEP_CURRENT_BREAK,JESUS,La parole directe est syntaxiquement close à cette frontière ; le texte extérieur suivant ouvre une nouvelle phrase/unité indépendante.
25bb711060d8b9e7,True,140,QUOTE_CLOSE_IS_HOST_SENTENCE_END,B_SEMANTIC_READING,⟦Q:JESUS⟧» Puis Il,PASSION24.TEXT.PROMISES_BENEFITS.BODY.P144,PASSION24.TEXT.PROMISES_BENEFITS.BODY.P144#R00,KEEP_CURRENT_BREAK,JESUS,La parole directe est syntaxiquement close à cette frontière ; le texte extérieur suivant ouvre une nouvelle phrase/unité indépendante.
fa3c4b1f26b459fa,True,111,QUOTE_CLOSE_IS_HOST_SENTENCE_END,B_SEMANTIC_READING,"⟦Q:JESUS⟧» En disant cela, de sa sainte main, Jésus imprima ces morts d'amour en mon âme. Ensuite, Il disparut. Que tout soit pour la gloire de Dieu !",PASSION24.TEXT.RELATED_HOUR_06.BODY.P033,PASSION24.TEXT.RELATED_HOUR_06.BODY.P033#R00,KEEP_CURRENT_BREAK,JESUS,La parole directe est syntaxiquement close à cette frontière ; le texte extérieur suivant ouvre une nouvelle phrase/unité indépendante.
14f26d9ead6354e3,True,121,QUOTE_CLOSE_IS_HOST_SENTENCE_END,B_SEMANTIC_READING,"⟦Q:JESUS⟧» Bougeant en moi, mon doux Jésus me dit : «",PASSION24.TEXT.RELATED_HOUR_06.BODY.P036,PASSION24.TEXT.RELATED_HOUR_06.BODY.P036#R00,KEEP_CURRENT_BREAK,JESUS,La parole directe est syntaxiquement close à cette frontière ; le texte extérieur suivant ouvre une nouvelle phrase/unité indépendante.
d232b2eca1f1740b,True,,HOST_SENTENCE_CONTINUES,B_SEMANTIC_READING,⟦Q:JESUS⟧ ?,PASSION24.TEXT.RELATED_HOUR_06.BODY.P043,PASSION24.TEXT.RELATED_HOUR_06.BODY.P043#R00,REMOVE_BREAK_NO_REPLACEMENT,JESUS,Le point d’interrogation extérieur appartient à la phrase porteuse commencée au record précédent ; aucun break ne peut séparer le guillemet fermant du « ? » final.
18bc4cefc924e44c,True,,HOST_SENTENCE_CONTINUES,B_SEMANTIC_READING,⟦Q:JESUS⟧ ?,PASSION24.TEXT.RELATED_HOUR_06.BODY.P058,PASSION24.TEXT.RELATED_HOUR_06.BODY.P058#R00,REMOVE_BREAK_NO_REPLACEMENT,JESUS,Le point d’interrogation extérieur appartient à la phrase porteuse commencée au record précédent ; aucun break ne peut séparer le guillemet fermant du « ? » final.
a4be02f9e9d34d66,True,43,QUOTE_CLOSE_IS_HOST_SENTENCE_END,B_SEMANTIC_READING,"⟦Q:JESUS⟧» Pensant à ce que Jésus m'avait dit, je me disais : «",PASSION24.TEXT.RELATED_HOUR_07.BODY.P036,PASSION24.TEXT.RELATED_HOUR_07.BODY.P036#R00,KEEP_CURRENT_BREAK,JESUS,La parole directe est syntaxiquement close à cette frontière ; le texte extérieur suivant ouvre une nouvelle phrase/unité indépendante.
e58a9b9d51aaf8ed,True,268,QUOTE_CLOSE_IS_HOST_SENTENCE_END,B_SEMANTIC_READING,"⟦Q:JESUS⟧» Ensuite, Jésus me dit : «⟦Q:JESUS⟧»",PASSION24.TEXT.RELATED_HOUR_10.BODY.P009,PASSION24.TEXT.RELATED_HOUR_10.BODY.P009#R00,KEEP_CURRENT_BREAK,JESUS,La parole directe est syntaxiquement close à cette frontière ; le texte extérieur suivant ouvre une nouvelle phrase/unité indépendante.
a1a3101e44bebf00,True,422,QUOTE_CLOSE_IS_HOST_SENTENCE_END,B_SEMANTIC_READING,"⟦Q:JESUS⟧» Plus tard, je me suis dit : «",PASSION24.TEXT.RELATED_HOUR_13.BODY.P039,PASSION24.TEXT.RELATED_HOUR_13.BODY.P039#R00,KEEP_CURRENT_BREAK,JESUS,La parole directe est syntaxiquement close à cette frontière ; le texte extérieur suivant ouvre une nouvelle phrase/unité indépendante.
71353dbd8443457b,True,66,QUOTE_CLOSE_IS_HOST_SENTENCE_END,B_SEMANTIC_READING,"⟦Q:JESUS⟧» Plus tard, alors que je me replongeais dans la méditation, j'en étais à l'heure où mon bien-aimé Jésus était sorti de prison et amené de nouveau devant Caïphe.",PASSION24.TEXT.RELATED_HOUR_14.BODY.P019,PASSION24.TEXT.RELATED_HOUR_14.BODY.P019#R00,KEEP_CURRENT_BREAK,JESUS,La parole directe est syntaxiquement close à cette frontière ; le texte extérieur suivant ouvre une nouvelle phrase/unité indépendante.
1cd1774cbebc91c6,True,426,QUOTE_CLOSE_IS_HOST_SENTENCE_END,B_SEMANTIC_READING,"⟦Q:JESUS⟧» Plus tard, se montrant de nouveau à moi alors que j'étais complètement absorbée dans la Divine Volonté, Il me dit : «",PASSION24.TEXT.RELATED_HOUR_15.BODY.P109,PASSION24.TEXT.RELATED_HOUR_15.BODY.P109#R00,KEEP_CURRENT_BREAK,JESUS,La parole directe est syntaxiquement close à cette frontière ; le texte extérieur suivant ouvre une nouvelle phrase/unité indépendante.
95e58102b9575508,True,140,QUOTE_CLOSE_IS_HOST_SENTENCE_END,B_SEMANTIC_READING,"⟦Q:JESUS⟧» Se jetant alors dans mes bras, Jésus fondit en larmes.",PASSION24.TEXT.RELATED_HOUR_16.BODY.P047,PASSION24.TEXT.RELATED_HOUR_16.BODY.P047#R00,KEEP_CURRENT_BREAK,JESUS,La parole directe est syntaxiquement close à cette frontière ; le texte extérieur suivant ouvre une nouvelle phrase/unité indépendante.
863452864fb4d4ab,True,250,QUOTE_CLOSE_IS_HOST_SENTENCE_END,B_SEMANTIC_READING,"⟦Q:JESUS⟧ » Qui pourrait décrire la manière de prier de Jésus et rappeler tout ce qu'Il a dit ! Ensuite, Il garda le silence et Il prit ma pauvre âme dans ses Mains en la palpant et l'examinant.",PASSION24.TEXT.RELATED_HOUR_16.BODY.P096,PASSION24.TEXT.RELATED_HOUR_16.BODY.P096#R00,KEEP_CURRENT_BREAK,JESUS,La parole directe est syntaxiquement close à cette frontière ; le texte extérieur suivant ouvre une nouvelle phrase/unité indépendante.
76c1772c14da6945,True,102,QUOTE_CLOSE_IS_HOST_SENTENCE_END,B_SEMANTIC_READING,"⟦Q:JESUS⟧» Je regardais mon aimable Jésus et Je pouvais voir sa tête très sainte entourée d'épines, lesquelles pénétraient dans sa tête et en sortaient.",PASSION24.TEXT.RELATED_HOUR_17.BODY.P032,PASSION24.TEXT.RELATED_HOUR_17.BODY.P032#R00,KEEP_CURRENT_BREAK,JESUS,La parole directe est syntaxiquement close à cette frontière ; le texte extérieur suivant ouvre une nouvelle phrase/unité indépendante.
579574d069b3a612,True,51,QUOTE_CLOSE_IS_HOST_SENTENCE_END,B_SEMANTIC_READING,"Jésus dit : «⟦Q:JESUS⟧» Nous sommes partis et quand nous sommes arrivés à un endroit où il y avait beaucoup de gens, Jésus sortit Sa Tête de mon intérieur.",PASSION24.TEXT.RELATED_HOUR_17.BODY.P050,PASSION24.TEXT.RELATED_HOUR_17.BODY.P050#R00,KEEP_CURRENT_BREAK,JESUS,La parole directe est syntaxiquement close à cette frontière ; le texte extérieur suivant ouvre une nouvelle phrase/unité indépendante.
60fd55abd9786685,True,90,QUOTE_CLOSE_IS_HOST_SENTENCE_END,B_SEMANTIC_READING,Il répéta les paroles que Pilate avait dites en présentant Jésus au peuple : «⟦Q:JESUS⟧» «Voici l'Homme !»,PASSION24.TEXT.RELATED_HOUR_17.BODY.P051,PASSION24.TEXT.RELATED_HOUR_17.BODY.P051#R00,KEEP_CURRENT_BREAK,JESUS,La parole directe est syntaxiquement close à cette frontière ; le texte extérieur suivant ouvre une nouvelle phrase/unité indépendante.
ba1653992328bfa5,True,203,QUOTE_CLOSE_IS_HOST_SENTENCE_END,B_SEMANTIC_READING,"Enlevez-Le, nous ne voulons pas de Lui. Même, crucifiez-Le, afin que toute mémoire de Lui soit détruite.» Oh ! Combien de fois cette scène s'est répétée ! Alors, le Seigneur répéta à tous : «⟦Q:JESUS⟧» Sur ces mots, un murmure se fit entendre.",PASSION24.TEXT.RELATED_HOUR_17.BODY.P054,PASSION24.TEXT.RELATED_HOUR_17.BODY.P054#R00,KEEP_CURRENT_BREAK,JESUS,La parole directe est syntaxiquement close à cette frontière ; le texte extérieur suivant ouvre une nouvelle phrase/unité indépendante.
2192d2cbad8f4524,True,95,QUOTE_CLOSE_IS_HOST_SENTENCE_END,B_SEMANTIC_READING,"⟦Q:JESUS⟧» Alors, nous nous sommes trouvés au milieu de prêtres, d'évêques, de religieux et de dévots.",PASSION24.TEXT.RELATED_HOUR_17.BODY.P057,PASSION24.TEXT.RELATED_HOUR_17.BODY.P057#R00,KEEP_CURRENT_BREAK,JESUS,La parole directe est syntaxiquement close à cette frontière ; le texte extérieur suivant ouvre une nouvelle phrase/unité indépendante.
4a943cb0513430df,True,50,QUOTE_CLOSE_IS_HOST_SENTENCE_END,B_SEMANTIC_READING,"Avec une voix sonore, Jésus répéta : «⟦Q:JESUS⟧» Certains dirent : «Nous Le voulons, mais nous voulons aussi notre confort.» D'autres dirent : «Nous Le voulons, mais avec nos intérêts.» D'autres dirent : «Nous Le voulons, mais avec l'estime et les honneurs. Que serait un religieux sans estime ?» D'autres dirent : «Nous Le voulons, mais avec quelques satisfactions avec les créatures. Comment peut-on vivre seul et sans personne pour nous satisfaire ?» Certains arrivaient à vouloir au moins quelque satisfaction dans le sacrement de la confession.",PASSION24.TEXT.RELATED_HOUR_17.BODY.P058,PASSION24.TEXT.RELATED_HOUR_17.BODY.P058#R00,KEEP_CURRENT_BREAK,JESUS,La parole directe est syntaxiquement close à cette frontière ; le texte extérieur suivant ouvre une nouvelle phrase/unité indépendante.
fab8c69730faf4cc,True,,QUOTE_CLOSE_AT_RECORD_END,B_SEMANTIC_READING,⟦Q:JESUS⟧ ;,PASSION24.TEXT.RELATED_HOUR_17.BODY.P073,PASSION24.TEXT.RELATED_HOUR_17.BODY.P073#R00,NO_LOCAL_BREAK_REQUIRED_RECORD_END,JESUS,"Après la parole directe, il ne subsiste que ponctuation/wrapper terminal ; aucun matériau lexical extérieur ne suit dans ce record."
041360e8ee230c7d,True,,QUOTE_CLOSE_AT_RECORD_END,B_SEMANTIC_READING,"⟦Q:JESUS⟧ """,PASSION24.TEXT.RELATED_HOUR_17.BODY.P141,PASSION24.TEXT.RELATED_HOUR_17.BODY.P141#R00,NO_LOCAL_BREAK_REQUIRED_RECORD_END,JESUS,"Après la parole directe, il ne subsiste que ponctuation/wrapper terminal ; aucun matériau lexical extérieur ne suit dans ce record."
ae2f5d979e304c92,True,274,QUOTE_CLOSE_IS_HOST_SENTENCE_END,B_SEMANTIC_READING,"⟦Q:JESUS⟧» Je lui dis : «Mais, Jésus très saint, après le grand sacrifice que j'avais fait, ces gens s'en allaient faire du commérage. L'obéissance a justement interdit la venue de ces gens.»",PASSION24.TEXT.RELATED_HOUR_18.BODY.P072,PASSION24.TEXT.RELATED_HOUR_18.BODY.P072#R00,KEEP_CURRENT_BREAK,JESUS,La parole directe est syntaxiquement close à cette frontière ; le texte extérieur suivant ouvre une nouvelle phrase/unité indépendante.
8d29b3537c37a0a8,True,151,QUOTE_CLOSE_IS_HOST_SENTENCE_END,B_SEMANTIC_READING,⟦Q:JESUS⟧» Seul Jésus sait ce que j'ai alors souffert.,PASSION24.TEXT.RELATED_HOUR_19.BODY.P067,PASSION24.TEXT.RELATED_HOUR_19.BODY.P067#R00,KEEP_CURRENT_BREAK,JESUS,La parole directe est syntaxiquement close à cette frontière ; le texte extérieur suivant ouvre une nouvelle phrase/unité indépendante.
9077a8c6ef098c8c,True,317,QUOTE_CLOSE_IS_HOST_SENTENCE_END,B_SEMANTIC_READING,"⟦Q:JESUS⟧» En disant cela, Il continua de souffler.",PASSION24.TEXT.RELATED_HOUR_19.BODY.P074,PASSION24.TEXT.RELATED_HOUR_19.BODY.P074#R00,KEEP_CURRENT_BREAK,JESUS,La parole directe est syntaxiquement close à cette frontière ; le texte extérieur suivant ouvre une nouvelle phrase/unité indépendante.
5c0c196ea0b59b8c,True,105,QUOTE_CLOSE_IS_HOST_SENTENCE_END,B_SEMANTIC_READING,"⟦Q:JESUS⟧» Plus tard, en recevant l'absolution de mon confesseur, je me disais : «",PASSION24.TEXT.RELATED_HOUR_20.BODY.P015,PASSION24.TEXT.RELATED_HOUR_20.BODY.P015#R00,KEEP_CURRENT_BREAK,JESUS,La parole directe est syntaxiquement close à cette frontière ; le texte extérieur suivant ouvre une nouvelle phrase/unité indépendante.
b45dbd944c3c8076,True,108,QUOTE_CLOSE_IS_HOST_SENTENCE_END,B_SEMANTIC_READING,"⟦Q:JESUS⟧» Puis, Il disparut. Quelques heures plus tard, Il revint et ajouta : «",PASSION24.TEXT.RELATED_HOUR_20.BODY.P023,PASSION24.TEXT.RELATED_HOUR_20.BODY.P023#R00,KEEP_CURRENT_BREAK,JESUS,La parole directe est syntaxiquement close à cette frontière ; le texte extérieur suivant ouvre une nouvelle phrase/unité indépendante.
7563b9f76d383404,True,313,QUOTE_CLOSE_IS_HOST_SENTENCE_END,B_SEMANTIC_READING,"⟦Q:JESUS⟧» Cela dit, Il approcha sa Bouche de la mienne et, presque en tremblant, je Lui donnai mon baiser. Celui-ci produisit un Son harmonieux jamais entendu auparavant, qui s'éleva très haut et se diffusa sur toutes les choses et toutes les créatures. Ensuite, avec un amour inexprimable, Il me dit : «",PASSION24.TEXT.RELATED_HOUR_20.BODY.P024,PASSION24.TEXT.RELATED_HOUR_20.BODY.P024#R00,KEEP_CURRENT_BREAK,JESUS,La parole directe est syntaxiquement close à cette frontière ; le texte extérieur suivant ouvre une nouvelle phrase/unité indépendante.
a9b604580336ffe3,True,413,QUOTE_CLOSE_IS_HOST_SENTENCE_END,B_SEMANTIC_READING,"⟦Q:JESUS⟧» Ensuite, Il disparut. Quant à moi, je me fusionnai dans la Volonté Divine en m'attristant pour chacune des offenses faites à mon Jésus par les humains, du premier homme venu sur la terre jusqu'au dernier qui y viendra en demandant pardon pour ces offenses.",PASSION24.TEXT.RELATED_HOUR_20.BODY.P028,PASSION24.TEXT.RELATED_HOUR_20.BODY.P028#R00,KEEP_CURRENT_BREAK,JESUS,La parole directe est syntaxiquement close à cette frontière ; le texte extérieur suivant ouvre une nouvelle phrase/unité indépendante.
8485c6431927bd5a,True,94,QUOTE_CLOSE_IS_HOST_SENTENCE_END,B_SEMANTIC_READING,"À l'instant, Il me dit : «⟦Q:JESUS⟧» Je repris : «Non ! Et que cela ne soit jamais !»",PASSION24.TEXT.RELATED_HOUR_21.BODY.P059,PASSION24.TEXT.RELATED_HOUR_21.BODY.P059#R00,KEEP_CURRENT_BREAK,JESUS,La parole directe est syntaxiquement close à cette frontière ; le texte extérieur suivant ouvre une nouvelle phrase/unité indépendante.
05ded5ff68788f06,True,282,QUOTE_CLOSE_IS_HOST_SENTENCE_END,B_SEMANTIC_READING,"⟦Q:JESUS⟧» Cela dit, Il disparut.",PASSION24.TEXT.RELATED_HOUR_21.BODY.P090,PASSION24.TEXT.RELATED_HOUR_21.BODY.P090#R00,KEEP_CURRENT_BREAK,JESUS,La parole directe est syntaxiquement close à cette frontière ; le texte extérieur suivant ouvre une nouvelle phrase/unité indépendante.
9fafb4b7d9f4371f,True,,QUOTE_CLOSE_AT_RECORD_END,B_SEMANTIC_READING,"⟦Q:JESUS⟧,",PASSION24.TEXT.RELATED_HOUR_22.BODY.P065,PASSION24.TEXT.RELATED_HOUR_22.BODY.P065#R00,NO_LOCAL_BREAK_REQUIRED_RECORD_END,JESUS,"Après la parole directe, il ne subsiste que ponctuation/wrapper terminal ; aucun matériau lexical extérieur ne suit dans ce record."
e9f3816fd3dade3c,True,369,QUOTE_CLOSE_IS_HOST_SENTENCE_END,B_SEMANTIC_READING,"Il me dit : «⟦Q:JESUS⟧» Une autre fois, Je me plaignais à Jésus en constatant qu'après tant de sacrifices pour écrire ces Heures, très peu d'âmes les font.",PASSION24.TEXT.RELATED_HOUR_24.BODY.P010,PASSION24.TEXT.RELATED_HOUR_24.BODY.P010#R00,KEEP_CURRENT_BREAK,JESUS,La parole directe est syntaxiquement close à cette frontière ; le texte extérieur suivant ouvre une nouvelle phrase/unité indépendante.
acd310e34802ee7a,True,217,QUOTE_CLOSE_IS_HOST_SENTENCE_END,B_SEMANTIC_READING,"⟦Q:JESUS⟧» Un jour, alors que j'en étais à l'Heure où la céleste Maman participa à l'ensevelissement de Jésus, je me tenais près d'elle pour la consoler.",PASSION24.TEXT.RELATED_HOUR_24.BODY.P017,PASSION24.TEXT.RELATED_HOUR_24.BODY.P017#R00,KEEP_CURRENT_BREAK,JESUS,La parole directe est syntaxiquement close à cette frontière ; le texte extérieur suivant ouvre une nouvelle phrase/unité indépendante.
fffac29f0d9113d9,True,218,QUOTE_CLOSE_IS_HOST_SENTENCE_END,B_SEMANTIC_READING,"Quant à Moi, Je ressens sa tendresse maternelle, son amour, et toute la gloire qu'elle Me donnait. De plus, Je Te considère comme une mère. Ensuite, Il m'embrassa et me dit avec une grande douceur : «⟦Q:JESUS⟧» Et Il me murmura tout ce que sa douce Maman fit et souffrit durant cette Heure.",PASSION24.TEXT.RELATED_HOUR_24.BODY.P022,PASSION24.TEXT.RELATED_HOUR_24.BODY.P022#R00,KEEP_CURRENT_BREAK,JESUS,La parole directe est syntaxiquement close à cette frontière ; le texte extérieur suivant ouvre une nouvelle phrase/unité indépendante.
1f6cb2e9aebdff56,True,,QUOTE_CLOSE_AT_RECORD_END,B_SEMANTIC_READING,⟦Q:JESUS⟧.,PASSION24.TEXT.SHARED_T09_1910_07_04_AGONY_CROSS_LAST_BREATH.BODY.P009,PASSION24.TEXT.SHARED_T09_1910_07_04_AGONY_CROSS_LAST_BREATH.BODY.P009#R00,NO_LOCAL_BREAK_REQUIRED_RECORD_END,JESUS,"Après la parole directe, il ne subsiste que ponctuation/wrapper terminal ; aucun matériau lexical extérieur ne suit dans ce record."
113b1cfd71263999,True,78,NESTED_QUOTE_OPENING_BOUNDARY,B_SEMANTIC_READING,"⟦Q:JESUS⟧ ""Il est à la fois ancien et nouveau.""",PASSION24.TEXT.PART_III_MARY_SORROWS.BODY.P057,PASSION24.TEXT.PART_III_MARY_SORROWS.BODY.P057#B78,NOT_A_TRUE_DIRECT_SPEECH_EXIT,,"Break à l’ouverture d’une citation imbriquée, pas à la fermeture d’une parole directe ; hors classe de mutation."
0c9de51fa6eb5b81,True,40,NESTED_QUOTE_OPENING_BOUNDARY,B_SEMANTIC_READING,"⟦Q:JESUS⟧ ""Maman, veux-Tu faire ceci ? Veux-Tu souffrir cette peine ?""",PASSION24.TEXT.PART_III_MARY_SORROWS.BODY.P100,PASSION24.TEXT.PART_III_MARY_SORROWS.BODY.P100#B40,NOT_A_TRUE_DIRECT_SPEECH_EXIT,,"Break à l’ouverture d’une citation imbriquée, pas à la fermeture d’une parole directe ; hors classe de mutation."
b8fea56b62033e76,True,,CROSS_RECORD_BOUNDARY,B_SEMANTIC_READING,⟦Q:JESUS⟧»,PASSION24.TEXT.RELATED_HOUR_01.BODY.P047,PASSION24.TEXT.RELATED_HOUR_01.BODY.P047#B317,NOT_A_TRUE_DIRECT_SPEECH_EXIT,,Break de handoff/wrapper cross-record ; il n’est pas une fermeture de parole directe suivie d’une reprise intra-record.
a1e660f5a262e4d0,True,,CROSS_RECORD_BOUNDARY,B_SEMANTIC_READING,⟦Q:JESUS⟧ «,PASSION24.TEXT.RELATED_HOUR_06.BODY.P011,PASSION24.TEXT.RELATED_HOUR_06.BODY.P011#B69,NOT_A_TRUE_DIRECT_SPEECH_EXIT,,Break de handoff/wrapper cross-record ; il n’est pas une fermeture de parole directe suivie d’une reprise intra-record.
256e12365265a63d,True,,CROSS_RECORD_BOUNDARY,B_SEMANTIC_READING,⟦Q:JESUS⟧»,PASSION24.TEXT.RELATED_HOUR_13.BODY.P013,PASSION24.TEXT.RELATED_HOUR_13.BODY.P013#B162,NOT_A_TRUE_DIRECT_SPEECH_EXIT,,Break de handoff/wrapper cross-record ; il n’est pas une fermeture de parole directe suivie d’une reprise intra-record.
6a5889a4f54c78a6,True,,CROSS_RECORD_BOUNDARY,B_SEMANTIC_READING,⟦Q:JESUS⟧ «,PASSION24.TEXT.RELATED_HOUR_22.BODY.P066,PASSION24.TEXT.RELATED_HOUR_22.BODY.P066#B67,NOT_A_TRUE_DIRECT_SPEECH_EXIT,,Break de handoff/wrapper cross-record ; il n’est pas une fermeture de parole directe suivie d’une reprise intra-record.
fa29fc996c5bbf78,True,,CROSS_RECORD_BOUNDARY,B_SEMANTIC_READING,⟦Q:JESUS⟧ «,PASSION24.TEXT.RELATED_HOUR_22.BODY.P076,PASSION24.TEXT.RELATED_HOUR_22.BODY.P076#B153,NOT_A_TRUE_DIRECT_SPEECH_EXIT,,Break de handoff/wrapper cross-record ; il n’est pas une fermeture de parole directe suivie d’une reprise intra-record.
