alias_key,comparison_action,context_after,context_before,current_active_breaks,current_vs_expected_pass,expected_breaks,host_sentence_status,paragraph_id,projection_breaks,quoted,row_id,semantic_disposition,speaker,speech_end_map,syntactic_rationale,text_sha256,topology_breaks
c86c4cf9a31bc226,NO_CHANGE," Cette bénédiction remédiera aux offenses des créatures, et, douce et suave, descendra jusqu’à son Cœur."," te faisant ses adieux, Jésus veut entendre de ta Bouche ces douces Paroles : « ",110,True,110,QUOTE_CLOSE_IS_HOST_SENTENCE_END,PASSION24.HOUR.01.P008,110,"Je Te bénis, ô Fils !",PASSION24.HOUR.01.P008#R00,KEEP_CURRENT_BREAK,MARY,110,La parole directe est syntaxiquement close à cette frontière ; le texte extérieur suivant ouvre une nouvelle phrase/unité indépendante.,3f18d0e3e814923150ef0c6b333674dcf0622d2e9a4f1a17731920366cd09826,110
3a9426d7238bfa7e,NO_CHANGE," Ô Jésus, mon doux Amour, bénis-moi aussi avec ta Mère. Bénis mes pensées, mon cœur, mes mains, mes pas, mes œuvres. Bénis toutes les créatures.","e tu présentes ces bénédictions à Jésus, j’entends ta Voix émue qui Lui dit : « ",119,True,119,QUOTE_CLOSE_IS_HOST_SENTENCE_END,PASSION24.HOUR.01.P014,119,"Fils, bénis-moi aussi !",PASSION24.HOUR.01.P014#R00,KEEP_CURRENT_BREAK,MARY,119,La parole directe est syntaxiquement close à cette frontière ; le texte extérieur suivant ouvre une nouvelle phrase/unité indépendante.,dddd187cb1bbb47720662ef22592c3ed22b55894449cb4072f2ab4f20900aab1,119
88bcd8b0a7b45784,NO_CHANGE," À ces propos, les apôtres sont tout tristes et ne savent que répondre.",« ,203,True,203,QUOTE_CLOSE_IS_HOST_SENTENCE_END,PASSION24.HOUR.02.P014,203,"Ma Vie est sur le point de s’éteindre ici-bas comme le soleil est sur le point de se coucher. Demain à pareille heure, Je n’y serai plus ! Mais en tant que Soleil, Je ressusciterai le troisième jour.",PASSION24.HOUR.02.P014#R00,KEEP_CURRENT_BREAK,JESUS,203,La parole directe est syntaxiquement close à cette frontière ; le texte extérieur suivant ouvre une nouvelle phrase/unité indépendante.,c77c93d672fac44f01e58c8da08cf5cece6b1e85f3eb1507ef9ffc1dae9717bc,203
a1638de2b09c9adb,NO_CHANGE," D’une Voix émue, Tu continues à les instruire. Avant de rentrer dans le Cénacle, Tu regardes le soleil qui se couche et qui, comme ta Vie, est sur le point de s’éteindre.",Tu ajoutes : « ,147,True,147,QUOTE_CLOSE_IS_HOST_SENTENCE_END,PASSION24.HOUR.02.P015,147,"Courage, ne vous laissez pas abattre, Je serai toujours avec vous. Cependant, il est nécessaire que Je meure pour le bien de tous.",PASSION24.HOUR.02.P015#R00,KEEP_CURRENT_BREAK,JESUS,147,La parole directe est syntaxiquement close à cette frontière ; le texte extérieur suivant ouvre une nouvelle phrase/unité indépendante.,85b53f441a454dfa1d8de4a769df327d98d61d7517d961aabcda15f9f6869ad2,147
92cd39bba7446fab,NO_CHANGE," Le Père s’émeut à ces propos tendres et affectueux. Il descend du Ciel. Il est là sur la Table sacrée, avec le Saint-Esprit. Les deux sont avec Toi, ô Jésus. Et Toi, d’une Voix ma",,113,True,113,QUOTE_CLOSE_IS_HOST_SENTENCE_END,PASSION24.HOUR.04.P034,113,"Nos Œuvres sont éternelles et mon Amour est incommensurable. Je ne puis, ni ne veux, laisser mes enfants seuls.",PASSION24.HOUR.04.P034#R00,KEEP_CURRENT_BREAK,JESUS,113,La parole directe est syntaxiquement close à cette frontière ; le texte extérieur suivant ouvre une nouvelle phrase/unité indépendante.,7f4652823c7fe05758d4c3deb42f62c3d90d00c74bebc6bea6b0d46e93ef7f2a,113
33bbb92ab2db7e2f,NO_CHANGE," Comme je Te plains, Jésus ! Ton Amour est mis au pilori ! Moi, pour Te dédommager, je Te prie d’enchaîner mon cœur avec ces chaînes brisées par les créatures, pour pouvoir Te donn",,93,True,93,QUOTE_CLOSE_IS_HOST_SENTENCE_END,PASSION24.HOUR.04.P065,93,Cela M’attriste tant que ça Me donne une fièvre violente qui Me fait M’évanouir et délirer.,PASSION24.HOUR.04.P065#R00,KEEP_CURRENT_BREAK,JESUS,93,La parole directe est syntaxiquement close à cette frontière ; le texte extérieur suivant ouvre une nouvelle phrase/unité indépendante.,ec426871a5e90097a8b5ef3a08ff6858e27d6bba387c0a7df6da429cb4241709,93
d442d293ed0967da,NO_CHANGE," Mon Jésus, Tu m’appelles dans ton Cœur pour me faire voir ce que l’Amour Te fait souffrir. Alors j’y entre. Mais que vois-je ?",,483,True,483,QUOTE_CLOSE_IS_HOST_SENTENCE_END,PASSION24.HOUR.05.P028,483,"Âme, c’est l’Amour qui prédomine en Moi. L’Amour est un clou pour Moi, l’Amour est un fouet pour Moi, l’Amour est une couronne d’épines pour Moi, l’Amour est tout pour Moi, l’Amour est ma Passion éternelle, alors que ce que Je souffre dans mon Humanité est temporaire. Mon enfant, entre dans mon Cœur et viens te perdre dans mon Amour. Seulement dans mon Amour tu comprendras combien Je souffre pour toi et combien Je t’aime. Ainsi tu apprendras à M’aimer et à souffrir par amour !",PASSION24.HOUR.05.P028#R00,KEEP_CURRENT_BREAK,JESUS,483,La parole directe est syntaxiquement close à cette frontière ; le texte extérieur suivant ouvre une nouvelle phrase/unité indépendante.,981251d0cd7e2d8d6c6fd7945c6ecdd31d84cea8892c13a043c837c603a76e03,483
6053f94c3300f364,NO_CHANGE," Pour nous conformer en toute chose à Jésus, nous devons rentrer en nous-mêmes et nous poser cette question : « En tout ce que je fais, est-ce qu’il y a un flux continu d’Amour qui",« ,142,True,142,QUOTE_CLOSE_IS_HOST_SENTENCE_END,PASSION24.HOUR.05.REF.P005,142,"Je suis calciné par l’Amour et il n’y a personne qui veut mon Amour. De grâce, soulagez-Moi. Acceptez mon Amour et donnez-Moi de l’amour !",PASSION24.HOUR.05.REF.P005#R00,KEEP_CURRENT_BREAK,JESUS,142,La parole directe est syntaxiquement close à cette frontière ; le texte extérieur suivant ouvre une nouvelle phrase/unité indépendante.,87031b1fcaf655cf24f83c0c5e2e7dda8017dddb2a77aac4dee2bd8d74b9e5ab,142
5140bd62efffdd18,NO_CHANGE, C’est la première fois que j’entends ces mots de ta Bouche. Comme les Accents de ta Voix déchirent mon cœur ! Toutes les révoltes des créatures se présentent devant Toi. Ce « Fiat,« ,106,True,106,QUOTE_CLOSE_IS_HOST_SENTENCE_END,PASSION24.HOUR.06.P012,106,"Père, si c’est possible, que s’écarte de Moi ce calice. Cependant, non pas ma Volonté, mais la Tienne.",PASSION24.HOUR.06.P012#R00,KEEP_CURRENT_BREAK,JESUS,106,La parole directe est syntaxiquement close à cette frontière ; le texte extérieur suivant ouvre une nouvelle phrase/unité indépendante.,8428f176c5d3b2f9f2531708b23f28183f7ed9069d849270670009befa4fb4ee,106
e49753ed49c7c432,NO_CHANGE," Jésus, Tu vacilles et Tu es sur le point de tomber. Alors Jean étend les bras pour Te soutenir. Tu es tellement méconnaissable. Si ce n’était pas de ta suave Voix, tes disciples n",« ,165,True,165,QUOTE_CLOSE_IS_HOST_SENTENCE_END,PASSION24.HOUR.07.P007,165,"Mes fils, ne dormez pas, l’heure est proche. Ne voyez-vous pas à quel état Je suis réduit ? De grâce, aidez-Moi, ne M’abandonnez pas en ces Heures si terribles !",PASSION24.HOUR.07.P007#R00,KEEP_CURRENT_BREAK,JESUS,165,La parole directe est syntaxiquement close à cette frontière ; le texte extérieur suivant ouvre une nouvelle phrase/unité indépendante.,429ce91512000e8c238fb51352f1e306e63843a56a8f64e71edadb196b16f904,165
b0f82f05b9006a1e,NO_CHANGE, Puis il me semble entendre que Tu appelles à l’aide ta chère Maman :,,147,True,147,QUOTE_CLOSE_IS_HOST_SENTENCE_END,PASSION24.HOUR.07.P015,147,"Mais regarde-Moi, ô Père. Je suis toujours ton Fils et Je fais un avec Toi. De grâce, aie pitié de Moi. Ô Père, ne Me laisse pas sans réconfort !",PASSION24.HOUR.07.P015#R00,KEEP_CURRENT_BREAK,JESUS,147,La parole directe est syntaxiquement close à cette frontière ; le texte extérieur suivant ouvre une nouvelle phrase/unité indépendante.,b4787918206c53d49090f534a3e5f8d98200b30fb4b77ef2f94900f4c67452a6,147
65055d1d82325a20,NO_CHANGE," Jésus, chacun de tes Gémissements est une blessure à mon cœur. Je fais miens ton Sang, ton Vouloir, ton Zèle ardent, ton Amour.",,22,True,22,QUOTE_CLOSE_IS_HOST_SENTENCE_END,PASSION24.HOUR.07.P030,22,"Venez, âmes, venez !",PASSION24.HOUR.07.P030#R00,KEEP_CURRENT_BREAK,JESUS,22,La parole directe est syntaxiquement close à cette frontière ; le texte extérieur suivant ouvre une nouvelle phrase/unité indépendante.,4634f58998a2ca1644376a8cb05d01dc31e96b4540fa01a1b7eeb08600c4a4c9,22
6aeefd2b88884121,NO_CHANGE," Ô Jésus agonisant, ta Vie est sur le point de s’éteindre. J’entends tes gémissements. Tes beaux Yeux sont voilés par la mort toute proche. Tous tes Membres cèdent et Tu sembles ne",« ,228,True,228,QUOTE_CLOSE_IS_HOST_SENTENCE_END,PASSION24.HOUR.07.P117,228,"Ô mon enfant, combien d’âmes Me fuient et finissent par tomber dans l’éternelle ruine ! Comment pourra se calmer ma Souffrance si une seule âme se perd ? J’aime chaque âme, au même titre que J’aime toutes les âmes ensemble !",PASSION24.HOUR.07.P117#R00,KEEP_CURRENT_BREAK,JESUS,228,La parole directe est syntaxiquement close à cette frontière ; le texte extérieur suivant ouvre une nouvelle phrase/unité indépendante.,00e20c43e6c808401a53eefc135761653ba68719efa5848892680e06ab1396ea,228
40788e4027f4361c,NO_CHANGE," Mon Jésus angoissé, puisque Tu as voulu porter en Toi ma mort, je Te prie de venir m’assister au moment de ma mort.",,128,True,128,QUOTE_CLOSE_IS_HOST_SENTENCE_END,PASSION24.HOUR.07.P125,128,"Tu as bien vu qu’alors que Je mourais, Je recommençais à respirer. C’étaient les morts des créatures que Je ressentais en Moi.",PASSION24.HOUR.07.P125#R00,KEEP_CURRENT_BREAK,JESUS,128,La parole directe est syntaxiquement close à cette frontière ; le texte extérieur suivant ouvre une nouvelle phrase/unité indépendante.,277905e8051e6342d63872a475a6e71d97656f9b8e581adf13daad0b4d2e6bdf,128
d9e7fca8725e0061,NO_CHANGE," On dirait que c’est à moi aussi que Tu adresses cette Parole, non en m’appelant “ami”, mais en m’appelant du doux nom d’“enfant”.","Ah ! comme elle m’est douce au cœur, la Parole que Tu adressas à Judas : « ",111,True,111,QUOTE_CLOSE_IS_HOST_SENTENCE_END,PASSION24.HOUR.08.P007,111,"Mon ami, pourquoi es-tu venu ici ?",PASSION24.HOUR.08.P007#R00,KEEP_CURRENT_BREAK,JESUS,111,La parole directe est syntaxiquement close à cette frontière ; le texte extérieur suivant ouvre une nouvelle phrase/unité indépendante.,defe0ee6ba0584e501ca00f7c12a98e001fd65bdcc8de6ce8b08bc98bc626147,111
841ee3707c4666e0,NO_CHANGE," Et je veux Te répondre : « Jésus, je viens pour T’aimer. »",« ,42,True,42,QUOTE_CLOSE_IS_HOST_SENTENCE_END,PASSION24.HOUR.08.P008,42,"Mon enfant, pourquoi es-tu venue ici ?",PASSION24.HOUR.08.P008#R00,KEEP_CURRENT_BREAK,JESUS,42,La parole directe est syntaxiquement close à cette frontière ; le texte extérieur suivant ouvre une nouvelle phrase/unité indépendante.,c5c6edd2c3cb979c27c8612ac78bf87b65b416228afd4ae4335f6c24bed10920,42
4fe328c13798eea9,RELOCATE," quand je me réveille le matin ou quand je Te prie. Tu me répètes : « Pourquoi es-tu venue ici ? » à travers la sainte Hostie, quand je viens Te recevoir dans mon cœur. Quel beau r",Tu me dis : « ,42,False,93,HOST_SENTENCE_CONTINUES,PASSION24.HOUR.08.P009,42|140,Pourquoi es-tu venue ici ?,PASSION24.HOUR.08.P009#R00,RELOCATE_BREAK_TO_HOST_SENTENCE_END,JESUS,42|140,La proposition porteuse « Tu me dis … quand je… » continue après la question citée et se termine après « prie. ».,840d2a04d5614d1f5e0eab3d41e237aec1f00c982b89c5cb590f3a979b11d23b,42|140
6906fb4659e581eb,RELOCATE," à travers la sainte Hostie, quand je viens Te recevoir dans mon cœur. Quel beau rappel pour moi !",ue ici ? » quand je me réveille le matin ou quand je Te prie. Tu me répètes : « ,140,False,210,HOST_SENTENCE_CONTINUES,PASSION24.HOUR.08.P009,42|140,Pourquoi es-tu venue ici ?,PASSION24.HOUR.08.P009#R01,RELOCATE_BREAK_TO_HOST_SENTENCE_END,JESUS,42|140,La proposition porteuse « Tu me répètes … à travers… » continue après la question citée et se termine après « cœur. ».,840d2a04d5614d1f5e0eab3d41e237aec1f00c982b89c5cb590f3a979b11d23b,42|140
05e514410f59e6aa,REMOVE, répondent : « Je viens pour T’offenser ! »,"Mais combien, à ton « ",49,False,,HOST_SENTENCE_CONTINUES,PASSION24.HOUR.08.P010,49,Pourquoi es-tu venu ici ?,PASSION24.HOUR.08.P010#R00,REMOVE_BREAK_NO_REPLACEMENT,JESUS,49,Le verbe « répondent » gouverne le complément contenant la citation ; la phrase porteuse se termine au record end.,7b830264a69d1efb5682e5dfff1dc86a35ff37c8000163489309fe6280950518,49
952ca05a8b6285c3,NO_CHANGE," Par ces simples paroles, Tu dis tout. Tu Te fais connaître pour ce que Tu es. Tant et si bien que tes ennemis tremblent et tombent à la renverse, comme morts.",Alors Tu leur dis : « ,34,True,34,QUOTE_CLOSE_IS_HOST_SENTENCE_END,PASSION24.HOUR.08.P014,34,Me voici !,PASSION24.HOUR.08.P014#R00,KEEP_CURRENT_BREAK,JESUS,34,La parole directe est syntaxiquement close à cette frontière ; le texte extérieur suivant ouvre une nouvelle phrase/unité indépendante.,74bd1faae3bdbdaa45b8c65b75a113bc02ba81821b8903f28350c8c931555ee5,34
abc8c05392d2e76b,RELOCATE," que Tu les rappelles à la Vie et que, de ta propre initiative, Tu Te places entre leurs mains. Et eux, perfides et ingrats, au lieu de s’humilier et de trembler à tes pieds pour T","Et Toi, ô Amour, c’est par un autre « ",50,False,145,HOST_SENTENCE_CONTINUES,PASSION24.HOUR.08.P015,50,Me voici !,PASSION24.HOUR.08.P015#R00,RELOCATE_BREAK_TO_HOST_SENTENCE_END,JESUS,50,La construction corrélative « c’est par … que … » continue après « Me voici ! » et se termine avant « Et eux… ».,0e8e25ba179b80db3015404fdc30bbeda72ac9d5710f67750d4468b27e4e1506,50
2b5ffe70fd5050ff,NO_CHANGE," Oui, mon Jésus, avec l’aide de ta Grâce et en m’identifiant à ta Divine Volonté je Te promets de ne jamais Te laisser seul.",,147,True,147,QUOTE_CLOSE_IS_HOST_SENTENCE_END,PASSION24.HOUR.09.P010,147,"Ah ! mon enfant, comme il est dur pour Moi cet abandon ! Je t’en prie, répare ma cruelle Souffrance par la promesse de ne jamais Me laisser seul.",PASSION24.HOUR.09.P010#R00,KEEP_CURRENT_BREAK,JESUS,147,La parole directe est syntaxiquement close à cette frontière ; le texte extérieur suivant ouvre une nouvelle phrase/unité indépendante.,0eff0c7e558d2dd5c679da7ac7e3b9e3db060a824c6ca1705cb32c65c1e83ebe,147
84346c9896e8f9e5,NO_CHANGE," À ces Paroles, tous tremblent. Perfidement, un serviteur s’approche de Toi. D’une main ferrée, il Te donne une gifle si forte qu’elle Te fait chanceler et rend livide ton doux Vis","sus, pour défendre la Gloire du Père, Tu réponds d’une Voix sonore et digne : « ",206,True,206,QUOTE_CLOSE_IS_HOST_SENTENCE_END,PASSION24.HOUR.10.P002,206,"J’ai parlé en public, et tous ceux qui sont ici M’ont entendu !",PASSION24.HOUR.10.P002#R00,KEEP_CURRENT_BREAK,JESUS,206,La parole directe est syntaxiquement close à cette frontière ; le texte extérieur suivant ouvre une nouvelle phrase/unité indépendante.,8693e4f039b62d7bbfeffcc5c2dc4e37512184a6e4db7fbffa482a8843993b35,206
ab3b3fe4d163763e,NO_CHANGE," Mon doux Amour, le vacarme de tes ennemis est si considérable qu’il m’empêche de prendre un peu de sommeil. Les coups deviennent plus violents. J’entends le bruit des chaînes avec",,141,True,141,QUOTE_CLOSE_IS_HOST_SENTENCE_END,PASSION24.HOUR.11.P010,141,Tu acquerras la force en Me voyant souffrir à ce point. Ce sera la plus belle défense que tu puisses M’accorder. Sois fidèle et attentive !,PASSION24.HOUR.11.P010#R00,KEEP_CURRENT_BREAK,JESUS,141,La parole directe est syntaxiquement close à cette frontière ; le texte extérieur suivant ouvre une nouvelle phrase/unité indépendante.,03748084ad481a333bb73fba4edf9d706a36d29b6a6898be656c4e342f9ea5ce,141
ab96671683722f9f,NO_CHANGE," Mon Bien renié, comme elles se reconnaissent vite les offenses de ceux qui Te sont les plus chers !",,251,True,251,QUOTE_CLOSE_IS_HOST_SENTENCE_END,PASSION24.HOUR.11.P021,251,"Ah ! Pierre, tu ne Me connais pas ? Tu ne te souviens pas de tous les Bienfaits dont Je t’ai comblé ? Si les autres Me font mourir de peines, toi, tu Me fais mourir de douleur ! Comme tu as mal fait de t’exposer aux occasions en Me suivant de loin !",PASSION24.HOUR.11.P021#R00,KEEP_CURRENT_BREAK,JESUS,251,La parole directe est syntaxiquement close à cette frontière ; le texte extérieur suivant ouvre une nouvelle phrase/unité indépendante.,a6762f6245c19d99c3d520afa0563f45b2c0f5645b86da76b5a8bcbc4e118a74,251
3db946d2e7c76415,CURRENT_METADATA_MISMATCH," À ces Paroles solennelles, tous font silence et frissonnent d’épouvante. Après quelques instants de sa propre épouvante, Caïphe, furieux comme une bête féroce, dit à tous : « À qu",« ,126,False,125,QUOTE_CLOSE_IS_HOST_SENTENCE_END,PASSION24.HOUR.11.P030,126,C’est toi qui le dis. Je suis le Fils de Dieu. Un jour Je descendrai sur les nuées du Ciel pour juger toutes les nations.,PASSION24.HOUR.11.P030#R00,KEEP_CURRENT_BREAK,JESUS,126,La parole directe est syntaxiquement close à cette frontière ; le texte extérieur suivant ouvre une nouvelle phrase/unité indépendante.,428cebcfe9048cf1bf025e341d938e882e5f9e8198fd33bc23a8185508c3ed8c,126
c9f76a28d9dbeec0,NO_CHANGE," Mon Jésus, à ma stupeur, je vois qu’au lieu de Te préoccuper de tes Peines, Tu penses avec un Amour indicible à glorifier le Père pour Le dédommager de nos négligences envers Lui,",Tu me réponds : « ,147,True,147,QUOTE_CLOSE_IS_HOST_SENTENCE_END,PASSION24.HOUR.13.P005,147,"Viens, ô âme. Sois attentive à tout ce que tu Me vois faire pour le faire avec Moi, afin que Je puisse continuer ma Vie en toi.",PASSION24.HOUR.13.P005#R00,KEEP_CURRENT_BREAK,JESUS,147,La parole directe est syntaxiquement close à cette frontière ; le texte extérieur suivant ouvre une nouvelle phrase/unité indépendante.,a0e6d29206019aae50560efe0eeb3cb912c467a6f54555e7dad2fce6fe204bef,147
b0d9150168887b94,NO_CHANGE," Pilate est surpris et touché par la suavité et la dignité de tes Paroles, et il Te dit : « Comment, Tu es roi ? »",« ,162,True,162,QUOTE_CLOSE_IS_HOST_SENTENCE_END,PASSION24.HOUR.15.P005,162,"Mon Règne n’est pas de ce monde. Si mon Règne était de ce monde, mes ministres feraient tous leurs efforts pour que Je ne sois pas remis au pouvoir des Juifs.",PASSION24.HOUR.15.P005#R00,KEEP_CURRENT_BREAK,JESUS,162,La parole directe est syntaxiquement close à cette frontière ; le texte extérieur suivant ouvre une nouvelle phrase/unité indépendante.,1fe7971777119b2d85e26afa8216a2231531c0b31ca409479224af3c289a4642,162
c38781be3f326df5,NO_CHANGE," Comme elles sont réelles et incessantes nos décisions de faire passer Dieu en second, même chez ceux qui aiment Jésus !",,103,True,103,QUOTE_CLOSE_IS_HOST_SENTENCE_END,PASSION24.HOUR.16.P015,103,"Et Moi, Je suis prêt à accepter qu’on Me fasse passer après Barabbas pour réparer toutes ces fautes !",PASSION24.HOUR.16.P015#R00,KEEP_CURRENT_BREAK,JESUS,103,La parole directe est syntaxiquement close à cette frontière ; le texte extérieur suivant ouvre une nouvelle phrase/unité indépendante.,931b222d6046ed3b0f46fad9efda0d19fe435f9fc18b9a7584c4290cee10cf1f,103
5486aa91827726ef,NO_CHANGE," Jésus torturé, ton Amour passe d’un excès à l’autre. Je vois que tes bourreaux prennent des fouets de corde et Te battent sans pitié, à tel point que ton Corps infiniment saint de",,76,True,76,QUOTE_CLOSE_IS_HOST_SENTENCE_END,PASSION24.HOUR.16.P028,76,"Par conséquent, sois attentive à ce que Je fais, prie et répare avec Moi !",PASSION24.HOUR.16.P028#R00,KEEP_CURRENT_BREAK,JESUS,76,La parole directe est syntaxiquement close à cette frontière ; le texte extérieur suivant ouvre une nouvelle phrase/unité indépendante.,587bfb1c0a6d2bf5885a6df287a9d1e209c2114dda005960440fe42202eb61ea,76
cf41f2335bc92a4f,NO_CHANGE," Jésus, l’Amour avec lequel Tu souffres est si grand, que Tu excites presque tes bourreaux à Te battre davantage !",,193,True,193,QUOTE_CLOSE_IS_HOST_SENTENCE_END,PASSION24.HOUR.16.P045,193,"Et que ces coups de fouets excusent ceux qui commettent le péché, qu’ils flagellent leurs passions. Qu’ils leur parlent de mon Amour, tant et si bien qu’ils soient forcés de céder devant Moi.",PASSION24.HOUR.16.P045#R00,KEEP_CURRENT_BREAK,JESUS,193,La parole directe est syntaxiquement close à cette frontière ; le texte extérieur suivant ouvre une nouvelle phrase/unité indépendante.,1f73884e661135a36c0a718ff48463c47ce393b61b6992adfce0922654cfdc5b,193
7b342a37d8e3fa4f,NO_CHANGE," Poursuivant dans leurs cruautés, tes ennemis Te font asseoir, déposent sur Toi une guenille de pourpre, prennent une couronne d’épines qu’ils viennent de fabriquer, et avec une fu",,47,True,47,QUOTE_CLOSE_IS_HOST_SENTENCE_END,PASSION24.HOUR.17.P014,47,"Toi, unis-toi à Moi, prie et répare avec Moi.",PASSION24.HOUR.17.P014#R00,KEEP_CURRENT_BREAK,JESUS,47,La parole directe est syntaxiquement close à cette frontière ; le texte extérieur suivant ouvre une nouvelle phrase/unité indépendante.,43ee151361e8da9e3f111010c2d6a7593c9f8fd186d831a4d9d4d40c455c2d58,47
40e95396435d0052,CURRENT_METADATA_MISMATCH," Mon Amour, je Te prie de me piquer les oreilles de tes épines, afin qu’elles puissent n’entendre que ta Voix, mes yeux pour qu’ils ne regardent que Toi, ma bouche pour que ma lang",,155,False,154,QUOTE_CLOSE_IS_HOST_SENTENCE_END,PASSION24.HOUR.17.P027,155,"Va chez tous les cœurs et, en les piquant, fais-en sortir toutes les fumées d’orgueil et la pourriture qu’ils contiennent, et constitue-Moi Roi de tous.",PASSION24.HOUR.17.P027#R00,KEEP_CURRENT_BREAK,JESUS,155,La parole directe est syntaxiquement close à cette frontière ; le texte extérieur suivant ouvre une nouvelle phrase/unité indépendante.,0f4c182dace3c23c18bdd30ab9501bcb7b386d08d52a7da1783da27379314d7e,155
02d24b2336098ce3,NO_CHANGE," Mon Amour, je vois que, Te voyant si mal en point, Pilate frissonne.",,293,True,293,QUOTE_CLOSE_IS_HOST_SENTENCE_END,PASSION24.HOUR.17.P044,293,"Et J’enseigne à ceux qui commandent que seule la vertu, unie à un juste savoir, rend digne et capable de gouverner et de diriger les autres, tandis que toute dignité dépourvue de vertu est dangereuse et déplorable. Mon enfant, fais écho à mes Réparations et continue à contempler mes Peines.",PASSION24.HOUR.17.P044#R00,KEEP_CURRENT_BREAK,JESUS,293,La parole directe est syntaxiquement close à cette frontière ; le texte extérieur suivant ouvre une nouvelle phrase/unité indépendante.,869646265b0de1edb6f2d546b46cb2d40350174de196dbf8071d9a1d625e2fc8,293
1a03dce1bad598ae,NO_CHANGE, Chaque goutte de ton Sang proclame : « Croix ! »,"À chacun de tes gémissements, je T’entends dire : « ",61,True,61,QUOTE_CLOSE_IS_HOST_SENTENCE_END,PASSION24.HOUR.18.P002,61,Croix !,PASSION24.HOUR.18.P002#R00,KEEP_CURRENT_BREAK,JESUS,61,La parole directe est syntaxiquement close à cette frontière ; le texte extérieur suivant ouvre une nouvelle phrase/unité indépendante.,fa98377ab931e85708e829ea8ef54486dcbd089e3b78c1e5b3d50e2a5473b03b,61
1f0a4a6441e89e55,NO_CHANGE," Anxieux, Tu Te la fais placer sur tes Épaules infiniment saintes. Ah ! mon Jésus, ta Croix est trop légère pour ton Amour. Mais à son poids s’ajoute celui de nos fautes, aussi lou",,156,True,156,QUOTE_CLOSE_IS_HOST_SENTENCE_END,PASSION24.HOUR.18.P031,156,"Tandis que Je dois quitter cette terre, toi, tu seras toujours à Moi. Je te donne en dot toutes les âmes. Garde-les-Moi, sauve-les-Moi. Je te les confie !",PASSION24.HOUR.18.P031#R00,KEEP_CURRENT_BREAK,JESUS,156,La parole directe est syntaxiquement close à cette frontière ; le texte extérieur suivant ouvre une nouvelle phrase/unité indépendante.,cab11dcd32a14a026be338b346679636e6f34ba5753e7927f0938690916b343f,156
cf1e6bc6987f1206,NO_CHANGE," Mon Bien dénudé, tandis qu’avec Toi je répare, je Te prie qu’au moyen de tes Mains infiniment saintes Tu me dépouilles de tout et que Tu ne permettes à aucune affection mauvaise d",,148,True,148,QUOTE_CLOSE_IS_HOST_SENTENCE_END,PASSION24.HOUR.18.P113,148,"Ah ! oui ! chacune de ces offenses est une mort que Je ressens. Si Je ne meurs pas, c’est parce que la Volonté de mon Père Éternel le veut ainsi !",PASSION24.HOUR.18.P113#R00,KEEP_CURRENT_BREAK,JESUS,148,La parole directe est syntaxiquement close à cette frontière ; le texte extérieur suivant ouvre une nouvelle phrase/unité indépendante.,cb4b37cbd6dedf7076f2bf3d846746085161caa027dc233a6577133b8fdae357,148
95b4ea735113f996,NO_CHANGE," Mais, qui peut dire tout ce que mon doux Jésus a dit sur la Croix ? Et tandis que Jésus parle ainsi, ses bourreaux Lui ordonnent de S’étendre sur la Croix. Il leur obéit prompteme",,95,True,95,QUOTE_CLOSE_IS_HOST_SENTENCE_END,PASSION24.HOUR.19.P018,95,"Et par toi Je donnerai de copieux Héritages, Victoires, Triomphes et Couronnes à mes enfants.",PASSION24.HOUR.19.P018#R00,KEEP_CURRENT_BREAK,JESUS,95,La parole directe est syntaxiquement close à cette frontière ; le texte extérieur suivant ouvre une nouvelle phrase/unité indépendante.,52eb8baa16a1bc6b09855b603038e76a0c8f5e64939e8e0427cb0944cc5ee541,95
401e90823d4cf900,NO_CHANGE," Mon Jésus plein d’amertume, ma voix, fondue dans la Tienne, veut faire face à toutes ces offenses.",,145,True,145,QUOTE_CLOSE_IS_HOST_SENTENCE_END,PASSION24.HOUR.19.P126,145,"Pitié, pitié pour la pauvre créature ! Moi Je réponds d’elle par ma Langue rendue amère par le fiel, desséchée par la Soif, brûlée par l’Amour.",PASSION24.HOUR.19.P126#R00,KEEP_CURRENT_BREAK,JESUS,145,La parole directe est syntaxiquement close à cette frontière ; le texte extérieur suivant ouvre une nouvelle phrase/unité indépendante.,59fd3c15dea84b0c07649f2b9217e8f0245990670767e842891fc56234f59930,145
1872e87a78c075c7,NO_CHANGE," Mon Jésus, ton Amour est un doux enchantement pour moi et me pousse à faire ce que Tu fais.",,119,True,119,QUOTE_CLOSE_IS_HOST_SENTENCE_END,PASSION24.HOUR.19.P137,119,"Au contraire, Je T’attirerai de plus en plus près d’elles, pour que Tu déverses sur elles tes Grâces de Miséricorde !",PASSION24.HOUR.19.P137#R00,KEEP_CURRENT_BREAK,JESUS,119,La parole directe est syntaxiquement close à cette frontière ; le texte extérieur suivant ouvre une nouvelle phrase/unité indépendante.,35229feb7a00d6db2836a7aef77e8607ce78b3777ead92853d7ce41136ead797,119
a886a0a5ee8c4351,NO_CHANGE," Mais Toi, ô mon Jésus, triomphant de tout, Tu défends même ces âmes, Tu endigues par l’Amour immense de ton Cœur les vagues des amertumes et des blessures qu’elles Te procurent.",,150,True,150,QUOTE_CLOSE_IS_HOST_SENTENCE_END,PASSION24.HOUR.19.P165,150,"Ah ! Fils, Je ne peux plus contenir mon Indignation devant l’ingratitude de ces âmes qui M’affligent plus que toutes les autres créatures ensemble !",PASSION24.HOUR.19.P165#R00,KEEP_CURRENT_BREAK,FATHER,150,La parole directe est syntaxiquement close à cette frontière ; le texte extérieur suivant ouvre une nouvelle phrase/unité indépendante.,6ba1e33250ef2d57dcbccfeefa285ce1fa276c49413273b400b492b198c7f4cc,150
7412234217fb4dfb,NO_CHANGE," Et, de nouveau, Tu Te renfermes dans le silence, Tu es plongé dans des Souffrances inouïes.",« ,63,True,63,QUOTE_CLOSE_IS_HOST_SENTENCE_END,PASSION24.HOUR.20.P010,63,"Père, pardonne-leur, car ils ne savent pas ce qu’ils font !",PASSION24.HOUR.20.P010#R00,KEEP_CURRENT_BREAK,JESUS,63,La parole directe est syntaxiquement close à cette frontière ; le texte extérieur suivant ouvre une nouvelle phrase/unité indépendante.,a9e4c2c95dc592a31ac7a4eccd86324863e7d3c479e2dbf2051795623d03f657,63
d7c11dface130a12,REMOVE, et à Jean : « Voici ta Mère ! »,Troisième Parole : Jésus dit à sa Maman : « ,69,False,,HOST_SENTENCE_CONTINUES,PASSION24.HOUR.21.P020,69,"Femme, voici ton fils !",PASSION24.HOUR.21.P020#R00,REMOVE_BREAK_NO_REPLACEMENT,JESUS,69,Coordination unique : « Jésus dit à sa Maman … et à Jean … » jusqu’à la fin du record.,052a0cbd283fcc77c9daf86d45bfda1b4ff7f1adf4cfe22f0c3a498ae828e832,69
79b490e87bb8bb75,NO_CHANGE," Leur ayant tout donné, Tu n’as plus rien à donner aux créatures. Tu tournes ton Regard suppliant vers ta Maman. Elle comme Toi, se sent crucifiée à cause de tes Souffrances et de ",Il Te fait dire : « ,137,True,137,QUOTE_CLOSE_IS_HOST_SENTENCE_END,PASSION24.HOUR.21.P023,137,"Tu vois, ô âme, combien Je t’ai aimée. Si tu ne veux pas avoir pitié de toi-même, aie au moins pitié de mon Amour !",PASSION24.HOUR.21.P023#R00,KEEP_CURRENT_BREAK,JESUS,137,La parole directe est syntaxiquement close à cette frontière ; le texte extérieur suivant ouvre une nouvelle phrase/unité indépendante.,cfd323fd3ba0dee71cfaeced5d39d7b952e8eab8bb9a70e77dfa1eb80f1c27a5,137
618d4ab7c3b051aa,REMOVE, et Tu dis à Jean : « Voici ta Mère ! »,"Jean à tout le genre humain, Tu dis à Marie d’une Voix remplie de tendresse : « ",118,False,,HOST_SENTENCE_CONTINUES,PASSION24.HOUR.21.P025,118,"Femme, voici ton Fils !",PASSION24.HOUR.21.P025#R00,REMOVE_BREAK_NO_REPLACEMENT,JESUS,118,Coordination unique : « Tu dis à Marie … et Tu dis à Jean … » jusqu’à la fin du record.,4f17e7481c78ea22cd59796b4e66c063b6db0e0e8cf9ef5ec12759c6d2de3d70,118
0f7c3736b10d5e6a,NO_CHANGE," Et ta sainte Maman accepte. Je veux ici, ô mon Jésus, réparer les offenses qui sont faites à ta Très Sainte Mère, les blasphèmes et les ingratitudes de tant de gens qui ne veulent",« ,216,True,216,QUOTE_CLOSE_IS_HOST_SENTENCE_END,PASSION24.HOUR.21.P027,216,"Ma Mère, Je te confie tous mes enfants. Tout l’Amour que tu ressens pour Moi, ressens-le pour eux ! Que tous tes égards et toutes tes tendresses maternelles soient pour mes enfants. Toi, tu Me les sauveras tous !",PASSION24.HOUR.21.P027#R00,KEEP_CURRENT_BREAK,JESUS,216,La parole directe est syntaxiquement close à cette frontière ; le texte extérieur suivant ouvre une nouvelle phrase/unité indépendante.,76138a89389e9f6dbed5406a7b8f8adc2f3c6f44db3a3758f81310d50242557e,216
08ab065b41606d33,NO_CHANGE," Mon Amour, combien je suis désolée ! Tu T’essouffles !",,86,True,86,QUOTE_CLOSE_IS_HOST_SENTENCE_END,PASSION24.HOUR.21.P068,86,"De grâce, pitié pour mon Sang, pour mes Plaies, pour ma Mort ! Ne M’abandonnez pas !",PASSION24.HOUR.21.P068#R00,KEEP_CURRENT_BREAK,JESUS,86,La parole directe est syntaxiquement close à cette frontière ; le texte extérieur suivant ouvre une nouvelle phrase/unité indépendante.,d4dea4d9c20e2b2cec80528c3929973574abe435d4315b233d3cb2db7c3af613,86
e53ec81f1080f204,NO_CHANGE," Ah ! cette Parole, Tu la dis de tout ton divin Cœur :","reté à l’intérieur de Toi. Rassemblant tes forces très affaiblies, Tu cries : « ",160,True,160,QUOTE_CLOSE_IS_HOST_SENTENCE_END,PASSION24.HOUR.22.P006,160,J’ai soif !,PASSION24.HOUR.22.P006#R00,KEEP_CURRENT_BREAK,JESUS,160,La parole directe est syntaxiquement close à cette frontière ; le texte extérieur suivant ouvre une nouvelle phrase/unité indépendante.,4d8a62b88b431940e9534e919efcf8d829fcfa97c22c5ed59003a8e5fc64a727,160
9a9469d0093535c2,NO_CHANGE," Ô mon Jésus, Tu as déjà tout épuisé. Il ne Te reste rien d’autre. L’Amour est parvenu à son terme. Et moi, me suis-je consumée tout entière par amour ? Quels remerciements ne devr",« ,23,True,23,QUOTE_CLOSE_IS_HOST_SENTENCE_END,PASSION24.HOUR.22.P022,23,Tout est consommé !,PASSION24.HOUR.22.P022#R00,KEEP_CURRENT_BREAK,JESUS,23,La parole directe est syntaxiquement close à cette frontière ; le texte extérieur suivant ouvre une nouvelle phrase/unité indépendante.,4c0b8a36dcc295d5e9d25509a74b5f28a74540d4701d710fe7a2b7ddedf54ada,23
467399e9d3441756,NO_CHANGE," Jésus S’est sacrifié tout entier pour nous. Et nous, en toute chose, nous efforçons-nous d’être continuellement consumés d’amour pour Lui ? Toutes les Actions, Paroles et Pensées ","if ardente ? Jésus assoiffé, ne pouvant supporter la Soif qui Le brûle, dit : « ",237,True,237,QUOTE_CLOSE_IS_HOST_SENTENCE_END,PASSION24.HOUR.22.REF.P001,237,Tout est consommé !,PASSION24.HOUR.22.REF.P001#R00,KEEP_CURRENT_BREAK,JESUS,237,La parole directe est syntaxiquement close à cette frontière ; le texte extérieur suivant ouvre une nouvelle phrase/unité indépendante.,aef902b37929a0c9da331e540ea8864c8446a769e0dee04ac844c692cf992b1a,237
a536547ef11eb0fe,NO_CHANGE," Maman affligée, tu penches ta tête sur celle de Jésus, tu Lui donnes des baisers, et tu enfermes tes pensées dans les Siennes. Oh ! comme tu voudrais ranimer son Intelligence avec",,119,True,119,QUOTE_CLOSE_IS_HOST_SENTENCE_END,PASSION24.HOUR.24.DESOL.P014,119,Ah ! seul un échange de Vies entre Toi et moi peut me donner la force d’accomplir le sacrifice de me séparer de Toi !,PASSION24.HOUR.24.DESOL.P014#R00,KEEP_CURRENT_BREAK,MARY,119,La parole directe est syntaxiquement close à cette frontière ; le texte extérieur suivant ouvre une nouvelle phrase/unité indépendante.,b48fa53340ab3e134d64de89c61075aa79ceab49ad4d41f48267ebe4f1b4ee91,119
5b2269b9d672f4da,NO_CHANGE," Ta douleur est telle, ô Maman, qu’elle te paralyse, te coupe la parole, et que tu es comme éteinte auprès du Visage de ton Jésus.",,79,True,79,QUOTE_CLOSE_IS_HOST_SENTENCE_END,PASSION24.HOUR.24.DESOL.P027,79,"Ah ! Fils, si Tu me veux en vie, donne-moi tes Peines, autrement je mourrai !",PASSION24.HOUR.24.DESOL.P027#R00,KEEP_CURRENT_BREAK,MARY,79,La parole directe est syntaxiquement close à cette frontière ; le texte extérieur suivant ouvre une nouvelle phrase/unité indépendante.,4a1e4cbe49f3b893fd71fd11420a5f8fb767b35f3235ccabae6146cb67b77084,79
2dcda81ead3f863e,NO_CHANGE," Maman torturée, je vois que tu te hâtes, car ceux qui sont autour de toi veulent fermer le sépulcre.",,62,True,62,QUOTE_CLOSE_IS_HOST_SENTENCE_END,PASSION24.HOUR.24.DESOL.P037,62,Ta Mère souffrante pourra vivre par le moyen de tes Peines !,PASSION24.HOUR.24.DESOL.P037#R00,KEEP_CURRENT_BREAK,MARY,62,La parole directe est syntaxiquement close à cette frontière ; le texte extérieur suivant ouvre une nouvelle phrase/unité indépendante.,d2e153515dc6a4b42ffab8aee6cffba2d114db860020c964260620e20f68f5c3,62
ada6172837f10058,NO_CHANGE," Il ajouta : «Au milieu de tant d'amertume que Me donnent les créatures, ces Heures sont pour Moi d'agréables petites douceurs, même si elles sont trop peu nombreuses, vu toute l'a",,195,True,195,QUOTE_CLOSE_IS_HOST_SENTENCE_END,PASSION24.SECTION.BENEFITS.P102,195,"Par conséquent, avec quelle attention et quel respect les âmes doivent-elles faire les Heures de la Passion, sachant que les anges sont suspendus à leurs lèvres pour répéter ce qu'elles disent !",PASSION24.SECTION.BENEFITS.P102#R00,KEEP_CURRENT_BREAK,JESUS,195,La parole directe est syntaxiquement close à cette frontière ; le texte extérieur suivant ouvre une nouvelle phrase/unité indépendante.,e8cf7c9532d011ddcdb3e325a8c00c4e62277f85292bcc363554f92f0f6d16a2,195
acd310e34802ee7a,NO_CHANGE," Un jour, alors que j'en étais à l'Heure où la céleste Maman participa à l'ensevelissement de Jésus, je me tenais près d'elle pour la consoler.",,217,True,217,QUOTE_CLOSE_IS_HOST_SENTENCE_END,PASSION24.SECTION.BENEFITS.P116,217,"Oh ! comme J'aimerais que, dans chaque ville, il y ait au moins une âme qui fasse les Heures de Ma Passion ! Je M'entendrais ainsi dans chaque ville. Et Ma Justice, si indignée en ces temps, serait en partie apaisée.",PASSION24.SECTION.BENEFITS.P116#R00,KEEP_CURRENT_BREAK,JESUS,217,La parole directe est syntaxiquement close à cette frontière ; le texte extérieur suivant ouvre une nouvelle phrase/unité indépendante.,b3ed347dba153e5287b4f32298a8692059f6ee73c490cfff16865f542ff705eb,217
241585f7ecd86511,NO_CHANGE, Et Il me murmura tout ce que sa douce Maman fit et souffrit durant cette Heure.,"Ensuite, Il m'embrassa et me dit avec une grande douceur : «",78,True,78,QUOTE_CLOSE_IS_HOST_SENTENCE_END,PASSION24.SECTION.BENEFITS.P122,78,"Ma maman, maman !",PASSION24.SECTION.BENEFITS.P122#R00,KEEP_CURRENT_BREAK,JESUS,78,La parole directe est syntaxiquement close à cette frontière ; le texte extérieur suivant ouvre une nouvelle phrase/unité indépendante.,618de3968214a522b2eb4060fe2bf1c5d72f9e062284c294c867f52b4cbe8921,78
3a7e133640a4f091,NO_CHANGE, Jésus béni ajouta : «,,157,True,157,QUOTE_CLOSE_IS_HOST_SENTENCE_END,PASSION24.SECTION.BENEFITS.P136,157,"Je Me sens dédommagé pour le mal que les autres créatures Me font et, sentant que ces âmes ne Me font aucun mal, mais plutôt du bien, Je M'appuie sur elles.",PASSION24.SECTION.BENEFITS.P136#R00,KEEP_CURRENT_BREAK,JESUS,157,La parole directe est syntaxiquement close à cette frontière ; le texte extérieur suivant ouvre une nouvelle phrase/unité indépendante.,cb98d783303cb8bebf4ca989ab4b87890bf82f6d59867fddf1d94012c24029fc,157
25bb711060d8b9e7,NO_CHANGE, Puis Il,,140,True,140,QUOTE_CLOSE_IS_HOST_SENTENCE_END,PASSION24.SECTION.BENEFITS.P149,140,"Si Je ne trouve pas ces satisfactions, ah ! Ce sera le désastre : les fléaux vont se répandre par torrents. Ah ! Ma fille ! Ah ! Ma fille !",PASSION24.SECTION.BENEFITS.P149#R00,KEEP_CURRENT_BREAK,JESUS,140,La parole directe est syntaxiquement close à cette frontière ; le texte extérieur suivant ouvre une nouvelle phrase/unité indépendante.,7a34ae5d5b22108be211dfb67e771e3f786d2bb77945ad491ba9b6fe91356c2a,140
83ccbab86ac4d01a,NO_CHANGE," ""Il est à la fois ancien et nouveau.""",,,True,,NOT_HOST_NARRATOR_RESUMPTION,PASSION24.TEXT.PART_III_MARY_SORROWS.BODY.P057,78,Oh ! Combien la Création exalte de façon admirable ce dicton Me concernant :,PASSION24.TEXT.PART_III_MARY_SORROWS.BODY.P057#R00,NOT_A_TRUE_DIRECT_SPEECH_EXIT,JESUS,78,"Le run de présentation cède ici à une citation imbriquée/mention citée, non à une reprise de la phrase porteuse de Luisa ; ce locus n’autorise aucune mutation de la classe étudiée.",11fadb1c9becbd9fd8f76160ceeffaa2929af280bbbf6f0b916618ff8166a354,78
1b526562eca34834,NO_CHANGE,.,,,True,,QUOTE_CLOSE_AT_RECORD_END,PASSION24.TEXT.PART_III_MARY_SORROWS.BODY.P069,,"Ma Mère est donc la Reine de la Création, pour avoir dépassé «le Tout»",PASSION24.TEXT.PART_III_MARY_SORROWS.BODY.P069#R00,NO_LOCAL_BREAK_REQUIRED_RECORD_END,JESUS,60|70,"Après la parole directe, il ne subsiste que ponctuation/wrapper terminal ; aucun matériau lexical extérieur ne suit dans ce record.",70aeea302df7fb63f894fb7c8780d9438a111080c5cca40b481e16814a6b51ba,
8c01070e791769b5,NO_CHANGE," ""Maman, veux-Tu faire ceci ? Veux-Tu souffrir cette peine ?""",,,True,,NOT_HOST_NARRATOR_RESUMPTION,PASSION24.TEXT.PART_III_MARY_SORROWS.BODY.P100,40,Et Je Lui demandais alors sans cesse :,PASSION24.TEXT.PART_III_MARY_SORROWS.BODY.P100#R00,NOT_A_TRUE_DIRECT_SPEECH_EXIT,JESUS,40,"Le run de présentation cède ici à une citation imbriquée/mention citée, non à une reprise de la phrase porteuse de Luisa ; ce locus n’autorise aucune mutation de la classe étudiée.",855d46aaedc6eb18b2697774946e7879c4a2991e7e1568a6895a17b329d2c88a,40
8a7ae55ea795ffcb,NO_CHANGE, »,,,True,,QUOTE_CLOSE_AT_RECORD_END,PASSION24.TEXT.PART_III_MARY_SORROWS.BODY.P180,,"Ainsi, à partir de ce coût, ils pourront connaître combien Je désire qu’ils l’acquièrent ; ils pourront l’apprécier, l’aimer et aspirer à entrer et à vivre dans le Règne de Ma Volonté Suprême.",PASSION24.TEXT.PART_III_MARY_SORROWS.BODY.P180#R00,NO_LOCAL_BREAK_REQUIRED_RECORD_END,JESUS,,"Après la parole directe, il ne subsiste que ponctuation/wrapper terminal ; aucun matériau lexical extérieur ne suit dans ce record.",1f341e7d776439ca0cba3b2f2170d578b1580ed98df82004fab8a1719d056523,
ada6172837f10058,NO_CHANGE," Il ajouta : «Au milieu de tant d'amertume que Me donnent les créatures, ces Heures sont pour Moi d'agréables petites douceurs, même si elles sont trop peu nombreuses, vu toute l'a",,195,True,195,QUOTE_CLOSE_IS_HOST_SENTENCE_END,PASSION24.TEXT.PROMISES_BENEFITS.BODY.P097,195,"Par conséquent, avec quelle attention et quel respect les âmes doivent-elles faire les Heures de la Passion, sachant que les anges sont suspendus à leurs lèvres pour répéter ce qu'elles disent !",PASSION24.TEXT.PROMISES_BENEFITS.BODY.P097#R00,KEEP_CURRENT_BREAK,JESUS,195,La parole directe est syntaxiquement close à cette frontière ; le texte extérieur suivant ouvre une nouvelle phrase/unité indépendante.,e8cf7c9532d011ddcdb3e325a8c00c4e62277f85292bcc363554f92f0f6d16a2,195
acd310e34802ee7a,NO_CHANGE," Un jour, alors que j'en étais à l'Heure où la céleste Maman participa à l'ensevelissement de Jésus, je me tenais près d'elle pour la consoler.",,217,True,217,QUOTE_CLOSE_IS_HOST_SENTENCE_END,PASSION24.TEXT.PROMISES_BENEFITS.BODY.P111,217,"Oh ! comme J'aimerais que, dans chaque ville, il y ait au moins une âme qui fasse les Heures de Ma Passion ! Je M'entendrais ainsi dans chaque ville. Et Ma Justice, si indignée en ces temps, serait en partie apaisée.",PASSION24.TEXT.PROMISES_BENEFITS.BODY.P111#R00,KEEP_CURRENT_BREAK,JESUS,217,La parole directe est syntaxiquement close à cette frontière ; le texte extérieur suivant ouvre une nouvelle phrase/unité indépendante.,b3ed347dba153e5287b4f32298a8692059f6ee73c490cfff16865f542ff705eb,217
241585f7ecd86511,NO_CHANGE, Et Il me murmura tout ce que sa douce Maman fit et souffrit durant cette Heure.,"Ensuite, Il m'embrassa et me dit avec une grande douceur : «",78,True,78,QUOTE_CLOSE_IS_HOST_SENTENCE_END,PASSION24.TEXT.PROMISES_BENEFITS.BODY.P117,78,"Ma maman, maman !",PASSION24.TEXT.PROMISES_BENEFITS.BODY.P117#R00,KEEP_CURRENT_BREAK,JESUS,78,La parole directe est syntaxiquement close à cette frontière ; le texte extérieur suivant ouvre une nouvelle phrase/unité indépendante.,618de3968214a522b2eb4060fe2bf1c5d72f9e062284c294c867f52b4cbe8921,78
3a7e133640a4f091,NO_CHANGE, Jésus béni ajouta : «,,157,True,157,QUOTE_CLOSE_IS_HOST_SENTENCE_END,PASSION24.TEXT.PROMISES_BENEFITS.BODY.P131,157,"Je Me sens dédommagé pour le mal que les autres créatures Me font et, sentant que ces âmes ne Me font aucun mal, mais plutôt du bien, Je M'appuie sur elles.",PASSION24.TEXT.PROMISES_BENEFITS.BODY.P131#R00,KEEP_CURRENT_BREAK,JESUS,157,La parole directe est syntaxiquement close à cette frontière ; le texte extérieur suivant ouvre une nouvelle phrase/unité indépendante.,cb98d783303cb8bebf4ca989ab4b87890bf82f6d59867fddf1d94012c24029fc,157
25bb711060d8b9e7,NO_CHANGE, Puis Il,,140,True,140,QUOTE_CLOSE_IS_HOST_SENTENCE_END,PASSION24.TEXT.PROMISES_BENEFITS.BODY.P144,140,"Si Je ne trouve pas ces satisfactions, ah ! Ce sera le désastre : les fléaux vont se répandre par torrents. Ah ! Ma fille ! Ah ! Ma fille !",PASSION24.TEXT.PROMISES_BENEFITS.BODY.P144#R00,KEEP_CURRENT_BREAK,JESUS,140,La parole directe est syntaxiquement close à cette frontière ; le texte extérieur suivant ouvre une nouvelle phrase/unité indépendante.,7a34ae5d5b22108be211dfb67e771e3f786d2bb77945ad491ba9b6fe91356c2a,140
fa3c4b1f26b459fa,NO_CHANGE," En disant cela, de sa sainte main, Jésus imprima ces morts d'amour en mon âme. Ensuite, Il disparut. Que tout soit pour la gloire de Dieu !",,111,True,111,QUOTE_CLOSE_IS_HOST_SENTENCE_END,PASSION24.TEXT.RELATED_HOUR_06.BODY.P033,111,Je veux Moi-même accroître ta volonté et la consumer dans la mienne afin d'imprimer en elle ces morts d'Amour.,PASSION24.TEXT.RELATED_HOUR_06.BODY.P033#R00,KEEP_CURRENT_BREAK,JESUS,111,La parole directe est syntaxiquement close à cette frontière ; le texte extérieur suivant ouvre une nouvelle phrase/unité indépendante.,27b35e712ada929b78118297d7fc554dba14fda1b6318572e41c700e353ae58a,111
14f26d9ead6354e3,NO_CHANGE," Bougeant en moi, mon doux Jésus me dit : «",,121,True,121,QUOTE_CLOSE_IS_HOST_SENTENCE_END,PASSION24.TEXT.RELATED_HOUR_06.BODY.P036,121,"Père, s'il est possible, que cette coupe passe loin de Moi. Toutefois, que non pas Ma Volonté mais la Tienne soit faite.",PASSION24.TEXT.RELATED_HOUR_06.BODY.P036#R00,KEEP_CURRENT_BREAK,JESUS,121,La parole directe est syntaxiquement close à cette frontière ; le texte extérieur suivant ouvre une nouvelle phrase/unité indépendante.,1f62146d2298f27729892e391de327598b75e862d1955694f2894e2462c263b4,121
d232b2eca1f1740b,REMOVE, ?,,49,False,,HOST_SENTENCE_CONTINUES,PASSION24.TEXT.RELATED_HOUR_06.BODY.P043,49,"Que non pas Ma Volonté mais la Tienne soit faite""",PASSION24.TEXT.RELATED_HOUR_06.BODY.P043#R00,REMOVE_BREAK_NO_REPLACEMENT,JESUS,49,Le point d’interrogation extérieur appartient à la phrase porteuse commencée au record précédent ; aucun break ne peut séparer le guillemet fermant du « ? » final.,a167c4cea985eb13e6aa55d60d9c022b26b8a3613f1d7b053339544aa694186e,49
18bc4cefc924e44c,REMOVE, ?,,49,False,,HOST_SENTENCE_CONTINUES,PASSION24.TEXT.RELATED_HOUR_06.BODY.P058,49,"Que non pas Ma volonté mais la tienne soit faite""",PASSION24.TEXT.RELATED_HOUR_06.BODY.P058#R00,REMOVE_BREAK_NO_REPLACEMENT,JESUS,49,Le point d’interrogation extérieur appartient à la phrase porteuse commencée au record précédent ; aucun break ne peut séparer le guillemet fermant du « ? » final.,f4df240dd916ae9db6393948d8bf4c6b4d3d55599473d51688697d462725c435,49
a4be02f9e9d34d66,NO_CHANGE," Pensant à ce que Jésus m'avait dit, je me disais : «",,43,True,43,QUOTE_CLOSE_IS_HOST_SENTENCE_END,PASSION24.TEXT.RELATED_HOUR_07.BODY.P036,43,Je suis tout à eux et ils sont tout à Moi.,PASSION24.TEXT.RELATED_HOUR_07.BODY.P036#R00,KEEP_CURRENT_BREAK,JESUS,43,La parole directe est syntaxiquement close à cette frontière ; le texte extérieur suivant ouvre une nouvelle phrase/unité indépendante.,a75c135d1ac345599a8d6b115c1e8e80b0e9b23550e12183941fd2d116ddd210,43
e58a9b9d51aaf8ed,NO_CHANGE," Ensuite, Jésus me dit : «Tout ce que Je te demande, c'est de rester dans la droiture et la simplicité. Ne te préoccupe pas des opinions des créatures. Laisse-les penser ce qu'elle",,268,True,268,QUOTE_CLOSE_IS_HOST_SENTENCE_END,PASSION24.TEXT.RELATED_HOUR_10.BODY.P009,268,"Si vous voulez consulter deux ou trois prêtres parmi les meilleurs, les plus saints et les plus érudits afin d'être éclairé, Je vous y autorise. Mais pour le reste, non et non ! Ce serait vouloir gâcher Mes œuvres, les tourner en risée, ce qui Me déplairait beaucoup.",PASSION24.TEXT.RELATED_HOUR_10.BODY.P009#R00,KEEP_CURRENT_BREAK,JESUS,268,La parole directe est syntaxiquement close à cette frontière ; le texte extérieur suivant ouvre une nouvelle phrase/unité indépendante.,c6748a7f3849a3d7058319b333cc0c038a0e257c46a192a2224a5e052e7f96e6,268
a1a3101e44bebf00,NO_CHANGE," Plus tard, je me suis dit : «",,422,True,422,QUOTE_CLOSE_IS_HOST_SENTENCE_END,PASSION24.TEXT.RELATED_HOUR_13.BODY.P039,422,"Ainsi, Mon emprisonnement continue et continuera encore longtemps. Nous sommes tous les deux prisonniers — toi, prisonnière dans ton lit, toute seule par amour pour Moi ; Moi, prisonnier pour toi — et, par Mon Amour, Je veux lier toutes les créatures avec les chaînes qui M'ont tenu captif. Nous nous tiendrons mutuellement compagnie et tu M'aideras à disposer des chaînes qui serviront à lier tous les cœurs à Mon Amour.",PASSION24.TEXT.RELATED_HOUR_13.BODY.P039#R00,KEEP_CURRENT_BREAK,JESUS,422,La parole directe est syntaxiquement close à cette frontière ; le texte extérieur suivant ouvre une nouvelle phrase/unité indépendante.,f53aa0754a18226ee45179be9733f5597d5b08b314bccfdfb4dbf623b4f1d713,422
71353dbd8443457b,NO_CHANGE," Plus tard, alors que je me replongeais dans la méditation, j'en étais à l'heure où mon bien-aimé Jésus était sorti de prison et amené de nouveau devant Caïphe.",,66,True,66,QUOTE_CLOSE_IS_HOST_SENTENCE_END,PASSION24.TEXT.RELATED_HOUR_14.BODY.P019,66,Les ennemis en profiteront pour invectiver davantage la religion.,PASSION24.TEXT.RELATED_HOUR_14.BODY.P019#R00,KEEP_CURRENT_BREAK,JESUS,66,La parole directe est syntaxiquement close à cette frontière ; le texte extérieur suivant ouvre une nouvelle phrase/unité indépendante.,9e29d7a86ff3b99930b7292a89a119d4dcaf05db4d11fdf8449ad57ceb5a6316,66
1cd1774cbebc91c6,NO_CHANGE," Plus tard, se montrant de nouveau à moi alors que j'étais complètement absorbée dans la Divine Volonté, Il me dit : «",,426,True,426,QUOTE_CLOSE_IS_HOST_SENTENCE_END,PASSION24.TEXT.RELATED_HOUR_15.BODY.P109,426,"Il y en a tant que J'en suis fatigué. Surtout quand, sous l'apparence du bien, on distille le poison du mal. On se paie Ma Tête comme si J'étais un amusement ou un passe-temps. Mais Ma Justice, tôt ou tard, ridiculisera et punira sévèrement ceux qui se moquent ainsi de Moi. Tu dois prier et faire réparation pour leurs moqueries qui Me causent tant de peine, ces moqueries qui M'empêchent d'être reconnu pour ce que Je suis.",PASSION24.TEXT.RELATED_HOUR_15.BODY.P109#R00,KEEP_CURRENT_BREAK,JESUS,426,La parole directe est syntaxiquement close à cette frontière ; le texte extérieur suivant ouvre une nouvelle phrase/unité indépendante.,14a5272c9efcfc0868a3374b0d78a77656e2d4e972cb750fed3df50efbf35865,426
95e58102b9575508,NO_CHANGE," Se jetant alors dans mes bras, Jésus fondit en larmes.",,140,True,140,QUOTE_CLOSE_IS_HOST_SENTENCE_END,PASSION24.TEXT.RELATED_HOUR_16.BODY.P047,140,Il foule aux pieds Ma chair et ainsi il reste rempli de blessures. Oh ! Comme Je ressens cruellement le poids de l'ingratitude des hommes !,PASSION24.TEXT.RELATED_HOUR_16.BODY.P047#R00,KEEP_CURRENT_BREAK,JESUS,140,La parole directe est syntaxiquement close à cette frontière ; le texte extérieur suivant ouvre une nouvelle phrase/unité indépendante.,ddb5c717e12022cc404c402303ca04a0713eb84d33134bfd6dfccd74047ce612,140
863452864fb4d4ab,NO_CHANGE," Qui pourrait décrire la manière de prier de Jésus et rappeler tout ce qu'Il a dit ! Ensuite, Il garda le silence et Il prit ma pauvre âme dans ses Mains en la palpant et l'examina",,250,True,250,QUOTE_CLOSE_IS_HOST_SENTENCE_END,PASSION24.TEXT.RELATED_HOUR_16.BODY.P096,250,"Mon Père, que ce Sang couvre leurs mains, afin que les actions mauvaises leur deviennent insupportables ! Que ce Sang circule dans notre Volonté éternelle pour ensuite couvrir toutes les créatures et les protéger devant les droits de notre Justice.",PASSION24.TEXT.RELATED_HOUR_16.BODY.P096#R00,KEEP_CURRENT_BREAK,JESUS,250,La parole directe est syntaxiquement close à cette frontière ; le texte extérieur suivant ouvre une nouvelle phrase/unité indépendante.,3a7f439a0c61b604fde0482b742edab436bb676e4e68e92e8b81b2872f594f26,250
76c1772c14da6945,NO_CHANGE," Je regardais mon aimable Jésus et Je pouvais voir sa tête très sainte entourée d'épines, lesquelles pénétraient dans sa tête et en sortaient.",,102,True,102,QUOTE_CLOSE_IS_HOST_SENTENCE_END,PASSION24.TEXT.RELATED_HOUR_17.BODY.P032,102,"Non seulement Je sentais les épines, mais aussi le dégoût du péché que ces épines suscitaient en Moi.",PASSION24.TEXT.RELATED_HOUR_17.BODY.P032#R00,KEEP_CURRENT_BREAK,JESUS,102,La parole directe est syntaxiquement close à cette frontière ; le texte extérieur suivant ouvre une nouvelle phrase/unité indépendante.,bb75e4e26bde7765cd903c29f131c1d35fffc9c9668505fe1ed73c854bca7890,102
579574d069b3a612,NO_CHANGE," Nous sommes partis et quand nous sommes arrivés à un endroit où il y avait beaucoup de gens, Jésus sortit Sa Tête de mon intérieur.",Jésus dit : «,51,True,51,QUOTE_CLOSE_IS_HOST_SENTENCE_END,PASSION24.TEXT.RELATED_HOUR_17.BODY.P050,51,"Allons, tu verras ce qu'elles feront.",PASSION24.TEXT.RELATED_HOUR_17.BODY.P050#R00,KEEP_CURRENT_BREAK,JESUS,51,La parole directe est syntaxiquement close à cette frontière ; le texte extérieur suivant ouvre une nouvelle phrase/unité indépendante.,b1556570f59acc497580c0ec527319b62fb9bc334f142cf20f7fe3ee92cab6e4,51
60fd55abd9786685,NO_CHANGE, «Voici l'Homme !»,Il répéta les paroles que Pilate avait dites en présentant Jésus au peuple : «,90,True,90,QUOTE_CLOSE_IS_HOST_SENTENCE_END,PASSION24.TEXT.RELATED_HOUR_17.BODY.P051,90,Ecce Homo !,PASSION24.TEXT.RELATED_HOUR_17.BODY.P051#R00,KEEP_CURRENT_BREAK,JESUS,90,La parole directe est syntaxiquement close à cette frontière ; le texte extérieur suivant ouvre une nouvelle phrase/unité indépendante.,b685d871c1b8ebb60562d3f7e53aa46978f4a68429007c2a0482cf93359c5082,90
ba1653992328bfa5,NO_CHANGE," Sur ces mots, un murmure se fit entendre.","Combien de fois cette scène s'est répétée ! Alors, le Seigneur répéta à tous : «",203,True,203,QUOTE_CLOSE_IS_HOST_SENTENCE_END,PASSION24.TEXT.RELATED_HOUR_17.BODY.P054,203,Ecce Homo !,PASSION24.TEXT.RELATED_HOUR_17.BODY.P054#R00,KEEP_CURRENT_BREAK,JESUS,203,La parole directe est syntaxiquement close à cette frontière ; le texte extérieur suivant ouvre une nouvelle phrase/unité indépendante.,42d912e4cd5e106c63110b57aadab222f9359afdcab144b8de04701748d19e81,203
2192d2cbad8f4524,NO_CHANGE," Alors, nous nous sommes trouvés au milieu de prêtres, d'évêques, de religieux et de dévots.",,95,True,95,QUOTE_CLOSE_IS_HOST_SENTENCE_END,PASSION24.TEXT.RELATED_HOUR_17.BODY.P057,95,"Pourtant, cela n'est rien. Tournons-nous du côté des religieux et voyons s'ils veulent de Moi.",PASSION24.TEXT.RELATED_HOUR_17.BODY.P057#R00,KEEP_CURRENT_BREAK,JESUS,95,La parole directe est syntaxiquement close à cette frontière ; le texte extérieur suivant ouvre une nouvelle phrase/unité indépendante.,ca2df7f69551cbbe7ab9ab2a0de7bdd3049e1a959ef38c28e2613a55e2198034,95
4a943cb0513430df,NO_CHANGE," Certains dirent : «Nous Le voulons, mais nous voulons aussi notre confort.» D'autres dirent : «Nous Le voulons, mais avec nos intérêts.» D'autres dirent : «Nous Le voulons, mais a","Avec une voix sonore, Jésus répéta : «",50,True,50,QUOTE_CLOSE_IS_HOST_SENTENCE_END,PASSION24.TEXT.RELATED_HOUR_17.BODY.P058,50,Ecce Homo !,PASSION24.TEXT.RELATED_HOUR_17.BODY.P058#R00,KEEP_CURRENT_BREAK,JESUS,50,La parole directe est syntaxiquement close à cette frontière ; le texte extérieur suivant ouvre une nouvelle phrase/unité indépendante.,cd60b2ae15588ce08032d6162959ed7a01568206d3154ef5c2fa960aff0d972e,50
fab8c69730faf4cc,NO_CHANGE, ;,,,True,,QUOTE_CLOSE_AT_RECORD_END,PASSION24.TEXT.RELATED_HOUR_17.BODY.P073,,Et Je ressentis autant de morts que le nombre de cris «Crucifie-Le»,PASSION24.TEXT.RELATED_HOUR_17.BODY.P073#R00,NO_LOCAL_BREAK_REQUIRED_RECORD_END,JESUS,53|67,"Après la parole directe, il ne subsiste que ponctuation/wrapper terminal ; aucun matériau lexical extérieur ne suit dans ce record.",70e33876c8f3932f34f7140d7d53b70ff347a5a0825dd92586c5eca9e5fe9f5d,
041360e8ee230c7d,NO_CHANGE," """,,,True,,QUOTE_CLOSE_AT_RECORD_END,PASSION24.TEXT.RELATED_HOUR_17.BODY.P141,,"Ma fille, dis-Moi, quel est-Il ton idéal, ton objectif ?",PASSION24.TEXT.RELATED_HOUR_17.BODY.P141#R00,NO_LOCAL_BREAK_REQUIRED_RECORD_END,JESUS,,"Après la parole directe, il ne subsiste que ponctuation/wrapper terminal ; aucun matériau lexical extérieur ne suit dans ce record.",53c7855fdaf433deaaeaa1a9085d00b419136d241f43f61c6202433dbec15471,
ae2f5d979e304c92,NO_CHANGE," Je lui dis : «Mais, Jésus très saint, après le grand sacrifice que j'avais fait, ces gens s'en allaient faire du commérage. L'obéissance a justement interdit la venue de ces gens.",,274,True,274,QUOTE_CLOSE_IS_HOST_SENTENCE_END,PASSION24.TEXT.RELATED_HOUR_18.BODY.P072,274,"Quant à toi, Je t'ai donné beaucoup de Lumière sur les voies intérieures et Je t'ai fait comprendre la Vérité sur les vraies Vertus et le vrai Amour. Ainsi Je pouvais par ta bouche faire comprendre aux autres la Vérité sur les vrais chemins des Vertus. Je M'en réjouissais.",PASSION24.TEXT.RELATED_HOUR_18.BODY.P072#R00,KEEP_CURRENT_BREAK,JESUS,274,La parole directe est syntaxiquement close à cette frontière ; le texte extérieur suivant ouvre une nouvelle phrase/unité indépendante.,c780030c61d806fb214e5a67a98969e19c9cd7c892b46c024ab0bcbdb09f21a0,274
8d29b3537c37a0a8,NO_CHANGE, Seul Jésus sait ce que j'ai alors souffert.,,151,True,151,QUOTE_CLOSE_IS_HOST_SENTENCE_END,PASSION24.TEXT.RELATED_HOUR_19.BODY.P067,151,"Ma fille, sois patiente, tu vas souffrir davantage. C'est la souffrance la plus pénible. Mais c'est ton Jésus, ta Vie, qui veut ce soulagement de toi.",PASSION24.TEXT.RELATED_HOUR_19.BODY.P067#R00,KEEP_CURRENT_BREAK,JESUS,151,La parole directe est syntaxiquement close à cette frontière ; le texte extérieur suivant ouvre une nouvelle phrase/unité indépendante.,4577dc869f43e580bf03ae45452b3ffbb54d92e9791b5891f7a7bec34161574f,151
9077a8c6ef098c8c,NO_CHANGE," En disant cela, Il continua de souffler.",,317,True,317,QUOTE_CLOSE_IS_HOST_SENTENCE_END,PASSION24.TEXT.RELATED_HOUR_19.BODY.P074,317,"Le mal est si répandu que ces deux feux sont prêts à s'unir et la peine que Je t'ai fait éprouver se place entre ces deux feux pour les empêcher de s'unir. Si ce n'était pas de cela, la pauvre humanité tout entière connaîtrait sa fin. C'est pourquoi, laisse-Moi continuer ; Je serai avec toi pour te donner la force.",PASSION24.TEXT.RELATED_HOUR_19.BODY.P074#R00,KEEP_CURRENT_BREAK,JESUS,317,La parole directe est syntaxiquement close à cette frontière ; le texte extérieur suivant ouvre une nouvelle phrase/unité indépendante.,4b42e11860cc612072e8b64ca52279ec1e2a12676daaeced1141e195ae565c42,317
5c0c196ea0b59b8c,NO_CHANGE," Plus tard, en recevant l'absolution de mon confesseur, je me disais : «",,105,True,105,QUOTE_CLOSE_IS_HOST_SENTENCE_END,PASSION24.TEXT.RELATED_HOUR_20.BODY.P015,105,Je vais déposer en toi tout ce que la Volonté suprême a fait en Moi afin que tu puisses tout reproduire.,PASSION24.TEXT.RELATED_HOUR_20.BODY.P015#R00,KEEP_CURRENT_BREAK,JESUS,105,La parole directe est syntaxiquement close à cette frontière ; le texte extérieur suivant ouvre une nouvelle phrase/unité indépendante.,4975b104698e473048735269834389242d97d5f24a3d35b6880238972eda3e3a,105
b45dbd944c3c8076,NO_CHANGE," Puis, Il disparut. Quelques heures plus tard, Il revint et ajouta : «",,108,True,108,QUOTE_CLOSE_IS_HOST_SENTENCE_END,PASSION24.TEXT.RELATED_HOUR_20.BODY.P023,108,"Étant dans Ma Volonté, le Ciel est l'écho de tous Mes actes, c'est-à-dire qu'il répète tout ce que Je fais.",PASSION24.TEXT.RELATED_HOUR_20.BODY.P023#R00,KEEP_CURRENT_BREAK,JESUS,108,La parole directe est syntaxiquement close à cette frontière ; le texte extérieur suivant ouvre une nouvelle phrase/unité indépendante.,aad0576b9088c062d9a47e893f8f3b1d1514d71113f6460583bf50207371f6f4,108
7563b9f76d383404,NO_CHANGE," Cela dit, Il approcha sa Bouche de la mienne et, presque en tremblant, je Lui donnai mon baiser. Celui-ci produisit un Son harmonieux jamais entendu auparavant, qui s'éleva très h",,313,True,313,QUOTE_CLOSE_IS_HOST_SENTENCE_END,PASSION24.TEXT.RELATED_HOUR_20.BODY.P024,313,"Ma fille, rends-Moi le baiser que Je t'ai donné. Car tout le Ciel, Ma Mère, le Père céleste et l'Esprit Saint attendent ce retour. En effet, comme, à travers Ma Volonté, un acte issu d'Eux a rejoint une créature en exil, ils languissent après un retour de la part de cette créature, à travers cette même Volonté.",PASSION24.TEXT.RELATED_HOUR_20.BODY.P024#R00,KEEP_CURRENT_BREAK,JESUS,313,La parole directe est syntaxiquement close à cette frontière ; le texte extérieur suivant ouvre une nouvelle phrase/unité indépendante.,f06b85ef7b574bc100e894d80bb6ea09b0fc5741720b0a897f362a6e5fe8cf2f,313
a9b604580336ffe3,NO_CHANGE," Ensuite, Il disparut. Quant à moi, je me fusionnai dans la Volonté Divine en m'attristant pour chacune des offenses faites à mon Jésus par les humains, du premier homme venu sur l",,413,True,413,QUOTE_CLOSE_IS_HOST_SENTENCE_END,PASSION24.TEXT.RELATED_HOUR_20.BODY.P028,413,"Un tel acte doit avoir un retour, sans quoi, tous auraient de la peine en constatant qu'un Acte divin auquel ils ont participé n'a pas eu de retour. À l'instar d'un fort son de cloche, un Acte fait dans Ma Volonté attire d'abord l'attention de tous, puis se répète et se répète avec douceur. À travers lui, tous décèlent une âme agissant dans Ma Volonté et elles reçoivent la gloire et l'honneur d'un Acte divin.",PASSION24.TEXT.RELATED_HOUR_20.BODY.P028#R00,KEEP_CURRENT_BREAK,JESUS,413,La parole directe est syntaxiquement close à cette frontière ; le texte extérieur suivant ouvre une nouvelle phrase/unité indépendante.,0b59ba62e1fc1dfa47778bc6c91b1435e901f8a5378f09b843ef655ed05a584b,413
8485c6431927bd5a,NO_CHANGE, Je repris : «Non ! Et que cela ne soit jamais !»,"À l'instant, Il me dit : «",94,True,94,QUOTE_CLOSE_IS_HOST_SENTENCE_END,PASSION24.TEXT.RELATED_HOUR_21.BODY.P059,94,Aurais-Tu par hasard cessé de M'aimer et de vivre dans Ma Volonté ?,PASSION24.TEXT.RELATED_HOUR_21.BODY.P059#R00,KEEP_CURRENT_BREAK,JESUS,94,La parole directe est syntaxiquement close à cette frontière ; le texte extérieur suivant ouvre une nouvelle phrase/unité indépendante.,c71e49e81a8b1a1f7087ded1126ff281b1316e043f1cb53041df89b37275bc92,94
05ded5ff68788f06,NO_CHANGE," Cela dit, Il disparut.",,282,True,282,QUOTE_CLOSE_IS_HOST_SENTENCE_END,PASSION24.TEXT.RELATED_HOUR_21.BODY.P090,282,"Ô Père, accepte sa souffrance unie à celle que J'ai ressentie sur la Croix quand J'étais complètement abandonné, même par toi. Accorde que la privation de Ma Présence qu'elle ressent soit Lumière et Vie divine pour les âmes et leur procure tout ce que J'ai mérité par Mon abandon !",PASSION24.TEXT.RELATED_HOUR_21.BODY.P090#R00,KEEP_CURRENT_BREAK,JESUS,282,La parole directe est syntaxiquement close à cette frontière ; le texte extérieur suivant ouvre une nouvelle phrase/unité indépendante.,fae3803d3cbc836e62fa888d1d869731533612286d450ea372974c9b7d2eba08,282
9fafb4b7d9f4371f,NO_CHANGE,",",,,True,,QUOTE_CLOSE_AT_RECORD_END,PASSION24.TEXT.RELATED_HOUR_22.BODY.P065,,De même que Mon Humanité disloquée et blessée n’avait qu’un seul cri : « J’ai soif »,PASSION24.TEXT.RELATED_HOUR_22.BODY.P065#R00,NO_LOCAL_BREAK_REQUIRED_RECORD_END,JESUS,70|84,"Après la parole directe, il ne subsiste que ponctuation/wrapper terminal ; aucun matériau lexical extérieur ne suit dans ce record.",579daa54a60c77ff72f03aa2d964b2bb3ea68d792547ce0f550161ee4782705c,
e9f3816fd3dade3c,NO_CHANGE," Une autre fois, Je me plaignais à Jésus en constatant qu'après tant de sacrifices pour écrire ces Heures, très peu d'âmes les font.",Il me dit : «,369,True,369,QUOTE_CLOSE_IS_HOST_SENTENCE_END,PASSION24.TEXT.RELATED_HOUR_24.BODY.P010,369,"S'ils les font avec Moi dans Ma Volonté, Je leur donnerai aussi une âme pour chaque mot qu'ils réciteront. En fait, l'effet sera petit ou grand suivant la grandeur de leur union avec Moi. En les faisant dans Ma Volonté, la créature se cache en Elle. Comme c'est Ma Volonté qui agit, Je peux produire tous les biens que Je veux, même à travers un seul Mot.",PASSION24.TEXT.RELATED_HOUR_24.BODY.P010#R00,KEEP_CURRENT_BREAK,JESUS,369,La parole directe est syntaxiquement close à cette frontière ; le texte extérieur suivant ouvre une nouvelle phrase/unité indépendante.,f8270e105f0c54897e01300c021b41b1ccd2f8f437049039435001ec38c6ab6b,369
acd310e34802ee7a,NO_CHANGE," Un jour, alors que j'en étais à l'Heure où la céleste Maman participa à l'ensevelissement de Jésus, je me tenais près d'elle pour la consoler.",,217,True,217,QUOTE_CLOSE_IS_HOST_SENTENCE_END,PASSION24.TEXT.RELATED_HOUR_24.BODY.P017,217,"Oh ! comme J'aimerais que, dans chaque ville, il y ait au moins une âme qui fasse les Heures de Ma Passion ! Je M'entendrais ainsi dans chaque ville. Et Ma Justice, si indignée en ces temps, serait en partie apaisée.",PASSION24.TEXT.RELATED_HOUR_24.BODY.P017#R00,KEEP_CURRENT_BREAK,JESUS,217,La parole directe est syntaxiquement close à cette frontière ; le texte extérieur suivant ouvre une nouvelle phrase/unité indépendante.,b3ed347dba153e5287b4f32298a8692059f6ee73c490cfff16865f542ff705eb,217
fffac29f0d9113d9,NO_CHANGE, Et Il me murmura tout ce que sa douce Maman fit et souffrit durant cette Heure.,"ère comme une mère. Ensuite, Il m'embrassa et me dit avec une grande douceur : «",218,True,218,QUOTE_CLOSE_IS_HOST_SENTENCE_END,PASSION24.TEXT.RELATED_HOUR_24.BODY.P022,218,"Ma maman, maman !",PASSION24.TEXT.RELATED_HOUR_24.BODY.P022#R00,KEEP_CURRENT_BREAK,JESUS,218,La parole directe est syntaxiquement close à cette frontière ; le texte extérieur suivant ouvre une nouvelle phrase/unité indépendante.,eeb0a08a26255af4a997b65f5037e53c05636623c99e429ca3596565c2e2471b,218
1f6cb2e9aebdff56,NO_CHANGE,.,,,True,,QUOTE_CLOSE_AT_RECORD_END,PASSION24.TEXT.SHARED_T09_1910_07_04_AGONY_CROSS_LAST_BREATH.BODY.P009,,"En voyant que plusieurs allaient passer outre à ce désir, dans un profond chagrin, J'ai crié «Sitio !»",PASSION24.TEXT.SHARED_T09_1910_07_04_AGONY_CROSS_LAST_BREATH.BODY.P009#R00,NO_LOCAL_BREAK_REQUIRED_RECORD_END,JESUS,92|102,"Après la parole directe, il ne subsiste que ponctuation/wrapper terminal ; aucun matériau lexical extérieur ne suit dans ce record.",f7f5f495664f94bb91d42cc59e75f26d588968abeb5b4106fedb16b8185e52c2,
113b1cfd71263999,NO_CHANGE,"Il est à la fois ancien et nouveau.""","Oh ! Combien la Création exalte de façon admirable ce dicton Me concernant : """,78,True,78,NESTED_QUOTE_OPENING_BOUNDARY,PASSION24.TEXT.PART_III_MARY_SORROWS.BODY.P057,78,,PASSION24.TEXT.PART_III_MARY_SORROWS.BODY.P057#B78,NOT_A_TRUE_DIRECT_SPEECH_EXIT,,78,"Break à l’ouverture d’une citation imbriquée, pas à la fermeture d’une parole directe ; hors classe de mutation.",11fadb1c9becbd9fd8f76160ceeffaa2929af280bbbf6f0b916618ff8166a354,78
0c9de51fa6eb5b81,NO_CHANGE,"Maman, veux-Tu faire ceci ? Veux-Tu souffrir cette peine ?""","Et Je Lui demandais alors sans cesse : """,40,True,40,NESTED_QUOTE_OPENING_BOUNDARY,PASSION24.TEXT.PART_III_MARY_SORROWS.BODY.P100,40,,PASSION24.TEXT.PART_III_MARY_SORROWS.BODY.P100#B40,NOT_A_TRUE_DIRECT_SPEECH_EXIT,,40,"Break à l’ouverture d’une citation imbriquée, pas à la fermeture d’une parole directe ; hors classe de mutation.",855d46aaedc6eb18b2697774946e7879c4a2991e7e1568a6895a17b329d2c88a,40
b8fea56b62033e76,NO_CHANGE,»,"ue toutes les créatures Me doivent, et apporte toutes ces bénédictions à Mon Cœur tendre et blessé.""",317,True,,CROSS_RECORD_BOUNDARY,PASSION24.TEXT.RELATED_HOUR_01.BODY.P047,317,,PASSION24.TEXT.RELATED_HOUR_01.BODY.P047#B317,NOT_A_TRUE_DIRECT_SPEECH_EXIT,,317,Break de handoff/wrapper cross-record ; il n’est pas une fermeture de parole directe suivie d’une reprise intra-record.,07637a43ae3504ce9f3b84b5787946729fd33f34d85ca691a31534576e681c6e,317
a1e660f5a262e4d0,NO_CHANGE, «,"Ainsi, de toutes les choses, J'entendrai l'écho de la Divine Volonté.",69,True,,CROSS_RECORD_BOUNDARY,PASSION24.TEXT.RELATED_HOUR_06.BODY.P011,69,,PASSION24.TEXT.RELATED_HOUR_06.BODY.P011#B69,NOT_A_TRUE_DIRECT_SPEECH_EXIT,,69,Break de handoff/wrapper cross-record ; il n’est pas une fermeture de parole directe suivie d’une reprise intra-record.,df3bce6bc5fa308672f83c9482ee095481e57ba5a4d46bc4947c426127183721,69
256e12365265a63d,NO_CHANGE,»,"églises, Je te dis : ""N'es-Tu pas Ma vraie prison d'Amour ? Cherche-Moi dans ton cœur et aime-Moi !""",162,True,,CROSS_RECORD_BOUNDARY,PASSION24.TEXT.RELATED_HOUR_13.BODY.P013,162,,PASSION24.TEXT.RELATED_HOUR_13.BODY.P013#B162,NOT_A_TRUE_DIRECT_SPEECH_EXIT,,162,Break de handoff/wrapper cross-record ; il n’est pas une fermeture de parole directe suivie d’une reprise intra-record.,850228d7801c4357cbd34d667ad142e7fd34f9379bdec35cb28caba81e16fc35,162
6a5889a4f54c78a6,NO_CHANGE, «,"Lorsque la créature marche, Je crie à ses pas, la bouche brûlante :",67,True,,CROSS_RECORD_BOUNDARY,PASSION24.TEXT.RELATED_HOUR_22.BODY.P066,67,,PASSION24.TEXT.RELATED_HOUR_22.BODY.P066#B67,NOT_A_TRUE_DIRECT_SPEECH_EXIT,,67,Break de handoff/wrapper cross-record ; il n’est pas une fermeture de parole directe suivie d’une reprise intra-record.,5285761b107072dc1ecfc0e41a0deeb465eece6b97905d87d88be332cb90e4bd,67
fa29fc996c5bbf78,NO_CHANGE, «,e que J’ai fait et dit dans Ma Volonté qui est toujours dans l’acte de dire à Ma douloureuse Maman :,153,True,,CROSS_RECORD_BOUNDARY,PASSION24.TEXT.RELATED_HOUR_22.BODY.P076,153,,PASSION24.TEXT.RELATED_HOUR_22.BODY.P076#B153,NOT_A_TRUE_DIRECT_SPEECH_EXIT,,26|153,Break de handoff/wrapper cross-record ; il n’est pas une fermeture de parole directe suivie d’une reprise intra-record.,ddcd98c1466f027347ba2b693a18e39a1c7b6bfb09cb50afea707af63fa217aa,153
