candidate_id,new_break_required,reason,source,status
PASSION24.TEXT.PART_III_MARY_SORROWS.BODY.P057#R00,False,"Le run de présentation cède ici à une citation imbriquée/mention citée, non à une reprise de la phrase porteuse de Luisa ; ce locus n’autorise aucune mutation de la classe étudiée.",SPP_RUN_EXIT_WITHOUT_NEARBY_BREAK,NOT_A_TRUE_DIRECT_SPEECH_EXIT
PASSION24.TEXT.PART_III_MARY_SORROWS.BODY.P069#R00,False,"Après la parole directe, il ne subsiste que ponctuation/wrapper terminal ; aucun matériau lexical extérieur ne suit dans ce record.",SPP_RUN_EXIT_WITHOUT_NEARBY_BREAK,NO_LOCAL_BREAK_REQUIRED_RECORD_END
PASSION24.TEXT.PART_III_MARY_SORROWS.BODY.P100#R00,False,"Le run de présentation cède ici à une citation imbriquée/mention citée, non à une reprise de la phrase porteuse de Luisa ; ce locus n’autorise aucune mutation de la classe étudiée.",SPP_RUN_EXIT_WITHOUT_NEARBY_BREAK,NOT_A_TRUE_DIRECT_SPEECH_EXIT
PASSION24.TEXT.PART_III_MARY_SORROWS.BODY.P180#R00,False,"Après la parole directe, il ne subsiste que ponctuation/wrapper terminal ; aucun matériau lexical extérieur ne suit dans ce record.",SPP_RUN_EXIT_WITHOUT_NEARBY_BREAK,NO_LOCAL_BREAK_REQUIRED_RECORD_END
PASSION24.TEXT.RELATED_HOUR_17.BODY.P073#R00,False,"Après la parole directe, il ne subsiste que ponctuation/wrapper terminal ; aucun matériau lexical extérieur ne suit dans ce record.",SPP_RUN_EXIT_WITHOUT_NEARBY_BREAK,NO_LOCAL_BREAK_REQUIRED_RECORD_END
PASSION24.TEXT.RELATED_HOUR_17.BODY.P141#R00,False,"Après la parole directe, il ne subsiste que ponctuation/wrapper terminal ; aucun matériau lexical extérieur ne suit dans ce record.",SPP_RUN_EXIT_WITHOUT_NEARBY_BREAK,NO_LOCAL_BREAK_REQUIRED_RECORD_END
PASSION24.TEXT.RELATED_HOUR_22.BODY.P065#R00,False,"Après la parole directe, il ne subsiste que ponctuation/wrapper terminal ; aucun matériau lexical extérieur ne suit dans ce record.",SPP_RUN_EXIT_WITHOUT_NEARBY_BREAK,NO_LOCAL_BREAK_REQUIRED_RECORD_END
PASSION24.TEXT.SHARED_T09_1910_07_04_AGONY_CROSS_LAST_BREATH.BODY.P009#R00,False,"Après la parole directe, il ne subsiste que ponctuation/wrapper terminal ; aucun matériau lexical extérieur ne suit dans ce record.",SPP_RUN_EXIT_WITHOUT_NEARBY_BREAK,NO_LOCAL_BREAK_REQUIRED_RECORD_END
SPEECH_DATA_NONEXACT_SPAN_DIAGNOSTIC,False,1649 non-exact raw spans are wholly contained inside same-speaker governed presentation runs; uncovered=0.,SPEECH_DATA_vs_SPP,PASS
